peg No. (within edit),PAM No.,Edit Position (sat. area),PAM,Strand,Edit,LHA,Spacer,RTTs,PBS,RHA,Filler,Complete epegRNA,Length (bp),Complete epegRNA (SF),Length (bp) (SF),Reference Sequence,PRIDICT2.0 Score
1,1,1,CGG,(-),T>A,ATCTTGTGGAAAGGACGAGGTACCG,GCCGTTAATGCCCATGGTTT,GAAGAAAGCCCGtCTTATAGCCAGTAATGTCACCGAAA,CCATGGGCAT,CGCGGTTCTATCTAGTTACGCGTTA,GTTTCGAGACGGTAGAGGCTCGTCTCGGTGC,"0    ATCTTGTGGAAAGGACGAGGTACCGGCCGTTAATGCCCATGGTTTG...
Name: Filler, dtype: object",1,ATCTTGTGGAAAGGACGAGGTACCGGCCGTTAATGCCCATGGTTTGTTTCAGAGCTATGCTGGAAACAGCATAGCAAGTTGAAATAAGGCTAGTCCGTTATCAACTTGAAAAAGTGGCACCGAGTCGGTGCGAAGAAAGCCCGtCTTATAGCCAGTAATGTCACCGAAACCATGGGCATCGCGGTTCTATCTAGTTACGCGTTA,204,GTAGGCACTGCCGTTAATGCCCATGGTTTCGGTGACATTACTGGCTATAAGaCGGGCTTTCTTCAGAGCGTCAATAAAGTCAGCAGAGGTCTGCAGCAC,73.9527940750122
2,1,1,CGG,(-),T>C,ATCTTGTGGAAAGGACGAGGTACCG,GCCGTTAATGCCCATGGTTT,GAAGAAAGCCCGgCTTATAGCCAGTAATGTCACCGAAA,CCATGGGCAT,CGCGGTTCTATCTAGTTACGCGTTA,GTTTCGAGACGCGAGCCCGTCGTCTCGGTGC,"0    ATCTTGTGGAAAGGACGAGGTACCGGCCGTTAATGCCCATGGTTTG...
Name: Filler, dtype: object",1,ATCTTGTGGAAAGGACGAGGTACCGGCCGTTAATGCCCATGGTTTGTTTCAGAGCTATGCTGGAAACAGCATAGCAAGTTGAAATAAGGCTAGTCCGTTATCAACTTGAAAAAGTGGCACCGAGTCGGTGCGAAGAAAGCCCGgCTTATAGCCAGTAATGTCACCGAAACCATGGGCATCGCGGTTCTATCTAGTTACGCGTTA,204,GTAGGCACTGCCGTTAATGCCCATGGTTTCGGTGACATTACTGGCTATAAGcCGGGCTTTCTTCAGAGCGTCAATAAAGTCAGCAGAGGTCTGCAGCAC,74.54187870025635
2,1,2,CGG,(-),G>C,ATCTTGTGGAAAGGACGAGGTACCG,GCCGTTAATGCCCATGGTTT,GAAGAAAGCCCGAgTTATAGCCAGTAATGTCACCGAAA,CCATGGGCAT,CGCGGTTCTATCTAGTTACGCGTTA,GTTTCGAGACGGCCGCGGACCGTCTCGGTGC,"0    ATCTTGTGGAAAGGACGAGGTACCGGCCGTTAATGCCCATGGTTTG...
Name: Filler, dtype: object",1,ATCTTGTGGAAAGGACGAGGTACCGGCCGTTAATGCCCATGGTTTGTTTCAGAGCTATGCTGGAAACAGCATAGCAAGTTGAAATAAGGCTAGTCCGTTATCAACTTGAAAAAGTGGCACCGAGTCGGTGCGAAGAAAGCCCGAgTTATAGCCAGTAATGTCACCGAAACCATGGGCATCGCGGTTCTATCTAGTTACGCGTTA,204,GTAGGCACTGCCGTTAATGCCCATGGTTTCGGTGACATTACTGGCTATAAcTCGGGCTTTCTTCAGAGCGTCAATAAAGTCAGCAGAGGTCTGCAGCAC,74.6708631515503
2,1,3,CGG,(-),A>G,ATCTTGTGGAAAGGACGAGGTACCG,GCCGTTAATGCCCATGGTTT,GAAGAAAGCCCGACcTATAGCCAGTAATGTCACCGAAA,CCATGGGCAT,CGCGGTTCTATCTAGTTACGCGTTA,GTTTCGAGACGTACCATATTCGTCTCGGTGC,"0    ATCTTGTGGAAAGGACGAGGTACCGGCCGTTAATGCCCATGGTTTG...
Name: Filler, dtype: object",1,ATCTTGTGGAAAGGACGAGGTACCGGCCGTTAATGCCCATGGTTTGTTTCAGAGCTATGCTGGAAACAGCATAGCAAGTTGAAATAAGGCTAGTCCGTTATCAACTTGAAAAAGTGGCACCGAGTCGGTGCGAAGAAAGCCCGACcTATAGCCAGTAATGTCACCGAAACCATGGGCATCGCGGTTCTATCTAGTTACGCGTTA,204,GTAGGCACTGCCGTTAATGCCCATGGTTTCGGTGACATTACTGGCTATAgGTCGGGCTTTCTTCAGAGCGTCAATAAAGTCAGCAGAGGTCTGCAGCAC,75.59164762496948
2,1,3,CGG,(-),A>C,ATCTTGTGGAAAGGACGAGGTACCG,GCCGTTAATGCCCATGGTTT,CCCGACgTATAGCCAGTAATGTCACCGAAA,CCATGGGCAT,CGCGGTTCTATCTAGTTACGCGTTA,GTTTCGAGACGTGTTGAATTCGTCTCGGTGC,"0    ATCTTGTGGAAAGGACGAGGTACCGGCCGTTAATGCCCATGGTTTG...
Name: Filler, dtype: object",1,ATCTTGTGGAAAGGACGAGGTACCGGCCGTTAATGCCCATGGTTTGTTTCAGAGCTATGCTGGAAACAGCATAGCAAGTTGAAATAAGGCTAGTCCGTTATCAACTTGAAAAAGTGGCACCGAGTCGGTGCCCCGACgTATAGCCAGTAATGTCACCGAAACCATGGGCATCGCGGTTCTATCTAGTTACGCGTTA,196,GTAGGCACTGCCGTTAATGCCCATGGTTTCGGTGACATTACTGGCTATAcGTCGGGCTTTCTTCAGAGCGTCAATAAAGTCAGCAGAGGTCTGCAGCAC,75.94414353370667
1,1,2,CGG,(-),G>A,ATCTTGTGGAAAGGACGAGGTACCG,GCCGTTAATGCCCATGGTTT,GAAGAAAGCCCGAtTTATAGCCAGTAATGTCACCGAAA,CCATGGGCAT,CGCGGTTCTATCTAGTTACGCGTTA,GTTTCGAGACGAAGATGGGACGTCTCGGTGC,"0    ATCTTGTGGAAAGGACGAGGTACCGGCCGTTAATGCCCATGGTTTG...
Name: Filler, dtype: object",1,ATCTTGTGGAAAGGACGAGGTACCGGCCGTTAATGCCCATGGTTTGTTTCAGAGCTATGCTGGAAACAGCATAGCAAGTTGAAATAAGGCTAGTCCGTTATCAACTTGAAAAAGTGGCACCGAGTCGGTGCGAAGAAAGCCCGAtTTATAGCCAGTAATGTCACCGAAACCATGGGCATCGCGGTTCTATCTAGTTACGCGTTA,204,GTAGGCACTGCCGTTAATGCCCATGGTTTCGGTGACATTACTGGCTATAAaTCGGGCTTTCTTCAGAGCGTCAATAAAGTCAGCAGAGGTCTGCAGCAC,72.13451862335205
4,1,2,CGG,(-),G>T,ATCTTGTGGAAAGGACGAGGTACCG,GCCGTTAATGCCCATGGTTT,GAAGAAAGCCCGAaTTATAGCCAGTAATGTCACCGAAA,CCATGGGCAT,CGCGGTTCTATCTAGTTACGCGTTA,GTTTCGAGACGATGAAGTTTCGTCTCGGTGC,"0    ATCTTGTGGAAAGGACGAGGTACCGGCCGTTAATGCCCATGGTTTG...
Name: Filler, dtype: object",1,ATCTTGTGGAAAGGACGAGGTACCGGCCGTTAATGCCCATGGTTTGTTTCAGAGCTATGCTGGAAACAGCATAGCAAGTTGAAATAAGGCTAGTCCGTTATCAACTTGAAAAAGTGGCACCGAGTCGGTGCGAAGAAAGCCCGAaTTATAGCCAGTAATGTCACCGAAACCATGGGCATCGCGGTTCTATCTAGTTACGCGTTA,204,GTAGGCACTGCCGTTAATGCCCATGGTTTCGGTGACATTACTGGCTATAAtTCGGGCTTTCTTCAGAGCGTCAATAAAGTCAGCAGAGGTCTGCAGCAC,74.44816529750824
2,1,4,CGG,(-),A>T,ATCTTGTGGAAAGGACGAGGTACCG,GCCGTTAATGCCCATGGTTT,CCCGACTaATAGCCAGTAATGTCACCGAAA,CCATGGGCAT,CGCGGTTCTATCTAGTTACGCGTTA,GTTTCGAGACGTTTATCGTTCGTCTCGGTGC,"0    ATCTTGTGGAAAGGACGAGGTACCGGCCGTTAATGCCCATGGTTTG...
Name: Filler, dtype: object",1,ATCTTGTGGAAAGGACGAGGTACCGGCCGTTAATGCCCATGGTTTGTTTCAGAGCTATGCTGGAAACAGCATAGCAAGTTGAAATAAGGCTAGTCCGTTATCAACTTGAAAAAGTGGCACCGAGTCGGTGCCCCGACTaATAGCCAGTAATGTCACCGAAACCATGGGCATCGCGGTTCTATCTAGTTACGCGTTA,196,GTAGGCACTGCCGTTAATGCCCATGGTTTCGGTGACATTACTGGCTATtAGTCGGGCTTTCTTCAGAGCGTCAATAAAGTCAGCAGAGGTCTGCAGCAC,76.60750448703766
1,1,4,CGG,(-),A>G,ATCTTGTGGAAAGGACGAGGTACCG,GCCGTTAATGCCCATGGTTT,CCCGACTcATAGCCAGTAATGTCACCGAAA,CCATGGGCAT,CGCGGTTCTATCTAGTTACGCGTTA,GTTTCGAGACGACAGGGGTGCGTCTCGGTGC,"0    ATCTTGTGGAAAGGACGAGGTACCGGCCGTTAATGCCCATGGTTTG...
Name: Filler, dtype: object",1,ATCTTGTGGAAAGGACGAGGTACCGGCCGTTAATGCCCATGGTTTGTTTCAGAGCTATGCTGGAAACAGCATAGCAAGTTGAAATAAGGCTAGTCCGTTATCAACTTGAAAAAGTGGCACCGAGTCGGTGCCCCGACTcATAGCCAGTAATGTCACCGAAACCATGGGCATCGCGGTTCTATCTAGTTACGCGTTA,196,GTAGGCACTGCCGTTAATGCCCATGGTTTCGGTGACATTACTGGCTATgAGTCGGGCTTTCTTCAGAGCGTCAATAAAGTCAGCAGAGGTCTGCAGCAC,77.19959914684296
3,1,3,CGG,(-),A>T,ATCTTGTGGAAAGGACGAGGTACCG,GCCGTTAATGCCCATGGTTT,CCCGACaTATAGCCAGTAATGTCACCGAAA,CCATGGGCAT,CGCGGTTCTATCTAGTTACGCGTTA,GTTTCGAGACGCCTTTCAGCCGTCTCGGTGC,"0    ATCTTGTGGAAAGGACGAGGTACCGGCCGTTAATGCCCATGGTTTG...
Name: Filler, dtype: object",1,ATCTTGTGGAAAGGACGAGGTACCGGCCGTTAATGCCCATGGTTTGTTTCAGAGCTATGCTGGAAACAGCATAGCAAGTTGAAATAAGGCTAGTCCGTTATCAACTTGAAAAAGTGGCACCGAGTCGGTGCCCCGACaTATAGCCAGTAATGTCACCGAAACCATGGGCATCGCGGTTCTATCTAGTTACGCGTTA,196,GTAGGCACTGCCGTTAATGCCCATGGTTTCGGTGACATTACTGGCTATAtGTCGGGCTTTCTTCAGAGCGTCAATAAAGTCAGCAGAGGTCTGCAGCAC,75.69651901721954
2,1,4,CGG,(-),A>C,ATCTTGTGGAAAGGACGAGGTACCG,GCCGTTAATGCCCATGGTTT,CCCGACTgATAGCCAGTAATGTCACCGAAA,CCATGGGCAT,CGCGGTTCTATCTAGTTACGCGTTA,GTTTCGAGACGGTTAAGTCGCGTCTCGGTGC,"0    ATCTTGTGGAAAGGACGAGGTACCGGCCGTTAATGCCCATGGTTTG...
Name: Filler, dtype: object",1,ATCTTGTGGAAAGGACGAGGTACCGGCCGTTAATGCCCATGGTTTGTTTCAGAGCTATGCTGGAAACAGCATAGCAAGTTGAAATAAGGCTAGTCCGTTATCAACTTGAAAAAGTGGCACCGAGTCGGTGCCCCGACTgATAGCCAGTAATGTCACCGAAACCATGGGCATCGCGGTTCTATCTAGTTACGCGTTA,196,GTAGGCACTGCCGTTAATGCCCATGGTTTCGGTGACATTACTGGCTATcAGTCGGGCTTTCTTCAGAGCGTCAATAAAGTCAGCAGAGGTCTGCAGCAC,76.50288343429565
1,1,5,CGG,(-),T>A,ATCTTGTGGAAAGGACGAGGTACCG,GCCGTTAATGCCCATGGTTT,TGAAGAAAGCCCGACTTtTAGCCAGTAATGTCACCGAAA,CCATGGGCAT,CGCGGTTCTATCTAGTTACGCGTTA,GTTTCGAGACGTGTACCGGGCGTCTCGGTGC,"0    ATCTTGTGGAAAGGACGAGGTACCGGCCGTTAATGCCCATGGTTTG...
Name: Filler, dtype: object",1,ATCTTGTGGAAAGGACGAGGTACCGGCCGTTAATGCCCATGGTTTGTTTCAGAGCTATGCTGGAAACAGCATAGCAAGTTGAAATAAGGCTAGTCCGTTATCAACTTGAAAAAGTGGCACCGAGTCGGTGCTGAAGAAAGCCCGACTTtTAGCCAGTAATGTCACCGAAACCATGGGCATCGCGGTTCTATCTAGTTACGCGTTA,205,GTAGGCACTGCCGTTAATGCCCATGGTTTCGGTGACATTACTGGCTAaAAGTCGGGCTTTCTTCAGAGCGTCAATAAAGTCAGCAGAGGTCTGCAGCAC,60.18650531768799
1,1,1,CGG,(-),T>G,ATCTTGTGGAAAGGACGAGGTACCG,GCCGTTAATGCCCATGGTTT,GAAGAAAGCCCGcCTTATAGCCAGTAATGTCACCGAAA,CCATGGGCAT,CGCGGTTCTATCTAGTTACGCGTTA,GTTTCGAGACGACGTCCCCGCGTCTCGGTGC,"0    ATCTTGTGGAAAGGACGAGGTACCGGCCGTTAATGCCCATGGTTTG...
Name: Filler, dtype: object",1,ATCTTGTGGAAAGGACGAGGTACCGGCCGTTAATGCCCATGGTTTGTTTCAGAGCTATGCTGGAAACAGCATAGCAAGTTGAAATAAGGCTAGTCCGTTATCAACTTGAAAAAGTGGCACCGAGTCGGTGCGAAGAAAGCCCGcCTTATAGCCAGTAATGTCACCGAAACCATGGGCATCGCGGTTCTATCTAGTTACGCGTTA,204,GTAGGCACTGCCGTTAATGCCCATGGTTTCGGTGACATTACTGGCTATAAGgCGGGCTTTCTTCAGAGCGTCAATAAAGTCAGCAGAGGTCTGCAGCAC,74.44569170475006
2,1,5,CGG,(-),T>G,ATCTTGTGGAAAGGACGAGGTACCG,GCCGTTAATGCCCATGGTTT,CCCGACTTcTAGCCAGTAATGTCACCGAAA,CCATGGGCAT,CGCGGTTCTATCTAGTTACGCGTTA,GTTTCGAGACGCCCTTGTGACGTCTCGGTGC,"0    ATCTTGTGGAAAGGACGAGGTACCGGCCGTTAATGCCCATGGTTTG...
Name: Filler, dtype: object",1,ATCTTGTGGAAAGGACGAGGTACCGGCCGTTAATGCCCATGGTTTGTTTCAGAGCTATGCTGGAAACAGCATAGCAAGTTGAAATAAGGCTAGTCCGTTATCAACTTGAAAAAGTGGCACCGAGTCGGTGCCCCGACTTcTAGCCAGTAATGTCACCGAAACCATGGGCATCGCGGTTCTATCTAGTTACGCGTTA,196,GTAGGCACTGCCGTTAATGCCCATGGTTTCGGTGACATTACTGGCTAgAAGTCGGGCTTTCTTCAGAGCGTCAATAAAGTCAGCAGAGGTCTGCAGCAC,76.84930562973022
1,1,5,CGG,(-),T>C,ATCTTGTGGAAAGGACGAGGTACCG,GCCGTTAATGCCCATGGTTT,CCCGACTTgTAGCCAGTAATGTCACCGAAA,CCATGGGCAT,CGCGGTTCTATCTAGTTACGCGTTA,GTTTCGAGACGCGAGCATAGCGTCTCGGTGC,"0    ATCTTGTGGAAAGGACGAGGTACCGGCCGTTAATGCCCATGGTTTG...
Name: Filler, dtype: object",1,ATCTTGTGGAAAGGACGAGGTACCGGCCGTTAATGCCCATGGTTTGTTTCAGAGCTATGCTGGAAACAGCATAGCAAGTTGAAATAAGGCTAGTCCGTTATCAACTTGAAAAAGTGGCACCGAGTCGGTGCCCCGACTTgTAGCCAGTAATGTCACCGAAACCATGGGCATCGCGGTTCTATCTAGTTACGCGTTA,196,GTAGGCACTGCCGTTAATGCCCATGGTTTCGGTGACATTACTGGCTAcAAGTCGGGCTTTCTTCAGAGCGTCAATAAAGTCAGCAGAGGTCTGCAGCAC,77.05154418945312
1,2,4,TGG,(-),A>C,ATCTTGTGGAAAGGACGAGGTACCG,GATGGTTTCGGTGACATTAC,GAAGAAAGCCCGACTgATAGCCAGTA,ATGTCACCGAAAC,CGCGGTTCTATCTAGTTACGCGTTA,GTTTCGAGACGCGTCAGGACCGTCTCGGTGC,"0    ATCTTGTGGAAAGGACGAGGTACCGGATGGTTTCGGTGACATTACG...
Name: Filler, dtype: object",1,ATCTTGTGGAAAGGACGAGGTACCGGATGGTTTCGGTGACATTACGTTTCAGAGCTATGCTGGAAACAGCATAGCAAGTTGAAATAAGGCTAGTCCGTTATCAACTTGAAAAAGTGGCACCGAGTCGGTGCGAAGAAAGCCCGACTgATAGCCAGTAATGTCACCGAAACCGCGGTTCTATCTAGTTACGCGTTA,195,GTTAATGCCCATGGTTTCGGTGACATTACTGGCTATcAGTCGGGCTTTCTTCAGAGCGTCAATAAAGTCAGCAGAGGTCTGCAGCACGGTGTGGTAGGT,76.5768051147461
1,2,3,TGG,(-),A>T,ATCTTGTGGAAAGGACGAGGTACCG,GATGGTTTCGGTGACATTAC,GAAGAAAGCCCGACaTATAGCCAGTA,ATGTCACCGAAAC,CGCGGTTCTATCTAGTTACGCGTTA,GTTTCGAGACGTGAGGTGCACGTCTCGGTGC,"0    ATCTTGTGGAAAGGACGAGGTACCGGATGGTTTCGGTGACATTACG...
Name: Filler, dtype: object",1,ATCTTGTGGAAAGGACGAGGTACCGGATGGTTTCGGTGACATTACGTTTCAGAGCTATGCTGGAAACAGCATAGCAAGTTGAAATAAGGCTAGTCCGTTATCAACTTGAAAAAGTGGCACCGAGTCGGTGCGAAGAAAGCCCGACaTATAGCCAGTAATGTCACCGAAACCGCGGTTCTATCTAGTTACGCGTTA,195,GTTAATGCCCATGGTTTCGGTGACATTACTGGCTATAtGTCGGGCTTTCTTCAGAGCGTCAATAAAGTCAGCAGAGGTCTGCAGCACGGTGTGGTAGGT,77.02231407165527
1,2,4,TGG,(-),A>T,ATCTTGTGGAAAGGACGAGGTACCG,GATGGTTTCGGTGACATTAC,GCCCGACTaATAGCCAGTA,ATGTCACCGAAAC,CGCGGTTCTATCTAGTTACGCGTTA,GTTTCGAGACGTCCCAGTAACGTCTCGGTGC,"0    ATCTTGTGGAAAGGACGAGGTACCGGATGGTTTCGGTGACATTACG...
Name: Filler, dtype: object",1,ATCTTGTGGAAAGGACGAGGTACCGGATGGTTTCGGTGACATTACGTTTCAGAGCTATGCTGGAAACAGCATAGCAAGTTGAAATAAGGCTAGTCCGTTATCAACTTGAAAAAGTGGCACCGAGTCGGTGCGCCCGACTaATAGCCAGTAATGTCACCGAAACCGCGGTTCTATCTAGTTACGCGTTA,188,GTTAATGCCCATGGTTTCGGTGACATTACTGGCTATtAGTCGGGCTTTCTTCAGAGCGTCAATAAAGTCAGCAGAGGTCTGCAGCACGGTGTGGTAGGT,77.27019488811493
2,2,5,TGG,(-),T>A,ATCTTGTGGAAAGGACGAGGTACCG,GATGGTTTCGGTGACATTAC,TCTGAAGAAAGCCCGACTTtTAGCCAGTA,ATGTCACCGAAAC,CGCGGTTCTATCTAGTTACGCGTTA,GTTTCGAGACGGCAGGCTACCGTCTCGGTGC,"0    ATCTTGTGGAAAGGACGAGGTACCGGATGGTTTCGGTGACATTACG...
Name: Filler, dtype: object",1,ATCTTGTGGAAAGGACGAGGTACCGGATGGTTTCGGTGACATTACGTTTCAGAGCTATGCTGGAAACAGCATAGCAAGTTGAAATAAGGCTAGTCCGTTATCAACTTGAAAAAGTGGCACCGAGTCGGTGCTCTGAAGAAAGCCCGACTTtTAGCCAGTAATGTCACCGAAACCGCGGTTCTATCTAGTTACGCGTTA,198,GTTAATGCCCATGGTTTCGGTGACATTACTGGCTAaAAGTCGGGCTTTCTTCAGAGCGTCAATAAAGTCAGCAGAGGTCTGCAGCACGGTGTGGTAGGT,55.38114309310913
1,2,5,TGG,(-),T>G,ATCTTGTGGAAAGGACGAGGTACCG,GATGGTTTCGGTGACATTAC,GAAGAAAGCCCGACTTcTAGCCAGTA,ATGTCACCGAAAC,CGCGGTTCTATCTAGTTACGCGTTA,GTTTCGAGACGGGAGAAGACCGTCTCGGTGC,"0    ATCTTGTGGAAAGGACGAGGTACCGGATGGTTTCGGTGACATTACG...
Name: Filler, dtype: object",1,ATCTTGTGGAAAGGACGAGGTACCGGATGGTTTCGGTGACATTACGTTTCAGAGCTATGCTGGAAACAGCATAGCAAGTTGAAATAAGGCTAGTCCGTTATCAACTTGAAAAAGTGGCACCGAGTCGGTGCGAAGAAAGCCCGACTTcTAGCCAGTAATGTCACCGAAACCGCGGTTCTATCTAGTTACGCGTTA,195,GTTAATGCCCATGGTTTCGGTGACATTACTGGCTAgAAGTCGGGCTTTCTTCAGAGCGTCAATAAAGTCAGCAGAGGTCTGCAGCACGGTGTGGTAGGT,77.07685232162476
1,2,3,TGG,(-),A>C,ATCTTGTGGAAAGGACGAGGTACCG,GATGGTTTCGGTGACATTAC,GAAGAAAGCCCGACgTATAGCCAGTA,ATGTCACCGAAAC,CGCGGTTCTATCTAGTTACGCGTTA,GTTTCGAGACGTTATATTCGCGTCTCGGTGC,"0    ATCTTGTGGAAAGGACGAGGTACCGGATGGTTTCGGTGACATTACG...
Name: Filler, dtype: object",1,ATCTTGTGGAAAGGACGAGGTACCGGATGGTTTCGGTGACATTACGTTTCAGAGCTATGCTGGAAACAGCATAGCAAGTTGAAATAAGGCTAGTCCGTTATCAACTTGAAAAAGTGGCACCGAGTCGGTGCGAAGAAAGCCCGACgTATAGCCAGTAATGTCACCGAAACCGCGGTTCTATCTAGTTACGCGTTA,195,GTTAATGCCCATGGTTTCGGTGACATTACTGGCTATAcGTCGGGCTTTCTTCAGAGCGTCAATAAAGTCAGCAGAGGTCTGCAGCACGGTGTGGTAGGT,76.99439525604248
1,2,3,TGG,(-),A>G,ATCTTGTGGAAAGGACGAGGTACCG,GATGGTTTCGGTGACATTAC,GAAGAAAGCCCGACcTATAGCCAGTA,ATGTCACCGAAAC,CGCGGTTCTATCTAGTTACGCGTTA,GTTTCGAGACGGGTGTCCCGCGTCTCGGTGC,"0    ATCTTGTGGAAAGGACGAGGTACCGGATGGTTTCGGTGACATTACG...
Name: Filler, dtype: object",1,ATCTTGTGGAAAGGACGAGGTACCGGATGGTTTCGGTGACATTACGTTTCAGAGCTATGCTGGAAACAGCATAGCAAGTTGAAATAAGGCTAGTCCGTTATCAACTTGAAAAAGTGGCACCGAGTCGGTGCGAAGAAAGCCCGACcTATAGCCAGTAATGTCACCGAAACCGCGGTTCTATCTAGTTACGCGTTA,195,GTTAATGCCCATGGTTTCGGTGACATTACTGGCTATAgGTCGGGCTTTCTTCAGAGCGTCAATAAAGTCAGCAGAGGTCTGCAGCACGGTGTGGTAGGT,75.76293349266052
2,2,4,TGG,(-),A>G,ATCTTGTGGAAAGGACGAGGTACCG,GATGGTTTCGGTGACATTAC,GCCCGACTcATAGCCAGTA,ATGTCACCGAAAC,CGCGGTTCTATCTAGTTACGCGTTA,GTTTCGAGACGACATCACGTCGTCTCGGTGC,"0    ATCTTGTGGAAAGGACGAGGTACCGGATGGTTTCGGTGACATTACG...
Name: Filler, dtype: object",1,ATCTTGTGGAAAGGACGAGGTACCGGATGGTTTCGGTGACATTACGTTTCAGAGCTATGCTGGAAACAGCATAGCAAGTTGAAATAAGGCTAGTCCGTTATCAACTTGAAAAAGTGGCACCGAGTCGGTGCGCCCGACTcATAGCCAGTAATGTCACCGAAACCGCGGTTCTATCTAGTTACGCGTTA,188,GTTAATGCCCATGGTTTCGGTGACATTACTGGCTATgAGTCGGGCTTTCTTCAGAGCGTCAATAAAGTCAGCAGAGGTCTGCAGCACGGTGTGGTAGGT,76.98976695537567
2,2,5,TGG,(-),T>C,ATCTTGTGGAAAGGACGAGGTACCG,GATGGTTTCGGTGACATTAC,GCCCGACTTgTAGCCAGTA,ATGTCACCGAAAC,CGCGGTTCTATCTAGTTACGCGTTA,GTTTCGAGACGCCGTTTAAACGTCTCGGTGC,"0    ATCTTGTGGAAAGGACGAGGTACCGGATGGTTTCGGTGACATTACG...
Name: Filler, dtype: object",1,ATCTTGTGGAAAGGACGAGGTACCGGATGGTTTCGGTGACATTACGTTTCAGAGCTATGCTGGAAACAGCATAGCAAGTTGAAATAAGGCTAGTCCGTTATCAACTTGAAAAAGTGGCACCGAGTCGGTGCGCCCGACTTgTAGCCAGTAATGTCACCGAAACCGCGGTTCTATCTAGTTACGCGTTA,188,GTTAATGCCCATGGTTTCGGTGACATTACTGGCTAcAAGTCGGGCTTTCTTCAGAGCGTCAATAAAGTCAGCAGAGGTCTGCAGCACGGTGTGGTAGGT,77.02685594558716
2,2,1,TGG,(-),T>A,ATCTTGTGGAAAGGACGAGGTACCG,GATGGTTTCGGTGACATTAC,GAAGAAAGCCCGtCTTATAGCCAGTA,ATGTCACCGAAA,CGCGGTTCTATCTAGTTACGCGTTA,GTTTCGAGACGAAATACGCGCGTCTCGGTGC,"0    ATCTTGTGGAAAGGACGAGGTACCGGATGGTTTCGGTGACATTACG...
Name: Filler, dtype: object",1,ATCTTGTGGAAAGGACGAGGTACCGGATGGTTTCGGTGACATTACGTTTCAGAGCTATGCTGGAAACAGCATAGCAAGTTGAAATAAGGCTAGTCCGTTATCAACTTGAAAAAGTGGCACCGAGTCGGTGCGAAGAAAGCCCGtCTTATAGCCAGTAATGTCACCGAAACGCGGTTCTATCTAGTTACGCGTTA,194,GTTAATGCCCATGGTTTCGGTGACATTACTGGCTATAAGaCGGGCTTTCTTCAGAGCGTCAATAAAGTCAGCAGAGGTCTGCAGCACGGTGTGGTAGGT,73.38845431804657
1,2,2,TGG,(-),G>C,ATCTTGTGGAAAGGACGAGGTACCG,GATGGTTTCGGTGACATTAC,GAAGAAAGCCCGAgTTATAGCCAGTA,ATGTCACCGAAAC,CGCGGTTCTATCTAGTTACGCGTTA,GTTTCGAGACGGTCCTATTCCGTCTCGGTGC,"0    ATCTTGTGGAAAGGACGAGGTACCGGATGGTTTCGGTGACATTACG...
Name: Filler, dtype: object",1,ATCTTGTGGAAAGGACGAGGTACCGGATGGTTTCGGTGACATTACGTTTCAGAGCTATGCTGGAAACAGCATAGCAAGTTGAAATAAGGCTAGTCCGTTATCAACTTGAAAAAGTGGCACCGAGTCGGTGCGAAGAAAGCCCGAgTTATAGCCAGTAATGTCACCGAAACCGCGGTTCTATCTAGTTACGCGTTA,195,GTTAATGCCCATGGTTTCGGTGACATTACTGGCTATAAcTCGGGCTTTCTTCAGAGCGTCAATAAAGTCAGCAGAGGTCTGCAGCACGGTGTGGTAGGT,75.84278285503387
2,2,1,TGG,(-),T>G,ATCTTGTGGAAAGGACGAGGTACCG,GATGGTTTCGGTGACATTAC,GAAGAAAGCCCGcCTTATAGCCAGTA,ATGTCACCGAAA,CGCGGTTCTATCTAGTTACGCGTTA,GTTTCGAGACGCCTCCTTCACGTCTCGGTGC,"0    ATCTTGTGGAAAGGACGAGGTACCGGATGGTTTCGGTGACATTACG...
Name: Filler, dtype: object",1,ATCTTGTGGAAAGGACGAGGTACCGGATGGTTTCGGTGACATTACGTTTCAGAGCTATGCTGGAAACAGCATAGCAAGTTGAAATAAGGCTAGTCCGTTATCAACTTGAAAAAGTGGCACCGAGTCGGTGCGAAGAAAGCCCGcCTTATAGCCAGTAATGTCACCGAAACGCGGTTCTATCTAGTTACGCGTTA,194,GTTAATGCCCATGGTTTCGGTGACATTACTGGCTATAAGgCGGGCTTTCTTCAGAGCGTCAATAAAGTCAGCAGAGGTCTGCAGCACGGTGTGGTAGGT,73.96940588951111
2,2,2,TGG,(-),G>A,ATCTTGTGGAAAGGACGAGGTACCG,GATGGTTTCGGTGACATTAC,GAAGAAAGCCCGAtTTATAGCCAGTA,ATGTCACCGAAA,CGCGGTTCTATCTAGTTACGCGTTA,GTTTCGAGACGACTGAAGGGCGTCTCGGTGC,"0    ATCTTGTGGAAAGGACGAGGTACCGGATGGTTTCGGTGACATTACG...
Name: Filler, dtype: object",1,ATCTTGTGGAAAGGACGAGGTACCGGATGGTTTCGGTGACATTACGTTTCAGAGCTATGCTGGAAACAGCATAGCAAGTTGAAATAAGGCTAGTCCGTTATCAACTTGAAAAAGTGGCACCGAGTCGGTGCGAAGAAAGCCCGAtTTATAGCCAGTAATGTCACCGAAACGCGGTTCTATCTAGTTACGCGTTA,194,GTTAATGCCCATGGTTTCGGTGACATTACTGGCTATAAaTCGGGCTTTCTTCAGAGCGTCAATAAAGTCAGCAGAGGTCTGCAGCACGGTGTGGTAGGT,70.74065506458282
1,2,1,TGG,(-),T>C,ATCTTGTGGAAAGGACGAGGTACCG,GATGGTTTCGGTGACATTAC,GAAGAAAGCCCGgCTTATAGCCAGTA,ATGTCACCGAAAC,CGCGGTTCTATCTAGTTACGCGTTA,GTTTCGAGACGCGGACGCGACGTCTCGGTGC,"0    ATCTTGTGGAAAGGACGAGGTACCGGATGGTTTCGGTGACATTACG...
Name: Filler, dtype: object",1,ATCTTGTGGAAAGGACGAGGTACCGGATGGTTTCGGTGACATTACGTTTCAGAGCTATGCTGGAAACAGCATAGCAAGTTGAAATAAGGCTAGTCCGTTATCAACTTGAAAAAGTGGCACCGAGTCGGTGCGAAGAAAGCCCGgCTTATAGCCAGTAATGTCACCGAAACCGCGGTTCTATCTAGTTACGCGTTA,195,GTTAATGCCCATGGTTTCGGTGACATTACTGGCTATAAGcCGGGCTTTCTTCAGAGCGTCAATAAAGTCAGCAGAGGTCTGCAGCACGGTGTGGTAGGT,75.22680163383484
3,2,2,TGG,(-),G>T,ATCTTGTGGAAAGGACGAGGTACCG,GATGGTTTCGGTGACATTAC,GAAGAAAGCCCGAaTTATAGCCAGTA,ATGTCACCGAAAC,CGCGGTTCTATCTAGTTACGCGTTA,GTTTCGAGACGAGTCTATGTCGTCTCGGTGC,"0    ATCTTGTGGAAAGGACGAGGTACCGGATGGTTTCGGTGACATTACG...
Name: Filler, dtype: object",1,ATCTTGTGGAAAGGACGAGGTACCGGATGGTTTCGGTGACATTACGTTTCAGAGCTATGCTGGAAACAGCATAGCAAGTTGAAATAAGGCTAGTCCGTTATCAACTTGAAAAAGTGGCACCGAGTCGGTGCGAAGAAAGCCCGAaTTATAGCCAGTAATGTCACCGAAACCGCGGTTCTATCTAGTTACGCGTTA,195,GTTAATGCCCATGGTTTCGGTGACATTACTGGCTATAAtTCGGGCTTTCTTCAGAGCGTCAATAAAGTCAGCAGAGGTCTGCAGCACGGTGTGGTAGGT,75.21093785762787
4,3,2,CGG,(-),G>C,ATCTTGTGGAAAGGACGAGGTACCG,GGACATTACTGGCTATAAGT,TCTGAAGAAAGCCCGAgT,TATAGCCAGTAATG,CGCGGTTCTATCTAGTTACGCGTTA,GTTTCGAGACGTTATTTGATCGTCTCGGTGC,"0    ATCTTGTGGAAAGGACGAGGTACCGGGACATTACTGGCTATAAGTG...
Name: Filler, dtype: object",1,ATCTTGTGGAAAGGACGAGGTACCGGGACATTACTGGCTATAAGTGTTTCAGAGCTATGCTGGAAACAGCATAGCAAGTTGAAATAAGGCTAGTCCGTTATCAACTTGAAAAAGTGGCACCGAGTCGGTGCTCTGAAGAAAGCCCGAgTTATAGCCAGTAATGCGCGGTTCTATCTAGTTACGCGTTA,188,TGGTTTCGGTGACATTACTGGCTATAAcTCGGGCTTTCTTCAGAGCGTCAATAAAGTCAGCAGAGGTCTGCAGCACGGTGTGGTAGGTCATGAAGTACG,72.18351364135742
4,3,1,CGG,(-),T>C,ATCTTGTGGAAAGGACGAGGTACCG,GGACATTACTGGCTATAAGT,TCTGAAGAAAGCCCGgCT,TATAGCCAGTAATG,CGCGGTTCTATCTAGTTACGCGTTA,GTTTCGAGACGCCTAGAGTCCGTCTCGGTGC,"0    ATCTTGTGGAAAGGACGAGGTACCGGGACATTACTGGCTATAAGTG...
Name: Filler, dtype: object",1,ATCTTGTGGAAAGGACGAGGTACCGGGACATTACTGGCTATAAGTGTTTCAGAGCTATGCTGGAAACAGCATAGCAAGTTGAAATAAGGCTAGTCCGTTATCAACTTGAAAAAGTGGCACCGAGTCGGTGCTCTGAAGAAAGCCCGgCTTATAGCCAGTAATGCGCGGTTCTATCTAGTTACGCGTTA,188,TGGTTTCGGTGACATTACTGGCTATAAGcCGGGCTTTCTTCAGAGCGTCAATAAAGTCAGCAGAGGTCTGCAGCACGGTGTGGTAGGTCATGAAGTACG,69.62050497531891
4,3,1,CGG,(-),T>A,ATCTTGTGGAAAGGACGAGGTACCG,GGACATTACTGGCTATAAGT,TCTGAAGAAAGCCCGtCT,TATAGCCAGTAATG,CGCGGTTCTATCTAGTTACGCGTTA,GTTTCGAGACGAAACCGAGGCGTCTCGGTGC,"0    ATCTTGTGGAAAGGACGAGGTACCGGGACATTACTGGCTATAAGTG...
Name: Filler, dtype: object",1,ATCTTGTGGAAAGGACGAGGTACCGGGACATTACTGGCTATAAGTGTTTCAGAGCTATGCTGGAAACAGCATAGCAAGTTGAAATAAGGCTAGTCCGTTATCAACTTGAAAAAGTGGCACCGAGTCGGTGCTCTGAAGAAAGCCCGtCTTATAGCCAGTAATGCGCGGTTCTATCTAGTTACGCGTTA,188,TGGTTTCGGTGACATTACTGGCTATAAGaCGGGCTTTCTTCAGAGCGTCAATAAAGTCAGCAGAGGTCTGCAGCACGGTGTGGTAGGTCATGAAGTACG,71.81918323040009
4,3,1,CGG,(-),T>G,ATCTTGTGGAAAGGACGAGGTACCG,GGACATTACTGGCTATAAGT,TCTGAAGAAAGCCCGcCT,TATAGCCAGTAATG,CGCGGTTCTATCTAGTTACGCGTTA,GTTTCGAGACGGTCGAAGATCGTCTCGGTGC,"0    ATCTTGTGGAAAGGACGAGGTACCGGGACATTACTGGCTATAAGTG...
Name: Filler, dtype: object",1,ATCTTGTGGAAAGGACGAGGTACCGGGACATTACTGGCTATAAGTGTTTCAGAGCTATGCTGGAAACAGCATAGCAAGTTGAAATAAGGCTAGTCCGTTATCAACTTGAAAAAGTGGCACCGAGTCGGTGCTCTGAAGAAAGCCCGcCTTATAGCCAGTAATGCGCGGTTCTATCTAGTTACGCGTTA,188,TGGTTTCGGTGACATTACTGGCTATAAGgCGGGCTTTCTTCAGAGCGTCAATAAAGTCAGCAGAGGTCTGCAGCACGGTGTGGTAGGTCATGAAGTACG,68.28969717025757
2,3,2,CGG,(-),G>T,ATCTTGTGGAAAGGACGAGGTACCG,GGACATTACTGGCTATAAGT,TCTGAAGAAAGCCCGAaT,TATAGCCAGTAATG,CGCGGTTCTATCTAGTTACGCGTTA,GTTTCGAGACGAATGGCATACGTCTCGGTGC,"0    ATCTTGTGGAAAGGACGAGGTACCGGGACATTACTGGCTATAAGTG...
Name: Filler, dtype: object",1,ATCTTGTGGAAAGGACGAGGTACCGGGACATTACTGGCTATAAGTGTTTCAGAGCTATGCTGGAAACAGCATAGCAAGTTGAAATAAGGCTAGTCCGTTATCAACTTGAAAAAGTGGCACCGAGTCGGTGCTCTGAAGAAAGCCCGAaTTATAGCCAGTAATGCGCGGTTCTATCTAGTTACGCGTTA,188,TGGTTTCGGTGACATTACTGGCTATAAtTCGGGCTTTCTTCAGAGCGTCAATAAAGTCAGCAGAGGTCTGCAGCACGGTGTGGTAGGTCATGAAGTACG,75.88505744934082
2,3,3,CGG,(-),A>T,ATCTTGTGGAAAGGACGAGGTACCG,GGACATTACTGGCTATAAGT,TCTGAAGAAAGCCCGACa,TATAGCCAGTAATG,CGCGGTTCTATCTAGTTACGCGTTA,GTTTCGAGACGTAGAGGATCCGTCTCGGTGC,"0    ATCTTGTGGAAAGGACGAGGTACCGGGACATTACTGGCTATAAGTG...
Name: Filler, dtype: object",1,ATCTTGTGGAAAGGACGAGGTACCGGGACATTACTGGCTATAAGTGTTTCAGAGCTATGCTGGAAACAGCATAGCAAGTTGAAATAAGGCTAGTCCGTTATCAACTTGAAAAAGTGGCACCGAGTCGGTGCTCTGAAGAAAGCCCGACaTATAGCCAGTAATGCGCGGTTCTATCTAGTTACGCGTTA,188,TGGTTTCGGTGACATTACTGGCTATAtGTCGGGCTTTCTTCAGAGCGTCAATAAAGTCAGCAGAGGTCTGCAGCACGGTGTGGTAGGTCATGAAGTACG,76.1652410030365
3,3,3,CGG,(-),A>C,ATCTTGTGGAAAGGACGAGGTACCG,GGACATTACTGGCTATAAGT,TCTGAAGAAAGCCCGACg,TATAGCCAGTAATG,CGCGGTTCTATCTAGTTACGCGTTA,GTTTCGAGACGGTGATTTCGCGTCTCGGTGC,"0    ATCTTGTGGAAAGGACGAGGTACCGGGACATTACTGGCTATAAGTG...
Name: Filler, dtype: object",1,ATCTTGTGGAAAGGACGAGGTACCGGGACATTACTGGCTATAAGTGTTTCAGAGCTATGCTGGAAACAGCATAGCAAGTTGAAATAAGGCTAGTCCGTTATCAACTTGAAAAAGTGGCACCGAGTCGGTGCTCTGAAGAAAGCCCGACgTATAGCCAGTAATGCGCGGTTCTATCTAGTTACGCGTTA,188,TGGTTTCGGTGACATTACTGGCTATAcGTCGGGCTTTCTTCAGAGCGTCAATAAAGTCAGCAGAGGTCTGCAGCACGGTGTGGTAGGTCATGAAGTACG,72.95777499675751
3,3,3,CGG,(-),A>G,ATCTTGTGGAAAGGACGAGGTACCG,GGACATTACTGGCTATAAGT,GAAGAAAGCCCGACc,TATAGCCAG,CGCGGTTCTATCTAGTTACGCGTTA,GTTTCGAGACGATCACCGCACGTCTCGGTGC,"0    ATCTTGTGGAAAGGACGAGGTACCGGGACATTACTGGCTATAAGTG...
Name: Filler, dtype: object",1,ATCTTGTGGAAAGGACGAGGTACCGGGACATTACTGGCTATAAGTGTTTCAGAGCTATGCTGGAAACAGCATAGCAAGTTGAAATAAGGCTAGTCCGTTATCAACTTGAAAAAGTGGCACCGAGTCGGTGCGAAGAAAGCCCGACcTATAGCCAGCGCGGTTCTATCTAGTTACGCGTTA,180,TGGTTTCGGTGACATTACTGGCTATAgGTCGGGCTTTCTTCAGAGCGTCAATAAAGTCAGCAGAGGTCTGCAGCACGGTGTGGTAGGTCATGAAGTACG,73.72314929962158
4,3,2,CGG,(-),G>A,ATCTTGTGGAAAGGACGAGGTACCG,GGACATTACTGGCTATAAGT,TCTGAAGAAAGCCCGAtT,TATAGCCAGTAATG,CGCGGTTCTATCTAGTTACGCGTTA,GTTTCGAGACGAAATCTGCCCGTCTCGGTGC,"0    ATCTTGTGGAAAGGACGAGGTACCGGGACATTACTGGCTATAAGTG...
Name: Filler, dtype: object",1,ATCTTGTGGAAAGGACGAGGTACCGGGACATTACTGGCTATAAGTGTTTCAGAGCTATGCTGGAAACAGCATAGCAAGTTGAAATAAGGCTAGTCCGTTATCAACTTGAAAAAGTGGCACCGAGTCGGTGCTCTGAAGAAAGCCCGAtTTATAGCCAGTAATGCGCGGTTCTATCTAGTTACGCGTTA,188,TGGTTTCGGTGACATTACTGGCTATAAaTCGGGCTTTCTTCAGAGCGTCAATAAAGTCAGCAGAGGTCTGCAGCACGGTGTGGTAGGTCATGAAGTACG,69.86635625362396
1,4,2,GGG,(-),G>T,ATCTTGTGGAAAGGACGAGGTACCG,GACATTACTGGCTATAAGTC,TCTGAAGAAAGCCCGAa,TTATAGCCAGTAAT,CGCGGTTCTATCTAGTTACGCGTTA,GTTTCGAGACGTCATTACATCGTCTCGGTGC,"0    ATCTTGTGGAAAGGACGAGGTACCGGACATTACTGGCTATAAGTCG...
Name: Filler, dtype: object",1,ATCTTGTGGAAAGGACGAGGTACCGGACATTACTGGCTATAAGTCGTTTCAGAGCTATGCTGGAAACAGCATAGCAAGTTGAAATAAGGCTAGTCCGTTATCAACTTGAAAAAGTGGCACCGAGTCGGTGCTCTGAAGAAAGCCCGAaTTATAGCCAGTAATCGCGGTTCTATCTAGTTACGCGTTA,187,GGTTTCGGTGACATTACTGGCTATAAtTCGGGCTTTCTTCAGAGCGTCAATAAAGTCAGCAGAGGTCTGCAGCACGGTGTGGTAGGTCATGAAGTACGT,76.18934214115143
3,4,1,GGG,(-),T>C,ATCTTGTGGAAAGGACGAGGTACCG,GACATTACTGGCTATAAGTC,GAAGAAAGCCCGgC,TTATAGCCAGTAA,CGCGGTTCTATCTAGTTACGCGTTA,GTTTCGAGACGTAATCTTGGCGTCTCGGTGC,"0    ATCTTGTGGAAAGGACGAGGTACCGGACATTACTGGCTATAAGTCG...
Name: Filler, dtype: object",1,ATCTTGTGGAAAGGACGAGGTACCGGACATTACTGGCTATAAGTCGTTTCAGAGCTATGCTGGAAACAGCATAGCAAGTTGAAATAAGGCTAGTCCGTTATCAACTTGAAAAAGTGGCACCGAGTCGGTGCGAAGAAAGCCCGgCTTATAGCCAGTAACGCGGTTCTATCTAGTTACGCGTTA,183,GGTTTCGGTGACATTACTGGCTATAAGcCGGGCTTTCTTCAGAGCGTCAATAAAGTCAGCAGAGGTCTGCAGCACGGTGTGGTAGGTCATGAAGTACGT,71.94029986858368
3,4,2,GGG,(-),G>A,ATCTTGTGGAAAGGACGAGGTACCG,GACATTACTGGCTATAAGTC,TCTGAAGAAAGCCCGAt,TTATAGCCAGTAA,CGCGGTTCTATCTAGTTACGCGTTA,GTTTCGAGACGTCAATATACCGTCTCGGTGC,"0    ATCTTGTGGAAAGGACGAGGTACCGGACATTACTGGCTATAAGTCG...
Name: Filler, dtype: object",1,ATCTTGTGGAAAGGACGAGGTACCGGACATTACTGGCTATAAGTCGTTTCAGAGCTATGCTGGAAACAGCATAGCAAGTTGAAATAAGGCTAGTCCGTTATCAACTTGAAAAAGTGGCACCGAGTCGGTGCTCTGAAGAAAGCCCGAtTTATAGCCAGTAACGCGGTTCTATCTAGTTACGCGTTA,186,GGTTTCGGTGACATTACTGGCTATAAaTCGGGCTTTCTTCAGAGCGTCAATAAAGTCAGCAGAGGTCTGCAGCACGGTGTGGTAGGTCATGAAGTACGT,70.11020183563232
3,4,1,GGG,(-),T>G,ATCTTGTGGAAAGGACGAGGTACCG,GACATTACTGGCTATAAGTC,TCTGAAGAAAGCCCGcC,TTATAGCCAGTAA,CGCGGTTCTATCTAGTTACGCGTTA,GTTTCGAGACGGTCAACTACCGTCTCGGTGC,"0    ATCTTGTGGAAAGGACGAGGTACCGGACATTACTGGCTATAAGTCG...
Name: Filler, dtype: object",1,ATCTTGTGGAAAGGACGAGGTACCGGACATTACTGGCTATAAGTCGTTTCAGAGCTATGCTGGAAACAGCATAGCAAGTTGAAATAAGGCTAGTCCGTTATCAACTTGAAAAAGTGGCACCGAGTCGGTGCTCTGAAGAAAGCCCGcCTTATAGCCAGTAACGCGGTTCTATCTAGTTACGCGTTA,186,GGTTTCGGTGACATTACTGGCTATAAGgCGGGCTTTCTTCAGAGCGTCAATAAAGTCAGCAGAGGTCTGCAGCACGGTGTGGTAGGTCATGAAGTACGT,70.1593667268753
3,4,1,GGG,(-),T>A,ATCTTGTGGAAAGGACGAGGTACCG,GACATTACTGGCTATAAGTC,TCTGAAGAAAGCCCGtC,TTATAGCCAGTAA,CGCGGTTCTATCTAGTTACGCGTTA,GTTTCGAGACGATATTACTTCGTCTCGGTGC,"0    ATCTTGTGGAAAGGACGAGGTACCGGACATTACTGGCTATAAGTCG...
Name: Filler, dtype: object",1,ATCTTGTGGAAAGGACGAGGTACCGGACATTACTGGCTATAAGTCGTTTCAGAGCTATGCTGGAAACAGCATAGCAAGTTGAAATAAGGCTAGTCCGTTATCAACTTGAAAAAGTGGCACCGAGTCGGTGCTCTGAAGAAAGCCCGtCTTATAGCCAGTAACGCGGTTCTATCTAGTTACGCGTTA,186,GGTTTCGGTGACATTACTGGCTATAAGaCGGGCTTTCTTCAGAGCGTCAATAAAGTCAGCAGAGGTCTGCAGCACGGTGTGGTAGGTCATGAAGTACGT,72.57647812366486
3,4,2,GGG,(-),G>C,ATCTTGTGGAAAGGACGAGGTACCG,GACATTACTGGCTATAAGTC,GAAGAAAGCCCGAg,TTATAGCCAGTAA,CGCGGTTCTATCTAGTTACGCGTTA,GTTTCGAGACGCGCGACCGACGTCTCGGTGC,"0    ATCTTGTGGAAAGGACGAGGTACCGGACATTACTGGCTATAAGTCG...
Name: Filler, dtype: object",1,ATCTTGTGGAAAGGACGAGGTACCGGACATTACTGGCTATAAGTCGTTTCAGAGCTATGCTGGAAACAGCATAGCAAGTTGAAATAAGGCTAGTCCGTTATCAACTTGAAAAAGTGGCACCGAGTCGGTGCGAAGAAAGCCCGAgTTATAGCCAGTAACGCGGTTCTATCTAGTTACGCGTTA,183,GGTTTCGGTGACATTACTGGCTATAAcTCGGGCTTTCTTCAGAGCGTCAATAAAGTCAGCAGAGGTCTGCAGCACGGTGTGGTAGGTCATGAAGTACGT,74.44439232349396
