,peg No. (within edit),PAM No.,Edit Position (sat. area),PAM,Strand,Edit,LHA,Spacer,RTTs,PBS,RHA,Complete pegRNA,Length (bp),Complete pegRNA (SF),Length (bp) (SF),Reference Sequence,PRIDICT2.0 Score
0,1,1,1,CGG,(-),T>A,ATCTTGTGGAAAGGACGAGGTACCG,GCCGTTAATGCCCATGGTTT,GAAGAAAGCCCGtCTTATAGCCAGTAATGTCACCGAAA,CCATGGGCAT,CGCGGTTCTATCTAGTTACGCGTTA,ATCTTGTGGAAAGGACGAGGTACCGGCCGTTAATGCCCATGGTTTGTTTCGAGACGCACTACGCTCGTCTCGGTGCGAAGAAAGCCCGtCTTATAGCCAGTAATGTCACCGAAACCATGGGCATCGCGGTTCTATCTAGTTACGCGTTA,149,ATCTTGTGGAAAGGACGAGGTACCGGCCGTTAATGCCCATGGTTTGTTTCAGAGCTATGCTGGAAACAGCATAGCAAGTTGAAATAAGGCTAGTCCGTTATCAACTTGAAAAAGTGGCACCGAGTCGGTGCGAAGAAAGCCCGtCTTATAGCCAGTAATGTCACCGAAACCATGGGCATCGCGGTTCTATCTAGTTACGCGTTA,204,GTAGGCACTGCCGTTAATGCCCATGGTTTCGGTGACATTACTGGCTATAAGaCGGGCTTTCTTCAGAGCGTCAATAAAGTCAGCAGAGGTCTGCAGCAC,73.9527940750122
1,2,1,1,CGG,(-),T>C,ATCTTGTGGAAAGGACGAGGTACCG,GCCGTTAATGCCCATGGTTT,GAAGAAAGCCCGgCTTATAGCCAGTAATGTCACCGAAA,CCATGGGCAT,CGCGGTTCTATCTAGTTACGCGTTA,ATCTTGTGGAAAGGACGAGGTACCGGCCGTTAATGCCCATGGTTTGTTTCGAGACGGAACCAGGACGTCTCGGTGCGAAGAAAGCCCGgCTTATAGCCAGTAATGTCACCGAAACCATGGGCATCGCGGTTCTATCTAGTTACGCGTTA,149,ATCTTGTGGAAAGGACGAGGTACCGGCCGTTAATGCCCATGGTTTGTTTCAGAGCTATGCTGGAAACAGCATAGCAAGTTGAAATAAGGCTAGTCCGTTATCAACTTGAAAAAGTGGCACCGAGTCGGTGCGAAGAAAGCCCGgCTTATAGCCAGTAATGTCACCGAAACCATGGGCATCGCGGTTCTATCTAGTTACGCGTTA,204,GTAGGCACTGCCGTTAATGCCCATGGTTTCGGTGACATTACTGGCTATAAGcCGGGCTTTCTTCAGAGCGTCAATAAAGTCAGCAGAGGTCTGCAGCAC,74.54187870025635
2,2,1,2,CGG,(-),G>C,ATCTTGTGGAAAGGACGAGGTACCG,GCCGTTAATGCCCATGGTTT,GAAGAAAGCCCGAgTTATAGCCAGTAATGTCACCGAAA,CCATGGGCAT,CGCGGTTCTATCTAGTTACGCGTTA,ATCTTGTGGAAAGGACGAGGTACCGGCCGTTAATGCCCATGGTTTGTTTCGAGACGCTTGGACCCCGTCTCGGTGCGAAGAAAGCCCGAgTTATAGCCAGTAATGTCACCGAAACCATGGGCATCGCGGTTCTATCTAGTTACGCGTTA,149,ATCTTGTGGAAAGGACGAGGTACCGGCCGTTAATGCCCATGGTTTGTTTCAGAGCTATGCTGGAAACAGCATAGCAAGTTGAAATAAGGCTAGTCCGTTATCAACTTGAAAAAGTGGCACCGAGTCGGTGCGAAGAAAGCCCGAgTTATAGCCAGTAATGTCACCGAAACCATGGGCATCGCGGTTCTATCTAGTTACGCGTTA,204,GTAGGCACTGCCGTTAATGCCCATGGTTTCGGTGACATTACTGGCTATAAcTCGGGCTTTCTTCAGAGCGTCAATAAAGTCAGCAGAGGTCTGCAGCAC,74.6708631515503
3,2,1,3,CGG,(-),A>G,ATCTTGTGGAAAGGACGAGGTACCG,GCCGTTAATGCCCATGGTTT,GAAGAAAGCCCGACcTATAGCCAGTAATGTCACCGAAA,CCATGGGCAT,CGCGGTTCTATCTAGTTACGCGTTA,ATCTTGTGGAAAGGACGAGGTACCGGCCGTTAATGCCCATGGTTTGTTTCGAGACGTTCCGGCATCGTCTCGGTGCGAAGAAAGCCCGACcTATAGCCAGTAATGTCACCGAAACCATGGGCATCGCGGTTCTATCTAGTTACGCGTTA,149,ATCTTGTGGAAAGGACGAGGTACCGGCCGTTAATGCCCATGGTTTGTTTCAGAGCTATGCTGGAAACAGCATAGCAAGTTGAAATAAGGCTAGTCCGTTATCAACTTGAAAAAGTGGCACCGAGTCGGTGCGAAGAAAGCCCGACcTATAGCCAGTAATGTCACCGAAACCATGGGCATCGCGGTTCTATCTAGTTACGCGTTA,204,GTAGGCACTGCCGTTAATGCCCATGGTTTCGGTGACATTACTGGCTATAgGTCGGGCTTTCTTCAGAGCGTCAATAAAGTCAGCAGAGGTCTGCAGCAC,75.59164762496948
4,2,1,3,CGG,(-),A>C,ATCTTGTGGAAAGGACGAGGTACCG,GCCGTTAATGCCCATGGTTT,CCCGACgTATAGCCAGTAATGTCACCGAAA,CCATGGGCAT,CGCGGTTCTATCTAGTTACGCGTTA,ATCTTGTGGAAAGGACGAGGTACCGGCCGTTAATGCCCATGGTTTGTTTCGAGACGGCTCGATGGCGTCTCGGTGCCCCGACgTATAGCCAGTAATGTCACCGAAACCATGGGCATCGCGGTTCTATCTAGTTACGCGTTA,141,ATCTTGTGGAAAGGACGAGGTACCGGCCGTTAATGCCCATGGTTTGTTTCAGAGCTATGCTGGAAACAGCATAGCAAGTTGAAATAAGGCTAGTCCGTTATCAACTTGAAAAAGTGGCACCGAGTCGGTGCCCCGACgTATAGCCAGTAATGTCACCGAAACCATGGGCATCGCGGTTCTATCTAGTTACGCGTTA,196,GTAGGCACTGCCGTTAATGCCCATGGTTTCGGTGACATTACTGGCTATAcGTCGGGCTTTCTTCAGAGCGTCAATAAAGTCAGCAGAGGTCTGCAGCAC,75.94414353370667
5,1,1,2,CGG,(-),G>A,ATCTTGTGGAAAGGACGAGGTACCG,GCCGTTAATGCCCATGGTTT,GAAGAAAGCCCGAtTTATAGCCAGTAATGTCACCGAAA,CCATGGGCAT,CGCGGTTCTATCTAGTTACGCGTTA,ATCTTGTGGAAAGGACGAGGTACCGGCCGTTAATGCCCATGGTTTGTTTCGAGACGCCTCTGAAGCGTCTCGGTGCGAAGAAAGCCCGAtTTATAGCCAGTAATGTCACCGAAACCATGGGCATCGCGGTTCTATCTAGTTACGCGTTA,149,ATCTTGTGGAAAGGACGAGGTACCGGCCGTTAATGCCCATGGTTTGTTTCAGAGCTATGCTGGAAACAGCATAGCAAGTTGAAATAAGGCTAGTCCGTTATCAACTTGAAAAAGTGGCACCGAGTCGGTGCGAAGAAAGCCCGAtTTATAGCCAGTAATGTCACCGAAACCATGGGCATCGCGGTTCTATCTAGTTACGCGTTA,204,GTAGGCACTGCCGTTAATGCCCATGGTTTCGGTGACATTACTGGCTATAAaTCGGGCTTTCTTCAGAGCGTCAATAAAGTCAGCAGAGGTCTGCAGCAC,72.13451862335205
6,4,1,2,CGG,(-),G>T,ATCTTGTGGAAAGGACGAGGTACCG,GCCGTTAATGCCCATGGTTT,GAAGAAAGCCCGAaTTATAGCCAGTAATGTCACCGAAA,CCATGGGCAT,CGCGGTTCTATCTAGTTACGCGTTA,ATCTTGTGGAAAGGACGAGGTACCGGCCGTTAATGCCCATGGTTTGTTTCGAGACGTGTGTCGCACGTCTCGGTGCGAAGAAAGCCCGAaTTATAGCCAGTAATGTCACCGAAACCATGGGCATCGCGGTTCTATCTAGTTACGCGTTA,149,ATCTTGTGGAAAGGACGAGGTACCGGCCGTTAATGCCCATGGTTTGTTTCAGAGCTATGCTGGAAACAGCATAGCAAGTTGAAATAAGGCTAGTCCGTTATCAACTTGAAAAAGTGGCACCGAGTCGGTGCGAAGAAAGCCCGAaTTATAGCCAGTAATGTCACCGAAACCATGGGCATCGCGGTTCTATCTAGTTACGCGTTA,204,GTAGGCACTGCCGTTAATGCCCATGGTTTCGGTGACATTACTGGCTATAAtTCGGGCTTTCTTCAGAGCGTCAATAAAGTCAGCAGAGGTCTGCAGCAC,74.44816529750824
7,2,1,4,CGG,(-),A>T,ATCTTGTGGAAAGGACGAGGTACCG,GCCGTTAATGCCCATGGTTT,CCCGACTaATAGCCAGTAATGTCACCGAAA,CCATGGGCAT,CGCGGTTCTATCTAGTTACGCGTTA,ATCTTGTGGAAAGGACGAGGTACCGGCCGTTAATGCCCATGGTTTGTTTCGAGACGGTAAATACCCGTCTCGGTGCCCCGACTaATAGCCAGTAATGTCACCGAAACCATGGGCATCGCGGTTCTATCTAGTTACGCGTTA,141,ATCTTGTGGAAAGGACGAGGTACCGGCCGTTAATGCCCATGGTTTGTTTCAGAGCTATGCTGGAAACAGCATAGCAAGTTGAAATAAGGCTAGTCCGTTATCAACTTGAAAAAGTGGCACCGAGTCGGTGCCCCGACTaATAGCCAGTAATGTCACCGAAACCATGGGCATCGCGGTTCTATCTAGTTACGCGTTA,196,GTAGGCACTGCCGTTAATGCCCATGGTTTCGGTGACATTACTGGCTATtAGTCGGGCTTTCTTCAGAGCGTCAATAAAGTCAGCAGAGGTCTGCAGCAC,76.60750448703766
8,1,1,4,CGG,(-),A>G,ATCTTGTGGAAAGGACGAGGTACCG,GCCGTTAATGCCCATGGTTT,CCCGACTcATAGCCAGTAATGTCACCGAAA,CCATGGGCAT,CGCGGTTCTATCTAGTTACGCGTTA,ATCTTGTGGAAAGGACGAGGTACCGGCCGTTAATGCCCATGGTTTGTTTCGAGACGCTGGACTAGCGTCTCGGTGCCCCGACTcATAGCCAGTAATGTCACCGAAACCATGGGCATCGCGGTTCTATCTAGTTACGCGTTA,141,ATCTTGTGGAAAGGACGAGGTACCGGCCGTTAATGCCCATGGTTTGTTTCAGAGCTATGCTGGAAACAGCATAGCAAGTTGAAATAAGGCTAGTCCGTTATCAACTTGAAAAAGTGGCACCGAGTCGGTGCCCCGACTcATAGCCAGTAATGTCACCGAAACCATGGGCATCGCGGTTCTATCTAGTTACGCGTTA,196,GTAGGCACTGCCGTTAATGCCCATGGTTTCGGTGACATTACTGGCTATgAGTCGGGCTTTCTTCAGAGCGTCAATAAAGTCAGCAGAGGTCTGCAGCAC,77.19959914684296
9,3,1,3,CGG,(-),A>T,ATCTTGTGGAAAGGACGAGGTACCG,GCCGTTAATGCCCATGGTTT,CCCGACaTATAGCCAGTAATGTCACCGAAA,CCATGGGCAT,CGCGGTTCTATCTAGTTACGCGTTA,ATCTTGTGGAAAGGACGAGGTACCGGCCGTTAATGCCCATGGTTTGTTTCGAGACGAGATGGCTGCGTCTCGGTGCCCCGACaTATAGCCAGTAATGTCACCGAAACCATGGGCATCGCGGTTCTATCTAGTTACGCGTTA,141,ATCTTGTGGAAAGGACGAGGTACCGGCCGTTAATGCCCATGGTTTGTTTCAGAGCTATGCTGGAAACAGCATAGCAAGTTGAAATAAGGCTAGTCCGTTATCAACTTGAAAAAGTGGCACCGAGTCGGTGCCCCGACaTATAGCCAGTAATGTCACCGAAACCATGGGCATCGCGGTTCTATCTAGTTACGCGTTA,196,GTAGGCACTGCCGTTAATGCCCATGGTTTCGGTGACATTACTGGCTATAtGTCGGGCTTTCTTCAGAGCGTCAATAAAGTCAGCAGAGGTCTGCAGCAC,75.69651901721954
10,2,1,4,CGG,(-),A>C,ATCTTGTGGAAAGGACGAGGTACCG,GCCGTTAATGCCCATGGTTT,CCCGACTgATAGCCAGTAATGTCACCGAAA,CCATGGGCAT,CGCGGTTCTATCTAGTTACGCGTTA,ATCTTGTGGAAAGGACGAGGTACCGGCCGTTAATGCCCATGGTTTGTTTCGAGACGAGTAGAATCCGTCTCGGTGCCCCGACTgATAGCCAGTAATGTCACCGAAACCATGGGCATCGCGGTTCTATCTAGTTACGCGTTA,141,ATCTTGTGGAAAGGACGAGGTACCGGCCGTTAATGCCCATGGTTTGTTTCAGAGCTATGCTGGAAACAGCATAGCAAGTTGAAATAAGGCTAGTCCGTTATCAACTTGAAAAAGTGGCACCGAGTCGGTGCCCCGACTgATAGCCAGTAATGTCACCGAAACCATGGGCATCGCGGTTCTATCTAGTTACGCGTTA,196,GTAGGCACTGCCGTTAATGCCCATGGTTTCGGTGACATTACTGGCTATcAGTCGGGCTTTCTTCAGAGCGTCAATAAAGTCAGCAGAGGTCTGCAGCAC,76.50288343429565
11,1,1,5,CGG,(-),T>A,ATCTTGTGGAAAGGACGAGGTACCG,GCCGTTAATGCCCATGGTTT,TGAAGAAAGCCCGACTTtTAGCCAGTAATGTCACCGAAA,CCATGGGCAT,CGCGGTTCTATCTAGTTACGCGTTA,ATCTTGTGGAAAGGACGAGGTACCGGCCGTTAATGCCCATGGTTTGTTTCGAGACGTGGTTGCCGCGTCTCGGTGCTGAAGAAAGCCCGACTTtTAGCCAGTAATGTCACCGAAACCATGGGCATCGCGGTTCTATCTAGTTACGCGTTA,150,ATCTTGTGGAAAGGACGAGGTACCGGCCGTTAATGCCCATGGTTTGTTTCAGAGCTATGCTGGAAACAGCATAGCAAGTTGAAATAAGGCTAGTCCGTTATCAACTTGAAAAAGTGGCACCGAGTCGGTGCTGAAGAAAGCCCGACTTtTAGCCAGTAATGTCACCGAAACCATGGGCATCGCGGTTCTATCTAGTTACGCGTTA,205,GTAGGCACTGCCGTTAATGCCCATGGTTTCGGTGACATTACTGGCTAaAAGTCGGGCTTTCTTCAGAGCGTCAATAAAGTCAGCAGAGGTCTGCAGCAC,60.18650531768799
12,1,1,1,CGG,(-),T>G,ATCTTGTGGAAAGGACGAGGTACCG,GCCGTTAATGCCCATGGTTT,GAAGAAAGCCCGcCTTATAGCCAGTAATGTCACCGAAA,CCATGGGCAT,CGCGGTTCTATCTAGTTACGCGTTA,ATCTTGTGGAAAGGACGAGGTACCGGCCGTTAATGCCCATGGTTTGTTTCGAGACGCAACTCGATCGTCTCGGTGCGAAGAAAGCCCGcCTTATAGCCAGTAATGTCACCGAAACCATGGGCATCGCGGTTCTATCTAGTTACGCGTTA,149,ATCTTGTGGAAAGGACGAGGTACCGGCCGTTAATGCCCATGGTTTGTTTCAGAGCTATGCTGGAAACAGCATAGCAAGTTGAAATAAGGCTAGTCCGTTATCAACTTGAAAAAGTGGCACCGAGTCGGTGCGAAGAAAGCCCGcCTTATAGCCAGTAATGTCACCGAAACCATGGGCATCGCGGTTCTATCTAGTTACGCGTTA,204,GTAGGCACTGCCGTTAATGCCCATGGTTTCGGTGACATTACTGGCTATAAGgCGGGCTTTCTTCAGAGCGTCAATAAAGTCAGCAGAGGTCTGCAGCAC,74.44569170475006
13,2,1,5,CGG,(-),T>G,ATCTTGTGGAAAGGACGAGGTACCG,GCCGTTAATGCCCATGGTTT,CCCGACTTcTAGCCAGTAATGTCACCGAAA,CCATGGGCAT,CGCGGTTCTATCTAGTTACGCGTTA,ATCTTGTGGAAAGGACGAGGTACCGGCCGTTAATGCCCATGGTTTGTTTCGAGACGATGGATGTGCGTCTCGGTGCCCCGACTTcTAGCCAGTAATGTCACCGAAACCATGGGCATCGCGGTTCTATCTAGTTACGCGTTA,141,ATCTTGTGGAAAGGACGAGGTACCGGCCGTTAATGCCCATGGTTTGTTTCAGAGCTATGCTGGAAACAGCATAGCAAGTTGAAATAAGGCTAGTCCGTTATCAACTTGAAAAAGTGGCACCGAGTCGGTGCCCCGACTTcTAGCCAGTAATGTCACCGAAACCATGGGCATCGCGGTTCTATCTAGTTACGCGTTA,196,GTAGGCACTGCCGTTAATGCCCATGGTTTCGGTGACATTACTGGCTAgAAGTCGGGCTTTCTTCAGAGCGTCAATAAAGTCAGCAGAGGTCTGCAGCAC,76.84930562973022
14,1,1,5,CGG,(-),T>C,ATCTTGTGGAAAGGACGAGGTACCG,GCCGTTAATGCCCATGGTTT,CCCGACTTgTAGCCAGTAATGTCACCGAAA,CCATGGGCAT,CGCGGTTCTATCTAGTTACGCGTTA,ATCTTGTGGAAAGGACGAGGTACCGGCCGTTAATGCCCATGGTTTGTTTCGAGACGTATTTCGACCGTCTCGGTGCCCCGACTTgTAGCCAGTAATGTCACCGAAACCATGGGCATCGCGGTTCTATCTAGTTACGCGTTA,141,ATCTTGTGGAAAGGACGAGGTACCGGCCGTTAATGCCCATGGTTTGTTTCAGAGCTATGCTGGAAACAGCATAGCAAGTTGAAATAAGGCTAGTCCGTTATCAACTTGAAAAAGTGGCACCGAGTCGGTGCCCCGACTTgTAGCCAGTAATGTCACCGAAACCATGGGCATCGCGGTTCTATCTAGTTACGCGTTA,196,GTAGGCACTGCCGTTAATGCCCATGGTTTCGGTGACATTACTGGCTAcAAGTCGGGCTTTCTTCAGAGCGTCAATAAAGTCAGCAGAGGTCTGCAGCAC,77.05154418945312
15,1,2,4,TGG,(-),A>C,ATCTTGTGGAAAGGACGAGGTACCG,GATGGTTTCGGTGACATTAC,GAAGAAAGCCCGACTgATAGCCAGTA,ATGTCACCGAAAC,CGCGGTTCTATCTAGTTACGCGTTA,ATCTTGTGGAAAGGACGAGGTACCGGATGGTTTCGGTGACATTACGTTTCGAGACGAGGTAGGTCCGTCTCGGTGCGAAGAAAGCCCGACTgATAGCCAGTAATGTCACCGAAACCGCGGTTCTATCTAGTTACGCGTTA,140,ATCTTGTGGAAAGGACGAGGTACCGGATGGTTTCGGTGACATTACGTTTCAGAGCTATGCTGGAAACAGCATAGCAAGTTGAAATAAGGCTAGTCCGTTATCAACTTGAAAAAGTGGCACCGAGTCGGTGCGAAGAAAGCCCGACTgATAGCCAGTAATGTCACCGAAACCGCGGTTCTATCTAGTTACGCGTTA,195,GTTAATGCCCATGGTTTCGGTGACATTACTGGCTATcAGTCGGGCTTTCTTCAGAGCGTCAATAAAGTCAGCAGAGGTCTGCAGCACGGTGTGGTAGGT,76.5768051147461
16,1,2,3,TGG,(-),A>T,ATCTTGTGGAAAGGACGAGGTACCG,GATGGTTTCGGTGACATTAC,GAAGAAAGCCCGACaTATAGCCAGTA,ATGTCACCGAAAC,CGCGGTTCTATCTAGTTACGCGTTA,ATCTTGTGGAAAGGACGAGGTACCGGATGGTTTCGGTGACATTACGTTTCGAGACGAGGATTTTTCGTCTCGGTGCGAAGAAAGCCCGACaTATAGCCAGTAATGTCACCGAAACCGCGGTTCTATCTAGTTACGCGTTA,140,ATCTTGTGGAAAGGACGAGGTACCGGATGGTTTCGGTGACATTACGTTTCAGAGCTATGCTGGAAACAGCATAGCAAGTTGAAATAAGGCTAGTCCGTTATCAACTTGAAAAAGTGGCACCGAGTCGGTGCGAAGAAAGCCCGACaTATAGCCAGTAATGTCACCGAAACCGCGGTTCTATCTAGTTACGCGTTA,195,GTTAATGCCCATGGTTTCGGTGACATTACTGGCTATAtGTCGGGCTTTCTTCAGAGCGTCAATAAAGTCAGCAGAGGTCTGCAGCACGGTGTGGTAGGT,77.02231407165527
17,1,2,4,TGG,(-),A>T,ATCTTGTGGAAAGGACGAGGTACCG,GATGGTTTCGGTGACATTAC,GCCCGACTaATAGCCAGTA,ATGTCACCGAAAC,CGCGGTTCTATCTAGTTACGCGTTA,ATCTTGTGGAAAGGACGAGGTACCGGATGGTTTCGGTGACATTACGTTTCGAGACGTACTTAGGTCGTCTCGGTGCGCCCGACTaATAGCCAGTAATGTCACCGAAACCGCGGTTCTATCTAGTTACGCGTTA,133,ATCTTGTGGAAAGGACGAGGTACCGGATGGTTTCGGTGACATTACGTTTCAGAGCTATGCTGGAAACAGCATAGCAAGTTGAAATAAGGCTAGTCCGTTATCAACTTGAAAAAGTGGCACCGAGTCGGTGCGCCCGACTaATAGCCAGTAATGTCACCGAAACCGCGGTTCTATCTAGTTACGCGTTA,188,GTTAATGCCCATGGTTTCGGTGACATTACTGGCTATtAGTCGGGCTTTCTTCAGAGCGTCAATAAAGTCAGCAGAGGTCTGCAGCACGGTGTGGTAGGT,77.27019488811493
18,2,2,5,TGG,(-),T>A,ATCTTGTGGAAAGGACGAGGTACCG,GATGGTTTCGGTGACATTAC,TCTGAAGAAAGCCCGACTTtTAGCCAGTA,ATGTCACCGAAAC,CGCGGTTCTATCTAGTTACGCGTTA,ATCTTGTGGAAAGGACGAGGTACCGGATGGTTTCGGTGACATTACGTTTCGAGACGCGCGGTTCTCGTCTCGGTGCTCTGAAGAAAGCCCGACTTtTAGCCAGTAATGTCACCGAAACCGCGGTTCTATCTAGTTACGCGTTA,143,ATCTTGTGGAAAGGACGAGGTACCGGATGGTTTCGGTGACATTACGTTTCAGAGCTATGCTGGAAACAGCATAGCAAGTTGAAATAAGGCTAGTCCGTTATCAACTTGAAAAAGTGGCACCGAGTCGGTGCTCTGAAGAAAGCCCGACTTtTAGCCAGTAATGTCACCGAAACCGCGGTTCTATCTAGTTACGCGTTA,198,GTTAATGCCCATGGTTTCGGTGACATTACTGGCTAaAAGTCGGGCTTTCTTCAGAGCGTCAATAAAGTCAGCAGAGGTCTGCAGCACGGTGTGGTAGGT,55.38114309310913
19,1,2,5,TGG,(-),T>G,ATCTTGTGGAAAGGACGAGGTACCG,GATGGTTTCGGTGACATTAC,GAAGAAAGCCCGACTTcTAGCCAGTA,ATGTCACCGAAAC,CGCGGTTCTATCTAGTTACGCGTTA,ATCTTGTGGAAAGGACGAGGTACCGGATGGTTTCGGTGACATTACGTTTCGAGACGACGCGTTCGCGTCTCGGTGCGAAGAAAGCCCGACTTcTAGCCAGTAATGTCACCGAAACCGCGGTTCTATCTAGTTACGCGTTA,140,ATCTTGTGGAAAGGACGAGGTACCGGATGGTTTCGGTGACATTACGTTTCAGAGCTATGCTGGAAACAGCATAGCAAGTTGAAATAAGGCTAGTCCGTTATCAACTTGAAAAAGTGGCACCGAGTCGGTGCGAAGAAAGCCCGACTTcTAGCCAGTAATGTCACCGAAACCGCGGTTCTATCTAGTTACGCGTTA,195,GTTAATGCCCATGGTTTCGGTGACATTACTGGCTAgAAGTCGGGCTTTCTTCAGAGCGTCAATAAAGTCAGCAGAGGTCTGCAGCACGGTGTGGTAGGT,77.07685232162476
20,1,2,3,TGG,(-),A>C,ATCTTGTGGAAAGGACGAGGTACCG,GATGGTTTCGGTGACATTAC,GAAGAAAGCCCGACgTATAGCCAGTA,ATGTCACCGAAAC,CGCGGTTCTATCTAGTTACGCGTTA,ATCTTGTGGAAAGGACGAGGTACCGGATGGTTTCGGTGACATTACGTTTCGAGACGCACATCACACGTCTCGGTGCGAAGAAAGCCCGACgTATAGCCAGTAATGTCACCGAAACCGCGGTTCTATCTAGTTACGCGTTA,140,ATCTTGTGGAAAGGACGAGGTACCGGATGGTTTCGGTGACATTACGTTTCAGAGCTATGCTGGAAACAGCATAGCAAGTTGAAATAAGGCTAGTCCGTTATCAACTTGAAAAAGTGGCACCGAGTCGGTGCGAAGAAAGCCCGACgTATAGCCAGTAATGTCACCGAAACCGCGGTTCTATCTAGTTACGCGTTA,195,GTTAATGCCCATGGTTTCGGTGACATTACTGGCTATAcGTCGGGCTTTCTTCAGAGCGTCAATAAAGTCAGCAGAGGTCTGCAGCACGGTGTGGTAGGT,76.99439525604248
21,1,2,3,TGG,(-),A>G,ATCTTGTGGAAAGGACGAGGTACCG,GATGGTTTCGGTGACATTAC,GAAGAAAGCCCGACcTATAGCCAGTA,ATGTCACCGAAAC,CGCGGTTCTATCTAGTTACGCGTTA,ATCTTGTGGAAAGGACGAGGTACCGGATGGTTTCGGTGACATTACGTTTCGAGACGAGAAAAGAACGTCTCGGTGCGAAGAAAGCCCGACcTATAGCCAGTAATGTCACCGAAACCGCGGTTCTATCTAGTTACGCGTTA,140,ATCTTGTGGAAAGGACGAGGTACCGGATGGTTTCGGTGACATTACGTTTCAGAGCTATGCTGGAAACAGCATAGCAAGTTGAAATAAGGCTAGTCCGTTATCAACTTGAAAAAGTGGCACCGAGTCGGTGCGAAGAAAGCCCGACcTATAGCCAGTAATGTCACCGAAACCGCGGTTCTATCTAGTTACGCGTTA,195,GTTAATGCCCATGGTTTCGGTGACATTACTGGCTATAgGTCGGGCTTTCTTCAGAGCGTCAATAAAGTCAGCAGAGGTCTGCAGCACGGTGTGGTAGGT,75.76293349266052
22,2,2,4,TGG,(-),A>G,ATCTTGTGGAAAGGACGAGGTACCG,GATGGTTTCGGTGACATTAC,GCCCGACTcATAGCCAGTA,ATGTCACCGAAAC,CGCGGTTCTATCTAGTTACGCGTTA,ATCTTGTGGAAAGGACGAGGTACCGGATGGTTTCGGTGACATTACGTTTCGAGACGGGGTCCGATCGTCTCGGTGCGCCCGACTcATAGCCAGTAATGTCACCGAAACCGCGGTTCTATCTAGTTACGCGTTA,133,ATCTTGTGGAAAGGACGAGGTACCGGATGGTTTCGGTGACATTACGTTTCAGAGCTATGCTGGAAACAGCATAGCAAGTTGAAATAAGGCTAGTCCGTTATCAACTTGAAAAAGTGGCACCGAGTCGGTGCGCCCGACTcATAGCCAGTAATGTCACCGAAACCGCGGTTCTATCTAGTTACGCGTTA,188,GTTAATGCCCATGGTTTCGGTGACATTACTGGCTATgAGTCGGGCTTTCTTCAGAGCGTCAATAAAGTCAGCAGAGGTCTGCAGCACGGTGTGGTAGGT,76.98976695537567
23,2,2,5,TGG,(-),T>C,ATCTTGTGGAAAGGACGAGGTACCG,GATGGTTTCGGTGACATTAC,GCCCGACTTgTAGCCAGTA,ATGTCACCGAAAC,CGCGGTTCTATCTAGTTACGCGTTA,ATCTTGTGGAAAGGACGAGGTACCGGATGGTTTCGGTGACATTACGTTTCGAGACGCGATAGGGCCGTCTCGGTGCGCCCGACTTgTAGCCAGTAATGTCACCGAAACCGCGGTTCTATCTAGTTACGCGTTA,133,ATCTTGTGGAAAGGACGAGGTACCGGATGGTTTCGGTGACATTACGTTTCAGAGCTATGCTGGAAACAGCATAGCAAGTTGAAATAAGGCTAGTCCGTTATCAACTTGAAAAAGTGGCACCGAGTCGGTGCGCCCGACTTgTAGCCAGTAATGTCACCGAAACCGCGGTTCTATCTAGTTACGCGTTA,188,GTTAATGCCCATGGTTTCGGTGACATTACTGGCTAcAAGTCGGGCTTTCTTCAGAGCGTCAATAAAGTCAGCAGAGGTCTGCAGCACGGTGTGGTAGGT,77.02685594558716
24,2,2,1,TGG,(-),T>A,ATCTTGTGGAAAGGACGAGGTACCG,GATGGTTTCGGTGACATTAC,GAAGAAAGCCCGtCTTATAGCCAGTA,ATGTCACCGAAA,CGCGGTTCTATCTAGTTACGCGTTA,ATCTTGTGGAAAGGACGAGGTACCGGATGGTTTCGGTGACATTACGTTTCGAGACGCTCTATGAGCGTCTCGGTGCGAAGAAAGCCCGtCTTATAGCCAGTAATGTCACCGAAACGCGGTTCTATCTAGTTACGCGTTA,139,ATCTTGTGGAAAGGACGAGGTACCGGATGGTTTCGGTGACATTACGTTTCAGAGCTATGCTGGAAACAGCATAGCAAGTTGAAATAAGGCTAGTCCGTTATCAACTTGAAAAAGTGGCACCGAGTCGGTGCGAAGAAAGCCCGtCTTATAGCCAGTAATGTCACCGAAACGCGGTTCTATCTAGTTACGCGTTA,194,GTTAATGCCCATGGTTTCGGTGACATTACTGGCTATAAGaCGGGCTTTCTTCAGAGCGTCAATAAAGTCAGCAGAGGTCTGCAGCACGGTGTGGTAGGT,73.38845431804657
25,1,2,2,TGG,(-),G>C,ATCTTGTGGAAAGGACGAGGTACCG,GATGGTTTCGGTGACATTAC,GAAGAAAGCCCGAgTTATAGCCAGTA,ATGTCACCGAAAC,CGCGGTTCTATCTAGTTACGCGTTA,ATCTTGTGGAAAGGACGAGGTACCGGATGGTTTCGGTGACATTACGTTTCGAGACGCAGTGCCCACGTCTCGGTGCGAAGAAAGCCCGAgTTATAGCCAGTAATGTCACCGAAACCGCGGTTCTATCTAGTTACGCGTTA,140,ATCTTGTGGAAAGGACGAGGTACCGGATGGTTTCGGTGACATTACGTTTCAGAGCTATGCTGGAAACAGCATAGCAAGTTGAAATAAGGCTAGTCCGTTATCAACTTGAAAAAGTGGCACCGAGTCGGTGCGAAGAAAGCCCGAgTTATAGCCAGTAATGTCACCGAAACCGCGGTTCTATCTAGTTACGCGTTA,195,GTTAATGCCCATGGTTTCGGTGACATTACTGGCTATAAcTCGGGCTTTCTTCAGAGCGTCAATAAAGTCAGCAGAGGTCTGCAGCACGGTGTGGTAGGT,75.84278285503387
26,2,2,1,TGG,(-),T>G,ATCTTGTGGAAAGGACGAGGTACCG,GATGGTTTCGGTGACATTAC,GAAGAAAGCCCGcCTTATAGCCAGTA,ATGTCACCGAAA,CGCGGTTCTATCTAGTTACGCGTTA,ATCTTGTGGAAAGGACGAGGTACCGGATGGTTTCGGTGACATTACGTTTCGAGACGTTCACTTAACGTCTCGGTGCGAAGAAAGCCCGcCTTATAGCCAGTAATGTCACCGAAACGCGGTTCTATCTAGTTACGCGTTA,139,ATCTTGTGGAAAGGACGAGGTACCGGATGGTTTCGGTGACATTACGTTTCAGAGCTATGCTGGAAACAGCATAGCAAGTTGAAATAAGGCTAGTCCGTTATCAACTTGAAAAAGTGGCACCGAGTCGGTGCGAAGAAAGCCCGcCTTATAGCCAGTAATGTCACCGAAACGCGGTTCTATCTAGTTACGCGTTA,194,GTTAATGCCCATGGTTTCGGTGACATTACTGGCTATAAGgCGGGCTTTCTTCAGAGCGTCAATAAAGTCAGCAGAGGTCTGCAGCACGGTGTGGTAGGT,73.96940588951111
27,2,2,2,TGG,(-),G>A,ATCTTGTGGAAAGGACGAGGTACCG,GATGGTTTCGGTGACATTAC,GAAGAAAGCCCGAtTTATAGCCAGTA,ATGTCACCGAAA,CGCGGTTCTATCTAGTTACGCGTTA,ATCTTGTGGAAAGGACGAGGTACCGGATGGTTTCGGTGACATTACGTTTCGAGACGAGCGTTGTTCGTCTCGGTGCGAAGAAAGCCCGAtTTATAGCCAGTAATGTCACCGAAACGCGGTTCTATCTAGTTACGCGTTA,139,ATCTTGTGGAAAGGACGAGGTACCGGATGGTTTCGGTGACATTACGTTTCAGAGCTATGCTGGAAACAGCATAGCAAGTTGAAATAAGGCTAGTCCGTTATCAACTTGAAAAAGTGGCACCGAGTCGGTGCGAAGAAAGCCCGAtTTATAGCCAGTAATGTCACCGAAACGCGGTTCTATCTAGTTACGCGTTA,194,GTTAATGCCCATGGTTTCGGTGACATTACTGGCTATAAaTCGGGCTTTCTTCAGAGCGTCAATAAAGTCAGCAGAGGTCTGCAGCACGGTGTGGTAGGT,70.74065506458282
28,1,2,1,TGG,(-),T>C,ATCTTGTGGAAAGGACGAGGTACCG,GATGGTTTCGGTGACATTAC,GAAGAAAGCCCGgCTTATAGCCAGTA,ATGTCACCGAAAC,CGCGGTTCTATCTAGTTACGCGTTA,ATCTTGTGGAAAGGACGAGGTACCGGATGGTTTCGGTGACATTACGTTTCGAGACGTCTGCCACACGTCTCGGTGCGAAGAAAGCCCGgCTTATAGCCAGTAATGTCACCGAAACCGCGGTTCTATCTAGTTACGCGTTA,140,ATCTTGTGGAAAGGACGAGGTACCGGATGGTTTCGGTGACATTACGTTTCAGAGCTATGCTGGAAACAGCATAGCAAGTTGAAATAAGGCTAGTCCGTTATCAACTTGAAAAAGTGGCACCGAGTCGGTGCGAAGAAAGCCCGgCTTATAGCCAGTAATGTCACCGAAACCGCGGTTCTATCTAGTTACGCGTTA,195,GTTAATGCCCATGGTTTCGGTGACATTACTGGCTATAAGcCGGGCTTTCTTCAGAGCGTCAATAAAGTCAGCAGAGGTCTGCAGCACGGTGTGGTAGGT,75.22680163383484
29,3,2,2,TGG,(-),G>T,ATCTTGTGGAAAGGACGAGGTACCG,GATGGTTTCGGTGACATTAC,GAAGAAAGCCCGAaTTATAGCCAGTA,ATGTCACCGAAAC,CGCGGTTCTATCTAGTTACGCGTTA,ATCTTGTGGAAAGGACGAGGTACCGGATGGTTTCGGTGACATTACGTTTCGAGACGCTTTTAATCCGTCTCGGTGCGAAGAAAGCCCGAaTTATAGCCAGTAATGTCACCGAAACCGCGGTTCTATCTAGTTACGCGTTA,140,ATCTTGTGGAAAGGACGAGGTACCGGATGGTTTCGGTGACATTACGTTTCAGAGCTATGCTGGAAACAGCATAGCAAGTTGAAATAAGGCTAGTCCGTTATCAACTTGAAAAAGTGGCACCGAGTCGGTGCGAAGAAAGCCCGAaTTATAGCCAGTAATGTCACCGAAACCGCGGTTCTATCTAGTTACGCGTTA,195,GTTAATGCCCATGGTTTCGGTGACATTACTGGCTATAAtTCGGGCTTTCTTCAGAGCGTCAATAAAGTCAGCAGAGGTCTGCAGCACGGTGTGGTAGGT,75.21093785762787
30,4,3,2,CGG,(-),G>C,ATCTTGTGGAAAGGACGAGGTACCG,GGACATTACTGGCTATAAGT,TCTGAAGAAAGCCCGAgT,TATAGCCAGTAATG,CGCGGTTCTATCTAGTTACGCGTTA,ATCTTGTGGAAAGGACGAGGTACCGGGACATTACTGGCTATAAGTGTTTCGAGACGCAATCCACGCGTCTCGGTGCTCTGAAGAAAGCCCGAgTTATAGCCAGTAATGCGCGGTTCTATCTAGTTACGCGTTA,133,ATCTTGTGGAAAGGACGAGGTACCGGGACATTACTGGCTATAAGTGTTTCAGAGCTATGCTGGAAACAGCATAGCAAGTTGAAATAAGGCTAGTCCGTTATCAACTTGAAAAAGTGGCACCGAGTCGGTGCTCTGAAGAAAGCCCGAgTTATAGCCAGTAATGCGCGGTTCTATCTAGTTACGCGTTA,188,TGGTTTCGGTGACATTACTGGCTATAAcTCGGGCTTTCTTCAGAGCGTCAATAAAGTCAGCAGAGGTCTGCAGCACGGTGTGGTAGGTCATGAAGTACG,72.18351364135742
31,4,3,1,CGG,(-),T>C,ATCTTGTGGAAAGGACGAGGTACCG,GGACATTACTGGCTATAAGT,TCTGAAGAAAGCCCGgCT,TATAGCCAGTAATG,CGCGGTTCTATCTAGTTACGCGTTA,ATCTTGTGGAAAGGACGAGGTACCGGGACATTACTGGCTATAAGTGTTTCGAGACGTTCCCCCCTCGTCTCGGTGCTCTGAAGAAAGCCCGgCTTATAGCCAGTAATGCGCGGTTCTATCTAGTTACGCGTTA,133,ATCTTGTGGAAAGGACGAGGTACCGGGACATTACTGGCTATAAGTGTTTCAGAGCTATGCTGGAAACAGCATAGCAAGTTGAAATAAGGCTAGTCCGTTATCAACTTGAAAAAGTGGCACCGAGTCGGTGCTCTGAAGAAAGCCCGgCTTATAGCCAGTAATGCGCGGTTCTATCTAGTTACGCGTTA,188,TGGTTTCGGTGACATTACTGGCTATAAGcCGGGCTTTCTTCAGAGCGTCAATAAAGTCAGCAGAGGTCTGCAGCACGGTGTGGTAGGTCATGAAGTACG,69.62050497531891
32,4,3,1,CGG,(-),T>A,ATCTTGTGGAAAGGACGAGGTACCG,GGACATTACTGGCTATAAGT,TCTGAAGAAAGCCCGtCT,TATAGCCAGTAATG,CGCGGTTCTATCTAGTTACGCGTTA,ATCTTGTGGAAAGGACGAGGTACCGGGACATTACTGGCTATAAGTGTTTCGAGACGTCAGCATTACGTCTCGGTGCTCTGAAGAAAGCCCGtCTTATAGCCAGTAATGCGCGGTTCTATCTAGTTACGCGTTA,133,ATCTTGTGGAAAGGACGAGGTACCGGGACATTACTGGCTATAAGTGTTTCAGAGCTATGCTGGAAACAGCATAGCAAGTTGAAATAAGGCTAGTCCGTTATCAACTTGAAAAAGTGGCACCGAGTCGGTGCTCTGAAGAAAGCCCGtCTTATAGCCAGTAATGCGCGGTTCTATCTAGTTACGCGTTA,188,TGGTTTCGGTGACATTACTGGCTATAAGaCGGGCTTTCTTCAGAGCGTCAATAAAGTCAGCAGAGGTCTGCAGCACGGTGTGGTAGGTCATGAAGTACG,71.81918323040009
33,4,3,1,CGG,(-),T>G,ATCTTGTGGAAAGGACGAGGTACCG,GGACATTACTGGCTATAAGT,TCTGAAGAAAGCCCGcCT,TATAGCCAGTAATG,CGCGGTTCTATCTAGTTACGCGTTA,ATCTTGTGGAAAGGACGAGGTACCGGGACATTACTGGCTATAAGTGTTTCGAGACGACGACCGAGCGTCTCGGTGCTCTGAAGAAAGCCCGcCTTATAGCCAGTAATGCGCGGTTCTATCTAGTTACGCGTTA,133,ATCTTGTGGAAAGGACGAGGTACCGGGACATTACTGGCTATAAGTGTTTCAGAGCTATGCTGGAAACAGCATAGCAAGTTGAAATAAGGCTAGTCCGTTATCAACTTGAAAAAGTGGCACCGAGTCGGTGCTCTGAAGAAAGCCCGcCTTATAGCCAGTAATGCGCGGTTCTATCTAGTTACGCGTTA,188,TGGTTTCGGTGACATTACTGGCTATAAGgCGGGCTTTCTTCAGAGCGTCAATAAAGTCAGCAGAGGTCTGCAGCACGGTGTGGTAGGTCATGAAGTACG,68.28969717025757
34,2,3,2,CGG,(-),G>T,ATCTTGTGGAAAGGACGAGGTACCG,GGACATTACTGGCTATAAGT,TCTGAAGAAAGCCCGAaT,TATAGCCAGTAATG,CGCGGTTCTATCTAGTTACGCGTTA,ATCTTGTGGAAAGGACGAGGTACCGGGACATTACTGGCTATAAGTGTTTCGAGACGGTTGTGGCGCGTCTCGGTGCTCTGAAGAAAGCCCGAaTTATAGCCAGTAATGCGCGGTTCTATCTAGTTACGCGTTA,133,ATCTTGTGGAAAGGACGAGGTACCGGGACATTACTGGCTATAAGTGTTTCAGAGCTATGCTGGAAACAGCATAGCAAGTTGAAATAAGGCTAGTCCGTTATCAACTTGAAAAAGTGGCACCGAGTCGGTGCTCTGAAGAAAGCCCGAaTTATAGCCAGTAATGCGCGGTTCTATCTAGTTACGCGTTA,188,TGGTTTCGGTGACATTACTGGCTATAAtTCGGGCTTTCTTCAGAGCGTCAATAAAGTCAGCAGAGGTCTGCAGCACGGTGTGGTAGGTCATGAAGTACG,75.88505744934082
35,2,3,3,CGG,(-),A>T,ATCTTGTGGAAAGGACGAGGTACCG,GGACATTACTGGCTATAAGT,TCTGAAGAAAGCCCGACa,TATAGCCAGTAATG,CGCGGTTCTATCTAGTTACGCGTTA,ATCTTGTGGAAAGGACGAGGTACCGGGACATTACTGGCTATAAGTGTTTCGAGACGATTGCGATCCGTCTCGGTGCTCTGAAGAAAGCCCGACaTATAGCCAGTAATGCGCGGTTCTATCTAGTTACGCGTTA,133,ATCTTGTGGAAAGGACGAGGTACCGGGACATTACTGGCTATAAGTGTTTCAGAGCTATGCTGGAAACAGCATAGCAAGTTGAAATAAGGCTAGTCCGTTATCAACTTGAAAAAGTGGCACCGAGTCGGTGCTCTGAAGAAAGCCCGACaTATAGCCAGTAATGCGCGGTTCTATCTAGTTACGCGTTA,188,TGGTTTCGGTGACATTACTGGCTATAtGTCGGGCTTTCTTCAGAGCGTCAATAAAGTCAGCAGAGGTCTGCAGCACGGTGTGGTAGGTCATGAAGTACG,76.1652410030365
36,3,3,3,CGG,(-),A>C,ATCTTGTGGAAAGGACGAGGTACCG,GGACATTACTGGCTATAAGT,TCTGAAGAAAGCCCGACg,TATAGCCAGTAATG,CGCGGTTCTATCTAGTTACGCGTTA,ATCTTGTGGAAAGGACGAGGTACCGGGACATTACTGGCTATAAGTGTTTCGAGACGCCTACGACACGTCTCGGTGCTCTGAAGAAAGCCCGACgTATAGCCAGTAATGCGCGGTTCTATCTAGTTACGCGTTA,133,ATCTTGTGGAAAGGACGAGGTACCGGGACATTACTGGCTATAAGTGTTTCAGAGCTATGCTGGAAACAGCATAGCAAGTTGAAATAAGGCTAGTCCGTTATCAACTTGAAAAAGTGGCACCGAGTCGGTGCTCTGAAGAAAGCCCGACgTATAGCCAGTAATGCGCGGTTCTATCTAGTTACGCGTTA,188,TGGTTTCGGTGACATTACTGGCTATAcGTCGGGCTTTCTTCAGAGCGTCAATAAAGTCAGCAGAGGTCTGCAGCACGGTGTGGTAGGTCATGAAGTACG,72.95777499675751
37,3,3,3,CGG,(-),A>G,ATCTTGTGGAAAGGACGAGGTACCG,GGACATTACTGGCTATAAGT,GAAGAAAGCCCGACc,TATAGCCAG,CGCGGTTCTATCTAGTTACGCGTTA,ATCTTGTGGAAAGGACGAGGTACCGGGACATTACTGGCTATAAGTGTTTCGAGACGGGTCTACTGCGTCTCGGTGCGAAGAAAGCCCGACcTATAGCCAGCGCGGTTCTATCTAGTTACGCGTTA,125,ATCTTGTGGAAAGGACGAGGTACCGGGACATTACTGGCTATAAGTGTTTCAGAGCTATGCTGGAAACAGCATAGCAAGTTGAAATAAGGCTAGTCCGTTATCAACTTGAAAAAGTGGCACCGAGTCGGTGCGAAGAAAGCCCGACcTATAGCCAGCGCGGTTCTATCTAGTTACGCGTTA,180,TGGTTTCGGTGACATTACTGGCTATAgGTCGGGCTTTCTTCAGAGCGTCAATAAAGTCAGCAGAGGTCTGCAGCACGGTGTGGTAGGTCATGAAGTACG,73.72314929962158
38,4,3,2,CGG,(-),G>A,ATCTTGTGGAAAGGACGAGGTACCG,GGACATTACTGGCTATAAGT,TCTGAAGAAAGCCCGAtT,TATAGCCAGTAATG,CGCGGTTCTATCTAGTTACGCGTTA,ATCTTGTGGAAAGGACGAGGTACCGGGACATTACTGGCTATAAGTGTTTCGAGACGCGTACACGACGTCTCGGTGCTCTGAAGAAAGCCCGAtTTATAGCCAGTAATGCGCGGTTCTATCTAGTTACGCGTTA,133,ATCTTGTGGAAAGGACGAGGTACCGGGACATTACTGGCTATAAGTGTTTCAGAGCTATGCTGGAAACAGCATAGCAAGTTGAAATAAGGCTAGTCCGTTATCAACTTGAAAAAGTGGCACCGAGTCGGTGCTCTGAAGAAAGCCCGAtTTATAGCCAGTAATGCGCGGTTCTATCTAGTTACGCGTTA,188,TGGTTTCGGTGACATTACTGGCTATAAaTCGGGCTTTCTTCAGAGCGTCAATAAAGTCAGCAGAGGTCTGCAGCACGGTGTGGTAGGTCATGAAGTACG,69.86635625362396
39,1,4,2,GGG,(-),G>T,ATCTTGTGGAAAGGACGAGGTACCG,GACATTACTGGCTATAAGTC,TCTGAAGAAAGCCCGAa,TTATAGCCAGTAAT,CGCGGTTCTATCTAGTTACGCGTTA,ATCTTGTGGAAAGGACGAGGTACCGGACATTACTGGCTATAAGTCGTTTCGAGACGAAACGGGTCCGTCTCGGTGCTCTGAAGAAAGCCCGAaTTATAGCCAGTAATCGCGGTTCTATCTAGTTACGCGTTA,132,ATCTTGTGGAAAGGACGAGGTACCGGACATTACTGGCTATAAGTCGTTTCAGAGCTATGCTGGAAACAGCATAGCAAGTTGAAATAAGGCTAGTCCGTTATCAACTTGAAAAAGTGGCACCGAGTCGGTGCTCTGAAGAAAGCCCGAaTTATAGCCAGTAATCGCGGTTCTATCTAGTTACGCGTTA,187,GGTTTCGGTGACATTACTGGCTATAAtTCGGGCTTTCTTCAGAGCGTCAATAAAGTCAGCAGAGGTCTGCAGCACGGTGTGGTAGGTCATGAAGTACGT,76.18934214115143
40,3,4,1,GGG,(-),T>C,ATCTTGTGGAAAGGACGAGGTACCG,GACATTACTGGCTATAAGTC,GAAGAAAGCCCGgC,TTATAGCCAGTAA,CGCGGTTCTATCTAGTTACGCGTTA,ATCTTGTGGAAAGGACGAGGTACCGGACATTACTGGCTATAAGTCGTTTCGAGACGATATGCCACCGTCTCGGTGCGAAGAAAGCCCGgCTTATAGCCAGTAACGCGGTTCTATCTAGTTACGCGTTA,128,ATCTTGTGGAAAGGACGAGGTACCGGACATTACTGGCTATAAGTCGTTTCAGAGCTATGCTGGAAACAGCATAGCAAGTTGAAATAAGGCTAGTCCGTTATCAACTTGAAAAAGTGGCACCGAGTCGGTGCGAAGAAAGCCCGgCTTATAGCCAGTAACGCGGTTCTATCTAGTTACGCGTTA,183,GGTTTCGGTGACATTACTGGCTATAAGcCGGGCTTTCTTCAGAGCGTCAATAAAGTCAGCAGAGGTCTGCAGCACGGTGTGGTAGGTCATGAAGTACGT,71.94029986858368
41,3,4,2,GGG,(-),G>A,ATCTTGTGGAAAGGACGAGGTACCG,GACATTACTGGCTATAAGTC,TCTGAAGAAAGCCCGAt,TTATAGCCAGTAA,CGCGGTTCTATCTAGTTACGCGTTA,ATCTTGTGGAAAGGACGAGGTACCGGACATTACTGGCTATAAGTCGTTTCGAGACGACTCATGACCGTCTCGGTGCTCTGAAGAAAGCCCGAtTTATAGCCAGTAACGCGGTTCTATCTAGTTACGCGTTA,131,ATCTTGTGGAAAGGACGAGGTACCGGACATTACTGGCTATAAGTCGTTTCAGAGCTATGCTGGAAACAGCATAGCAAGTTGAAATAAGGCTAGTCCGTTATCAACTTGAAAAAGTGGCACCGAGTCGGTGCTCTGAAGAAAGCCCGAtTTATAGCCAGTAACGCGGTTCTATCTAGTTACGCGTTA,186,GGTTTCGGTGACATTACTGGCTATAAaTCGGGCTTTCTTCAGAGCGTCAATAAAGTCAGCAGAGGTCTGCAGCACGGTGTGGTAGGTCATGAAGTACGT,70.11020183563232
42,3,4,1,GGG,(-),T>G,ATCTTGTGGAAAGGACGAGGTACCG,GACATTACTGGCTATAAGTC,TCTGAAGAAAGCCCGcC,TTATAGCCAGTAA,CGCGGTTCTATCTAGTTACGCGTTA,ATCTTGTGGAAAGGACGAGGTACCGGACATTACTGGCTATAAGTCGTTTCGAGACGATAGAGAATCGTCTCGGTGCTCTGAAGAAAGCCCGcCTTATAGCCAGTAACGCGGTTCTATCTAGTTACGCGTTA,131,ATCTTGTGGAAAGGACGAGGTACCGGACATTACTGGCTATAAGTCGTTTCAGAGCTATGCTGGAAACAGCATAGCAAGTTGAAATAAGGCTAGTCCGTTATCAACTTGAAAAAGTGGCACCGAGTCGGTGCTCTGAAGAAAGCCCGcCTTATAGCCAGTAACGCGGTTCTATCTAGTTACGCGTTA,186,GGTTTCGGTGACATTACTGGCTATAAGgCGGGCTTTCTTCAGAGCGTCAATAAAGTCAGCAGAGGTCTGCAGCACGGTGTGGTAGGTCATGAAGTACGT,70.1593667268753
43,3,4,1,GGG,(-),T>A,ATCTTGTGGAAAGGACGAGGTACCG,GACATTACTGGCTATAAGTC,TCTGAAGAAAGCCCGtC,TTATAGCCAGTAA,CGCGGTTCTATCTAGTTACGCGTTA,ATCTTGTGGAAAGGACGAGGTACCGGACATTACTGGCTATAAGTCGTTTCGAGACGCACATATGTCGTCTCGGTGCTCTGAAGAAAGCCCGtCTTATAGCCAGTAACGCGGTTCTATCTAGTTACGCGTTA,131,ATCTTGTGGAAAGGACGAGGTACCGGACATTACTGGCTATAAGTCGTTTCAGAGCTATGCTGGAAACAGCATAGCAAGTTGAAATAAGGCTAGTCCGTTATCAACTTGAAAAAGTGGCACCGAGTCGGTGCTCTGAAGAAAGCCCGtCTTATAGCCAGTAACGCGGTTCTATCTAGTTACGCGTTA,186,GGTTTCGGTGACATTACTGGCTATAAGaCGGGCTTTCTTCAGAGCGTCAATAAAGTCAGCAGAGGTCTGCAGCACGGTGTGGTAGGTCATGAAGTACGT,72.57647812366486
44,3,4,2,GGG,(-),G>C,ATCTTGTGGAAAGGACGAGGTACCG,GACATTACTGGCTATAAGTC,GAAGAAAGCCCGAg,TTATAGCCAGTAA,CGCGGTTCTATCTAGTTACGCGTTA,ATCTTGTGGAAAGGACGAGGTACCGGACATTACTGGCTATAAGTCGTTTCGAGACGTCAGTGCTGCGTCTCGGTGCGAAGAAAGCCCGAgTTATAGCCAGTAACGCGGTTCTATCTAGTTACGCGTTA,128,ATCTTGTGGAAAGGACGAGGTACCGGACATTACTGGCTATAAGTCGTTTCAGAGCTATGCTGGAAACAGCATAGCAAGTTGAAATAAGGCTAGTCCGTTATCAACTTGAAAAAGTGGCACCGAGTCGGTGCGAAGAAAGCCCGAgTTATAGCCAGTAACGCGGTTCTATCTAGTTACGCGTTA,183,GGTTTCGGTGACATTACTGGCTATAAcTCGGGCTTTCTTCAGAGCGTCAATAAAGTCAGCAGAGGTCTGCAGCACGGTGTGGTAGGTCATGAAGTACGT,74.44439232349396
