peg No. (within edit),PAM No.,Edit Position (sat. area),PAM,Strand,Edit,LHA,Spacer,RTTs,PBS,RHA,Complete pegRNA,Length (bp),Complete pegRNA (SF),Length (bp) (SF),Reference Sequence,PRIDICT2.0 Score,Complete epegRNA,Complete epegRNA (SF),Syn. Mutation Position,Filler
1,1,1,CGG,(-),T>A,ATCTTGTGGAAAGGACGAGGTACCG,GCCGTTAATGCCCATGGTTT,GAAGAAAGCCCGTCTTATAGCCAGTAATGTCACAGAAA,CCATGGGCAT,CGCGGTTCTATCTAGTTACGCGTTA,ATCTTGTGGAAAGGACGAGGTACCGGCCGTTAATGCCCATGGTTTGTTTCGAGACGGATCGACGGCGTCTCGGTGCGAAGAAAGCCCGtCTTATAGCCAGTAATGTCACCGAAACCATGGGCATCGCGGTTCTATCTAGTTACGCGTTA,149,ATCTTGTGGAAAGGACGAGGTACCGGCCGTTAATGCCCATGGTTTGTTTCAGAGCTATGCTGGAAACAGCATAGCAAGTTGAAATAAGGCTAGTCCGTTATCAACTTGAAAAAGTGGCACCGAGTCGGTGCGAAGAAAGCCCGtCTTATAGCCAGTAATGTCACCGAAACCATGGGCATCGCGGTTCTATCTAGTTACGCGTTA,204,TACAGCTGGGTCTGACCTCTGAGTCCAGGGTCAGGTGATTTTGCTTAGCCTCAAGTGCTCAGATTCTGCTGATATTTTGCAAGACCTGGACTCTCTTGACACCCAGGATTCTTTCCTCAGGGGACATGCTGCCTATAGTTCTGCAGTTAACATCCTCCTTGGCCATGGCACCAGGGTCGGAGCCACGTACTTCATGACCTACCACACCGTGCTGCAGACCTCTGCTGACTTTATTGACGCTCTGAAGAAAGCCCGtCTTATAGCCAGTAATGTCACaGAAACCATGGGCATTAACGGCAGTGCCTACCGAGTATTTCCTTACAGGTAAAGCCTGCCCTTTTTCAATGGGGTTTACCCAGCAAAGGGCCTACACTGGGTGGGAGTGGGGAGGGTTCCCTTGGCAAGATGCTGATTTTCAGGTTGGGTTCTGGCCCCTGCTCCATT,73.9527940750122,,GCCGTTAATGCCCATGGTTTGTTTCAGAGCTATGCTGGAAACAGCATAGCAAGTTGAAATAAGGCTAGTCCGTTATCAACTTGAAAAAGTGGCACCGAGTCGGTGCGAAGAAAGCCCGTCTTATAGCCAGTAATGTCACAGAAACCATGGGCAT,9,
2,1,1,CGG,(-),T>C,ATCTTGTGGAAAGGACGAGGTACCG,GCCGTTAATGCCCATGGTTT,GAAGAAAGCCCGGCTTATAGCCAGTAATGTCACAGAAA,CCATGGGCAT,CGCGGTTCTATCTAGTTACGCGTTA,ATCTTGTGGAAAGGACGAGGTACCGGCCGTTAATGCCCATGGTTTGTTTCGAGACGGCCGTGGCTCGTCTCGGTGCGAAGAAAGCCCGgCTTATAGCCAGTAATGTCACCGAAACCATGGGCATCGCGGTTCTATCTAGTTACGCGTTA,149,ATCTTGTGGAAAGGACGAGGTACCGGCCGTTAATGCCCATGGTTTGTTTCAGAGCTATGCTGGAAACAGCATAGCAAGTTGAAATAAGGCTAGTCCGTTATCAACTTGAAAAAGTGGCACCGAGTCGGTGCGAAGAAAGCCCGgCTTATAGCCAGTAATGTCACCGAAACCATGGGCATCGCGGTTCTATCTAGTTACGCGTTA,204,TACAGCTGGGTCTGACCTCTGAGTCCAGGGTCAGGTGATTTTGCTTAGCCTCAAGTGCTCAGATTCTGCTGATATTTTGCAAGACCTGGACTCTCTTGACACCCAGGATTCTTTCCTCAGGGGACATGCTGCCTATAGTTCTGCAGTTAACATCCTCCTTGGCCATGGCACCAGGGTCGGAGCCACGTACTTCATGACCTACCACACCGTGCTGCAGACCTCTGCTGACTTTATTGACGCTCTGAAGAAAGCCCGgCTTATAGCCAGTAATGTCACaGAAACCATGGGCATTAACGGCAGTGCCTACCGAGTATTTCCTTACAGGTAAAGCCTGCCCTTTTTCAATGGGGTTTACCCAGCAAAGGGCCTACACTGGGTGGGAGTGGGGAGGGTTCCCTTGGCAAGATGCTGATTTTCAGGTTGGGTTCTGGCCCCTGCTCCATT,74.54187870025635,,GCCGTTAATGCCCATGGTTTGTTTCAGAGCTATGCTGGAAACAGCATAGCAAGTTGAAATAAGGCTAGTCCGTTATCAACTTGAAAAAGTGGCACCGAGTCGGTGCGAAGAAAGCCCGGCTTATAGCCAGTAATGTCACAGAAACCATGGGCAT,9,
2,1,2,CGG,(-),G>C,ATCTTGTGGAAAGGACGAGGTACCG,GCCGTTAATGCCCATGGTTT,GAAGAAAGCCCGAGTTATAGCCAGTAATGTCACAGAAA,CCATGGGCAT,CGCGGTTCTATCTAGTTACGCGTTA,ATCTTGTGGAAAGGACGAGGTACCGGCCGTTAATGCCCATGGTTTGTTTCGAGACGCTCGAATATCGTCTCGGTGCGAAGAAAGCCCGAgTTATAGCCAGTAATGTCACCGAAACCATGGGCATCGCGGTTCTATCTAGTTACGCGTTA,149,ATCTTGTGGAAAGGACGAGGTACCGGCCGTTAATGCCCATGGTTTGTTTCAGAGCTATGCTGGAAACAGCATAGCAAGTTGAAATAAGGCTAGTCCGTTATCAACTTGAAAAAGTGGCACCGAGTCGGTGCGAAGAAAGCCCGAgTTATAGCCAGTAATGTCACCGAAACCATGGGCATCGCGGTTCTATCTAGTTACGCGTTA,204,TACAGCTGGGTCTGACCTCTGAGTCCAGGGTCAGGTGATTTTGCTTAGCCTCAAGTGCTCAGATTCTGCTGATATTTTGCAAGACCTGGACTCTCTTGACACCCAGGATTCTTTCCTCAGGGGACATGCTGCCTATAGTTCTGCAGTTAACATCCTCCTTGGCCATGGCACCAGGGTCGGAGCCACGTACTTCATGACCTACCACACCGTGCTGCAGACCTCTGCTGACTTTATTGACGCTCTGAAGAAAGCCCGAgTTATAGCCAGTAATGTCACaGAAACCATGGGCATTAACGGCAGTGCCTACCGAGTATTTCCTTACAGGTAAAGCCTGCCCTTTTTCAATGGGGTTTACCCAGCAAAGGGCCTACACTGGGTGGGAGTGGGGAGGGTTCCCTTGGCAAGATGCTGATTTTCAGGTTGGGTTCTGGCCCCTGCTCCATT,74.6708631515503,,GCCGTTAATGCCCATGGTTTGTTTCAGAGCTATGCTGGAAACAGCATAGCAAGTTGAAATAAGGCTAGTCCGTTATCAACTTGAAAAAGTGGCACCGAGTCGGTGCGAAGAAAGCCCGAGTTATAGCCAGTAATGTCACAGAAACCATGGGCAT,9,
2,1,3,CGG,(-),A>G,ATCTTGTGGAAAGGACGAGGTACCG,GCCGTTAATGCCCATGGTTT,GAAGAAAGCCCGACCTATAGCCAGTAATGTCACAGAAA,CCATGGGCAT,CGCGGTTCTATCTAGTTACGCGTTA,ATCTTGTGGAAAGGACGAGGTACCGGCCGTTAATGCCCATGGTTTGTTTCGAGACGCTACTAGGGCGTCTCGGTGCGAAGAAAGCCCGACcTATAGCCAGTAATGTCACCGAAACCATGGGCATCGCGGTTCTATCTAGTTACGCGTTA,149,ATCTTGTGGAAAGGACGAGGTACCGGCCGTTAATGCCCATGGTTTGTTTCAGAGCTATGCTGGAAACAGCATAGCAAGTTGAAATAAGGCTAGTCCGTTATCAACTTGAAAAAGTGGCACCGAGTCGGTGCGAAGAAAGCCCGACcTATAGCCAGTAATGTCACCGAAACCATGGGCATCGCGGTTCTATCTAGTTACGCGTTA,204,TACAGCTGGGTCTGACCTCTGAGTCCAGGGTCAGGTGATTTTGCTTAGCCTCAAGTGCTCAGATTCTGCTGATATTTTGCAAGACCTGGACTCTCTTGACACCCAGGATTCTTTCCTCAGGGGACATGCTGCCTATAGTTCTGCAGTTAACATCCTCCTTGGCCATGGCACCAGGGTCGGAGCCACGTACTTCATGACCTACCACACCGTGCTGCAGACCTCTGCTGACTTTATTGACGCTCTGAAGAAAGCCCGACcTATAGCCAGTAATGTCACaGAAACCATGGGCATTAACGGCAGTGCCTACCGAGTATTTCCTTACAGGTAAAGCCTGCCCTTTTTCAATGGGGTTTACCCAGCAAAGGGCCTACACTGGGTGGGAGTGGGGAGGGTTCCCTTGGCAAGATGCTGATTTTCAGGTTGGGTTCTGGCCCCTGCTCCATT,75.59164762496948,,GCCGTTAATGCCCATGGTTTGTTTCAGAGCTATGCTGGAAACAGCATAGCAAGTTGAAATAAGGCTAGTCCGTTATCAACTTGAAAAAGTGGCACCGAGTCGGTGCGAAGAAAGCCCGACCTATAGCCAGTAATGTCACAGAAACCATGGGCAT,9,
2,1,3,CGG,(-),A>C,ATCTTGTGGAAAGGACGAGGTACCG,GCCGTTAATGCCCATGGTTT,CCCGACGTATAGCCAGTAATGTCACAGAAA,CCATGGGCAT,CGCGGTTCTATCTAGTTACGCGTTA,ATCTTGTGGAAAGGACGAGGTACCGGCCGTTAATGCCCATGGTTTGTTTCGAGACGTGTATAAGTCGTCTCGGTGCCCCGACgTATAGCCAGTAATGTCACCGAAACCATGGGCATCGCGGTTCTATCTAGTTACGCGTTA,141,ATCTTGTGGAAAGGACGAGGTACCGGCCGTTAATGCCCATGGTTTGTTTCAGAGCTATGCTGGAAACAGCATAGCAAGTTGAAATAAGGCTAGTCCGTTATCAACTTGAAAAAGTGGCACCGAGTCGGTGCCCCGACgTATAGCCAGTAATGTCACCGAAACCATGGGCATCGCGGTTCTATCTAGTTACGCGTTA,196,TACAGCTGGGTCTGACCTCTGAGTCCAGGGTCAGGTGATTTTGCTTAGCCTCAAGTGCTCAGATTCTGCTGATATTTTGCAAGACCTGGACTCTCTTGACACCCAGGATTCTTTCCTCAGGGGACATGCTGCCTATAGTTCTGCAGTTAACATCCTCCTTGGCCATGGCACCAGGGTCGGAGCCACGTACTTCATGACCTACCACACCGTGCTGCAGACCTCTGCTGACTTTATTGACGCTCTGAAGAAAGCCCGACgTATAGCCAGTAATGTCACaGAAACCATGGGCATTAACGGCAGTGCCTACCGAGTATTTCCTTACAGGTAAAGCCTGCCCTTTTTCAATGGGGTTTACCCAGCAAAGGGCCTACACTGGGTGGGAGTGGGGAGGGTTCCCTTGGCAAGATGCTGATTTTCAGGTTGGGTTCTGGCCCCTGCTCCATT,75.94414353370667,,GCCGTTAATGCCCATGGTTTGTTTCAGAGCTATGCTGGAAACAGCATAGCAAGTTGAAATAAGGCTAGTCCGTTATCAACTTGAAAAAGTGGCACCGAGTCGGTGCCCCGACGTATAGCCAGTAATGTCACAGAAACCATGGGCAT,17,
1,1,2,CGG,(-),G>A,ATCTTGTGGAAAGGACGAGGTACCG,GCCGTTAATGCCCATGGTTT,GAAGAAAGCCCGATTTATAGCCAGTAATGTCACAGAAA,CCATGGGCAT,CGCGGTTCTATCTAGTTACGCGTTA,ATCTTGTGGAAAGGACGAGGTACCGGCCGTTAATGCCCATGGTTTGTTTCGAGACGTATCGGACACGTCTCGGTGCGAAGAAAGCCCGAtTTATAGCCAGTAATGTCACCGAAACCATGGGCATCGCGGTTCTATCTAGTTACGCGTTA,149,ATCTTGTGGAAAGGACGAGGTACCGGCCGTTAATGCCCATGGTTTGTTTCAGAGCTATGCTGGAAACAGCATAGCAAGTTGAAATAAGGCTAGTCCGTTATCAACTTGAAAAAGTGGCACCGAGTCGGTGCGAAGAAAGCCCGAtTTATAGCCAGTAATGTCACCGAAACCATGGGCATCGCGGTTCTATCTAGTTACGCGTTA,204,TACAGCTGGGTCTGACCTCTGAGTCCAGGGTCAGGTGATTTTGCTTAGCCTCAAGTGCTCAGATTCTGCTGATATTTTGCAAGACCTGGACTCTCTTGACACCCAGGATTCTTTCCTCAGGGGACATGCTGCCTATAGTTCTGCAGTTAACATCCTCCTTGGCCATGGCACCAGGGTCGGAGCCACGTACTTCATGACCTACCACACCGTGCTGCAGACCTCTGCTGACTTTATTGACGCTCTGAAGAAAGCCCGAtTTATAGCCAGTAATGTCACaGAAACCATGGGCATTAACGGCAGTGCCTACCGAGTATTTCCTTACAGGTAAAGCCTGCCCTTTTTCAATGGGGTTTACCCAGCAAAGGGCCTACACTGGGTGGGAGTGGGGAGGGTTCCCTTGGCAAGATGCTGATTTTCAGGTTGGGTTCTGGCCCCTGCTCCATT,72.13451862335205,,GCCGTTAATGCCCATGGTTTGTTTCAGAGCTATGCTGGAAACAGCATAGCAAGTTGAAATAAGGCTAGTCCGTTATCAACTTGAAAAAGTGGCACCGAGTCGGTGCGAAGAAAGCCCGATTTATAGCCAGTAATGTCACAGAAACCATGGGCAT,9,
4,1,2,CGG,(-),G>T,ATCTTGTGGAAAGGACGAGGTACCG,GCCGTTAATGCCCATGGTTT,GAAGAAAGCCCGAATTATAGCCAGTAATGTCACAGAAA,CCATGGGCAT,CGCGGTTCTATCTAGTTACGCGTTA,ATCTTGTGGAAAGGACGAGGTACCGGCCGTTAATGCCCATGGTTTGTTTCGAGACGCGTAAGCGGCGTCTCGGTGCGAAGAAAGCCCGAaTTATAGCCAGTAATGTCACCGAAACCATGGGCATCGCGGTTCTATCTAGTTACGCGTTA,149,ATCTTGTGGAAAGGACGAGGTACCGGCCGTTAATGCCCATGGTTTGTTTCAGAGCTATGCTGGAAACAGCATAGCAAGTTGAAATAAGGCTAGTCCGTTATCAACTTGAAAAAGTGGCACCGAGTCGGTGCGAAGAAAGCCCGAaTTATAGCCAGTAATGTCACCGAAACCATGGGCATCGCGGTTCTATCTAGTTACGCGTTA,204,TACAGCTGGGTCTGACCTCTGAGTCCAGGGTCAGGTGATTTTGCTTAGCCTCAAGTGCTCAGATTCTGCTGATATTTTGCAAGACCTGGACTCTCTTGACACCCAGGATTCTTTCCTCAGGGGACATGCTGCCTATAGTTCTGCAGTTAACATCCTCCTTGGCCATGGCACCAGGGTCGGAGCCACGTACTTCATGACCTACCACACCGTGCTGCAGACCTCTGCTGACTTTATTGACGCTCTGAAGAAAGCCCGAaTTATAGCCAGTAATGTCACaGAAACCATGGGCATTAACGGCAGTGCCTACCGAGTATTTCCTTACAGGTAAAGCCTGCCCTTTTTCAATGGGGTTTACCCAGCAAAGGGCCTACACTGGGTGGGAGTGGGGAGGGTTCCCTTGGCAAGATGCTGATTTTCAGGTTGGGTTCTGGCCCCTGCTCCATT,74.44816529750824,,GCCGTTAATGCCCATGGTTTGTTTCAGAGCTATGCTGGAAACAGCATAGCAAGTTGAAATAAGGCTAGTCCGTTATCAACTTGAAAAAGTGGCACCGAGTCGGTGCGAAGAAAGCCCGAATTATAGCCAGTAATGTCACAGAAACCATGGGCAT,9,
2,1,4,CGG,(-),A>T,ATCTTGTGGAAAGGACGAGGTACCG,GCCGTTAATGCCCATGGTTT,CCCGACTAATAGCCAGTAATGTCACAGAAA,CCATGGGCAT,CGCGGTTCTATCTAGTTACGCGTTA,ATCTTGTGGAAAGGACGAGGTACCGGCCGTTAATGCCCATGGTTTGTTTCGAGACGTAAAGTGGACGTCTCGGTGCCCCGACTaATAGCCAGTAATGTCACCGAAACCATGGGCATCGCGGTTCTATCTAGTTACGCGTTA,141,ATCTTGTGGAAAGGACGAGGTACCGGCCGTTAATGCCCATGGTTTGTTTCAGAGCTATGCTGGAAACAGCATAGCAAGTTGAAATAAGGCTAGTCCGTTATCAACTTGAAAAAGTGGCACCGAGTCGGTGCCCCGACTaATAGCCAGTAATGTCACCGAAACCATGGGCATCGCGGTTCTATCTAGTTACGCGTTA,196,TACAGCTGGGTCTGACCTCTGAGTCCAGGGTCAGGTGATTTTGCTTAGCCTCAAGTGCTCAGATTCTGCTGATATTTTGCAAGACCTGGACTCTCTTGACACCCAGGATTCTTTCCTCAGGGGACATGCTGCCTATAGTTCTGCAGTTAACATCCTCCTTGGCCATGGCACCAGGGTCGGAGCCACGTACTTCATGACCTACCACACCGTGCTGCAGACCTCTGCTGACTTTATTGACGCTCTGAAGAAAGCCCGACTaATAGCCAGTAATGTCACaGAAACCATGGGCATTAACGGCAGTGCCTACCGAGTATTTCCTTACAGGTAAAGCCTGCCCTTTTTCAATGGGGTTTACCCAGCAAAGGGCCTACACTGGGTGGGAGTGGGGAGGGTTCCCTTGGCAAGATGCTGATTTTCAGGTTGGGTTCTGGCCCCTGCTCCATT,76.60750448703766,,GCCGTTAATGCCCATGGTTTGTTTCAGAGCTATGCTGGAAACAGCATAGCAAGTTGAAATAAGGCTAGTCCGTTATCAACTTGAAAAAGTGGCACCGAGTCGGTGCCCCGACTAATAGCCAGTAATGTCACAGAAACCATGGGCAT,17,
1,1,4,CGG,(-),A>G,ATCTTGTGGAAAGGACGAGGTACCG,GCCGTTAATGCCCATGGTTT,CCCGACTCATAGCCAGTAATGTCACAGAAA,CCATGGGCAT,CGCGGTTCTATCTAGTTACGCGTTA,ATCTTGTGGAAAGGACGAGGTACCGGCCGTTAATGCCCATGGTTTGTTTCGAGACGGTTCGATGCCGTCTCGGTGCCCCGACTcATAGCCAGTAATGTCACCGAAACCATGGGCATCGCGGTTCTATCTAGTTACGCGTTA,141,ATCTTGTGGAAAGGACGAGGTACCGGCCGTTAATGCCCATGGTTTGTTTCAGAGCTATGCTGGAAACAGCATAGCAAGTTGAAATAAGGCTAGTCCGTTATCAACTTGAAAAAGTGGCACCGAGTCGGTGCCCCGACTcATAGCCAGTAATGTCACCGAAACCATGGGCATCGCGGTTCTATCTAGTTACGCGTTA,196,TACAGCTGGGTCTGACCTCTGAGTCCAGGGTCAGGTGATTTTGCTTAGCCTCAAGTGCTCAGATTCTGCTGATATTTTGCAAGACCTGGACTCTCTTGACACCCAGGATTCTTTCCTCAGGGGACATGCTGCCTATAGTTCTGCAGTTAACATCCTCCTTGGCCATGGCACCAGGGTCGGAGCCACGTACTTCATGACCTACCACACCGTGCTGCAGACCTCTGCTGACTTTATTGACGCTCTGAAGAAAGCCCGACTcATAGCCAGTAATGTCACaGAAACCATGGGCATTAACGGCAGTGCCTACCGAGTATTTCCTTACAGGTAAAGCCTGCCCTTTTTCAATGGGGTTTACCCAGCAAAGGGCCTACACTGGGTGGGAGTGGGGAGGGTTCCCTTGGCAAGATGCTGATTTTCAGGTTGGGTTCTGGCCCCTGCTCCATT,77.19959914684296,,GCCGTTAATGCCCATGGTTTGTTTCAGAGCTATGCTGGAAACAGCATAGCAAGTTGAAATAAGGCTAGTCCGTTATCAACTTGAAAAAGTGGCACCGAGTCGGTGCCCCGACTCATAGCCAGTAATGTCACAGAAACCATGGGCAT,17,
3,1,3,CGG,(-),A>T,ATCTTGTGGAAAGGACGAGGTACCG,GCCGTTAATGCCCATGGTTT,CCCGACATATAGCCAGTAATGTCACAGAAA,CCATGGGCAT,CGCGGTTCTATCTAGTTACGCGTTA,ATCTTGTGGAAAGGACGAGGTACCGGCCGTTAATGCCCATGGTTTGTTTCGAGACGTCTTTCCGACGTCTCGGTGCCCCGACaTATAGCCAGTAATGTCACCGAAACCATGGGCATCGCGGTTCTATCTAGTTACGCGTTA,141,ATCTTGTGGAAAGGACGAGGTACCGGCCGTTAATGCCCATGGTTTGTTTCAGAGCTATGCTGGAAACAGCATAGCAAGTTGAAATAAGGCTAGTCCGTTATCAACTTGAAAAAGTGGCACCGAGTCGGTGCCCCGACaTATAGCCAGTAATGTCACCGAAACCATGGGCATCGCGGTTCTATCTAGTTACGCGTTA,196,TACAGCTGGGTCTGACCTCTGAGTCCAGGGTCAGGTGATTTTGCTTAGCCTCAAGTGCTCAGATTCTGCTGATATTTTGCAAGACCTGGACTCTCTTGACACCCAGGATTCTTTCCTCAGGGGACATGCTGCCTATAGTTCTGCAGTTAACATCCTCCTTGGCCATGGCACCAGGGTCGGAGCCACGTACTTCATGACCTACCACACCGTGCTGCAGACCTCTGCTGACTTTATTGACGCTCTGAAGAAAGCCCGACaTATAGCCAGTAATGTCACaGAAACCATGGGCATTAACGGCAGTGCCTACCGAGTATTTCCTTACAGGTAAAGCCTGCCCTTTTTCAATGGGGTTTACCCAGCAAAGGGCCTACACTGGGTGGGAGTGGGGAGGGTTCCCTTGGCAAGATGCTGATTTTCAGGTTGGGTTCTGGCCCCTGCTCCATT,75.69651901721954,,GCCGTTAATGCCCATGGTTTGTTTCAGAGCTATGCTGGAAACAGCATAGCAAGTTGAAATAAGGCTAGTCCGTTATCAACTTGAAAAAGTGGCACCGAGTCGGTGCCCCGACATATAGCCAGTAATGTCACAGAAACCATGGGCAT,17,
2,1,4,CGG,(-),A>C,ATCTTGTGGAAAGGACGAGGTACCG,GCCGTTAATGCCCATGGTTT,CCCGACTGATAGCCAGTAATGTCACAGAAA,CCATGGGCAT,CGCGGTTCTATCTAGTTACGCGTTA,ATCTTGTGGAAAGGACGAGGTACCGGCCGTTAATGCCCATGGTTTGTTTCGAGACGTCTGTGCTACGTCTCGGTGCCCCGACTgATAGCCAGTAATGTCACCGAAACCATGGGCATCGCGGTTCTATCTAGTTACGCGTTA,141,ATCTTGTGGAAAGGACGAGGTACCGGCCGTTAATGCCCATGGTTTGTTTCAGAGCTATGCTGGAAACAGCATAGCAAGTTGAAATAAGGCTAGTCCGTTATCAACTTGAAAAAGTGGCACCGAGTCGGTGCCCCGACTgATAGCCAGTAATGTCACCGAAACCATGGGCATCGCGGTTCTATCTAGTTACGCGTTA,196,TACAGCTGGGTCTGACCTCTGAGTCCAGGGTCAGGTGATTTTGCTTAGCCTCAAGTGCTCAGATTCTGCTGATATTTTGCAAGACCTGGACTCTCTTGACACCCAGGATTCTTTCCTCAGGGGACATGCTGCCTATAGTTCTGCAGTTAACATCCTCCTTGGCCATGGCACCAGGGTCGGAGCCACGTACTTCATGACCTACCACACCGTGCTGCAGACCTCTGCTGACTTTATTGACGCTCTGAAGAAAGCCCGACTgATAGCCAGTAATGTCACaGAAACCATGGGCATTAACGGCAGTGCCTACCGAGTATTTCCTTACAGGTAAAGCCTGCCCTTTTTCAATGGGGTTTACCCAGCAAAGGGCCTACACTGGGTGGGAGTGGGGAGGGTTCCCTTGGCAAGATGCTGATTTTCAGGTTGGGTTCTGGCCCCTGCTCCATT,76.50288343429565,,GCCGTTAATGCCCATGGTTTGTTTCAGAGCTATGCTGGAAACAGCATAGCAAGTTGAAATAAGGCTAGTCCGTTATCAACTTGAAAAAGTGGCACCGAGTCGGTGCCCCGACTGATAGCCAGTAATGTCACAGAAACCATGGGCAT,17,
1,1,5,CGG,(-),T>A,ATCTTGTGGAAAGGACGAGGTACCG,GCCGTTAATGCCCATGGTTT,TGAAGAAAGCCCGACTTTTAGCCAGTAATGTCACAGAAA,CCATGGGCAT,CGCGGTTCTATCTAGTTACGCGTTA,ATCTTGTGGAAAGGACGAGGTACCGGCCGTTAATGCCCATGGTTTGTTTCGAGACGCTTGCCCATCGTCTCGGTGCTGAAGAAAGCCCGACTTtTAGCCAGTAATGTCACCGAAACCATGGGCATCGCGGTTCTATCTAGTTACGCGTTA,150,ATCTTGTGGAAAGGACGAGGTACCGGCCGTTAATGCCCATGGTTTGTTTCAGAGCTATGCTGGAAACAGCATAGCAAGTTGAAATAAGGCTAGTCCGTTATCAACTTGAAAAAGTGGCACCGAGTCGGTGCTGAAGAAAGCCCGACTTtTAGCCAGTAATGTCACCGAAACCATGGGCATCGCGGTTCTATCTAGTTACGCGTTA,205,TACAGCTGGGTCTGACCTCTGAGTCCAGGGTCAGGTGATTTTGCTTAGCCTCAAGTGCTCAGATTCTGCTGATATTTTGCAAGACCTGGACTCTCTTGACACCCAGGATTCTTTCCTCAGGGGACATGCTGCCTATAGTTCTGCAGTTAACATCCTCCTTGGCCATGGCACCAGGGTCGGAGCCACGTACTTCATGACCTACCACACCGTGCTGCAGACCTCTGCTGACTTTATTGACGCTCTGAAGAAAGCCCGACTTtTAGCCAGTAATGTCACaGAAACCATGGGCATTAACGGCAGTGCCTACCGAGTATTTCCTTACAGGTAAAGCCTGCCCTTTTTCAATGGGGTTTACCCAGCAAAGGGCCTACACTGGGTGGGAGTGGGGAGGGTTCCCTTGGCAAGATGCTGATTTTCAGGTTGGGTTCTGGCCCCTGCTCCATT,60.18650531768799,,GCCGTTAATGCCCATGGTTTGTTTCAGAGCTATGCTGGAAACAGCATAGCAAGTTGAAATAAGGCTAGTCCGTTATCAACTTGAAAAAGTGGCACCGAGTCGGTGCTGAAGAAAGCCCGACTTTTAGCCAGTAATGTCACAGAAACCATGGGCAT,8,
1,1,1,CGG,(-),T>G,ATCTTGTGGAAAGGACGAGGTACCG,GCCGTTAATGCCCATGGTTT,GAAGAAAGCCCGCCTTATAGCCAGTAATGTCACAGAAA,CCATGGGCAT,CGCGGTTCTATCTAGTTACGCGTTA,ATCTTGTGGAAAGGACGAGGTACCGGCCGTTAATGCCCATGGTTTGTTTCGAGACGGGGCTATCACGTCTCGGTGCGAAGAAAGCCCGcCTTATAGCCAGTAATGTCACCGAAACCATGGGCATCGCGGTTCTATCTAGTTACGCGTTA,149,ATCTTGTGGAAAGGACGAGGTACCGGCCGTTAATGCCCATGGTTTGTTTCAGAGCTATGCTGGAAACAGCATAGCAAGTTGAAATAAGGCTAGTCCGTTATCAACTTGAAAAAGTGGCACCGAGTCGGTGCGAAGAAAGCCCGcCTTATAGCCAGTAATGTCACCGAAACCATGGGCATCGCGGTTCTATCTAGTTACGCGTTA,204,TACAGCTGGGTCTGACCTCTGAGTCCAGGGTCAGGTGATTTTGCTTAGCCTCAAGTGCTCAGATTCTGCTGATATTTTGCAAGACCTGGACTCTCTTGACACCCAGGATTCTTTCCTCAGGGGACATGCTGCCTATAGTTCTGCAGTTAACATCCTCCTTGGCCATGGCACCAGGGTCGGAGCCACGTACTTCATGACCTACCACACCGTGCTGCAGACCTCTGCTGACTTTATTGACGCTCTGAAGAAAGCCCGcCTTATAGCCAGTAATGTCACaGAAACCATGGGCATTAACGGCAGTGCCTACCGAGTATTTCCTTACAGGTAAAGCCTGCCCTTTTTCAATGGGGTTTACCCAGCAAAGGGCCTACACTGGGTGGGAGTGGGGAGGGTTCCCTTGGCAAGATGCTGATTTTCAGGTTGGGTTCTGGCCCCTGCTCCATT,74.44569170475006,,GCCGTTAATGCCCATGGTTTGTTTCAGAGCTATGCTGGAAACAGCATAGCAAGTTGAAATAAGGCTAGTCCGTTATCAACTTGAAAAAGTGGCACCGAGTCGGTGCGAAGAAAGCCCGCCTTATAGCCAGTAATGTCACAGAAACCATGGGCAT,9,
2,1,5,CGG,(-),T>G,ATCTTGTGGAAAGGACGAGGTACCG,GCCGTTAATGCCCATGGTTT,CCCGACTTCTAGCCAGTAATGTCACAGAAA,CCATGGGCAT,CGCGGTTCTATCTAGTTACGCGTTA,ATCTTGTGGAAAGGACGAGGTACCGGCCGTTAATGCCCATGGTTTGTTTCGAGACGTTAAGGTACCGTCTCGGTGCCCCGACTTcTAGCCAGTAATGTCACCGAAACCATGGGCATCGCGGTTCTATCTAGTTACGCGTTA,141,ATCTTGTGGAAAGGACGAGGTACCGGCCGTTAATGCCCATGGTTTGTTTCAGAGCTATGCTGGAAACAGCATAGCAAGTTGAAATAAGGCTAGTCCGTTATCAACTTGAAAAAGTGGCACCGAGTCGGTGCCCCGACTTcTAGCCAGTAATGTCACCGAAACCATGGGCATCGCGGTTCTATCTAGTTACGCGTTA,196,TACAGCTGGGTCTGACCTCTGAGTCCAGGGTCAGGTGATTTTGCTTAGCCTCAAGTGCTCAGATTCTGCTGATATTTTGCAAGACCTGGACTCTCTTGACACCCAGGATTCTTTCCTCAGGGGACATGCTGCCTATAGTTCTGCAGTTAACATCCTCCTTGGCCATGGCACCAGGGTCGGAGCCACGTACTTCATGACCTACCACACCGTGCTGCAGACCTCTGCTGACTTTATTGACGCTCTGAAGAAAGCCCGACTTcTAGCCAGTAATGTCACaGAAACCATGGGCATTAACGGCAGTGCCTACCGAGTATTTCCTTACAGGTAAAGCCTGCCCTTTTTCAATGGGGTTTACCCAGCAAAGGGCCTACACTGGGTGGGAGTGGGGAGGGTTCCCTTGGCAAGATGCTGATTTTCAGGTTGGGTTCTGGCCCCTGCTCCATT,76.84930562973022,,GCCGTTAATGCCCATGGTTTGTTTCAGAGCTATGCTGGAAACAGCATAGCAAGTTGAAATAAGGCTAGTCCGTTATCAACTTGAAAAAGTGGCACCGAGTCGGTGCCCCGACTTCTAGCCAGTAATGTCACAGAAACCATGGGCAT,17,
1,1,5,CGG,(-),T>C,ATCTTGTGGAAAGGACGAGGTACCG,GCCGTTAATGCCCATGGTTT,CCCGACTTGTAGCCAGTAATGTCACAGAAA,CCATGGGCAT,CGCGGTTCTATCTAGTTACGCGTTA,ATCTTGTGGAAAGGACGAGGTACCGGCCGTTAATGCCCATGGTTTGTTTCGAGACGATGACTGCACGTCTCGGTGCCCCGACTTgTAGCCAGTAATGTCACCGAAACCATGGGCATCGCGGTTCTATCTAGTTACGCGTTA,141,ATCTTGTGGAAAGGACGAGGTACCGGCCGTTAATGCCCATGGTTTGTTTCAGAGCTATGCTGGAAACAGCATAGCAAGTTGAAATAAGGCTAGTCCGTTATCAACTTGAAAAAGTGGCACCGAGTCGGTGCCCCGACTTgTAGCCAGTAATGTCACCGAAACCATGGGCATCGCGGTTCTATCTAGTTACGCGTTA,196,TACAGCTGGGTCTGACCTCTGAGTCCAGGGTCAGGTGATTTTGCTTAGCCTCAAGTGCTCAGATTCTGCTGATATTTTGCAAGACCTGGACTCTCTTGACACCCAGGATTCTTTCCTCAGGGGACATGCTGCCTATAGTTCTGCAGTTAACATCCTCCTTGGCCATGGCACCAGGGTCGGAGCCACGTACTTCATGACCTACCACACCGTGCTGCAGACCTCTGCTGACTTTATTGACGCTCTGAAGAAAGCCCGACTTgTAGCCAGTAATGTCACaGAAACCATGGGCATTAACGGCAGTGCCTACCGAGTATTTCCTTACAGGTAAAGCCTGCCCTTTTTCAATGGGGTTTACCCAGCAAAGGGCCTACACTGGGTGGGAGTGGGGAGGGTTCCCTTGGCAAGATGCTGATTTTCAGGTTGGGTTCTGGCCCCTGCTCCATT,77.05154418945312,,GCCGTTAATGCCCATGGTTTGTTTCAGAGCTATGCTGGAAACAGCATAGCAAGTTGAAATAAGGCTAGTCCGTTATCAACTTGAAAAAGTGGCACCGAGTCGGTGCCCCGACTTGTAGCCAGTAATGTCACAGAAACCATGGGCAT,17,
1,1,4,CGG,(-),A>G,ATCTTGTGGAAAGGACGAGGTACCG,GCCGTTAATGCCCATGGTTT,CCCGACTTATAGCCAGTAATTGAACAGAAA,CCATGGGCAT,CGCGGTTCTATCTAGTTACGCGTTA,ATCTTGTGGAAAGGACGAGGTACCGGCCGTTAATGCCCATGGTTTGTTTCGAGACGGTTCGATGCCGTCTCGGTGCCCCGACTcATAGCCAGTAATGTCACCGAAACCATGGGCATCGCGGTTCTATCTAGTTACGCGTTA,141,ATCTTGTGGAAAGGACGAGGTACCGGCCGTTAATGCCCATGGTTTGTTTCAGAGCTATGCTGGAAACAGCATAGCAAGTTGAAATAAGGCTAGTCCGTTATCAACTTGAAAAAGTGGCACCGAGTCGGTGCCCCGACTcATAGCCAGTAATGTCACCGAAACCATGGGCATCGCGGTTCTATCTAGTTACGCGTTA,196,TACAGCTGGGTCTGACCTCTGAGTCCAGGGTCAGGTGATTTTGCTTAGCCTCAAGTGCTCAGATTCTGCTGATATTTTGCAAGACCTGGACTCTCTTGACACCCAGGATTCTTTCCTCAGGGGACATGCTGCCTATAGTTCTGCAGTTAACATCCTCCTTGGCCATGGCACCAGGGTCGGAGCCACGTACTTCATGACCTACCACACCGTGCTGCAGACCTC-GCTGACTTTATTGACGCTCTGAAGAAAGCCCGACTTATAGCCAGTAATGTCACCGAAACCATGGGCATTAACGGCAGTGCCTACCGAGTATTTCCTTACAGGTAAAGCCTGCCCTTTTTCAATGGGGTTTACCCAGCAAAGGGCCTACACTGGGTGGGAGTGGGGAGGGTTCCCTTGGCAAGATGCTGATTTTCAGGTTGGGTTCTGGCCCCTGCTCCATT,77.19959914684296,GCCGTTAATGCCCATGGTTTGTTTCGAGACGGCGAAGACGCGTCTCGGTGCCCCGACTTATAGCCAGTAATTGAACAGAAACCATGGGCAT,GCCGTTAATGCCCATGGTTTGTTTCAGAGCTATGCTGGAAACAGCATAGCAAGTTGAAATAAGGCTAGTCCGTTATCAACTTGAAAAAGTGGCACCGAGTCGGTGCCCCGACTTATAGCCAGTAATTGAACAGAAACCATGGGCAT,17,GTTTCGAGACGGCGAAGACGCGTCTCGGTGC
1,1,4,CGG,(-),A>G,ATCTTGTGGAAAGGACGAGGTACCG,GCCGTTAATGCCCATGGTTT,CCCGACTTATAGCCATAATGTCACCGAAA,CCATGGGCAT,CGCGGTTCTATCTAGTTACGCGTTA,ATCTTGTGGAAAGGACGAGGTACCGGCCGTTAATGCCCATGGTTTGTTTCGAGACGGTTCGATGCCGTCTCGGTGCCCCGACTcATAGCCAGTAATGTCACCGAAACCATGGGCATCGCGGTTCTATCTAGTTACGCGTTA,141,ATCTTGTGGAAAGGACGAGGTACCGGCCGTTAATGCCCATGGTTTGTTTCAGAGCTATGCTGGAAACAGCATAGCAAGTTGAAATAAGGCTAGTCCGTTATCAACTTGAAAAAGTGGCACCGAGTCGGTGCCCCGACTcATAGCCAGTAATGTCACCGAAACCATGGGCATCGCGGTTCTATCTAGTTACGCGTTA,196,TACAGCTGGGTCTGACCTCTGAGTCCAGGGTCAGGTGATTTTGCTTAGCCTCAAGTGCTCAGATTCTGCTGATATTTTGCAAGACCTGGACTCTCTTGACACCCAGGATTCTTTCCTCAGGGGACATGCTGCCTATAGTTCTGCAGTTAACATCCTCCTTGGCCATGGCACCAGGGTCGGAGCCACGTACTTCATGACCTACCACACCGTGCTGCAGACCTC-GCTGACTTTATTGACGCTCTGAAGAAAGCCCGACTTATAGCCAGTAATGTCACCGAAACCATGGGCATTAACGGCAGTGCCTACCGAGTATTTCCTTACAGGTAAAGCCTGCCCTTTTTCAATGGGGTTTACCCAGCAAAGGGCCTACACTGGGTGGGAGTGGGGAGGGTTCCCTTGGCAAGATGCTGATTTTCAGGTTGGGTTCTGGCCCCTGCTCCATT,77.19959914684296,GCCGTTAATGCCCATGGTTTGTTTCGAGACGACCACTGCACGTCTCGGTGCCCCGACTTATAGCCATAATGTCACCGAAACCATGGGCAT,GCCGTTAATGCCCATGGTTTGTTTCAGAGCTATGCTGGAAACAGCATAGCAAGTTGAAATAAGGCTAGTCCGTTATCAACTTGAAAAAGTGGCACCGAGTCGGTGCCCCGACTTATAGCCATAATGTCACCGAAACCATGGGCAT,17,GTTTCGAGACGACCACTGCACGTCTCGGTGC
1,2,4,TGG,(-),A>C,ATCTTGTGGAAAGGACGAGGTACCG,GATGGTTTCGGTGACATTAC,GAAGAAAGCCCGACTGATAGCAAGTA,ATGTCACCGAAAC,CGCGGTTCTATCTAGTTACGCGTTA,ATCTTGTGGAAAGGACGAGGTACCGGATGGTTTCGGTGACATTACGTTTCGAGACGCGAGCTTCCCGTCTCGGTGCGAAGAAAGCCCGACTgATAGCCAGTAATGTCACCGAAACCGCGGTTCTATCTAGTTACGCGTTA,140,ATCTTGTGGAAAGGACGAGGTACCGGATGGTTTCGGTGACATTACGTTTCAGAGCTATGCTGGAAACAGCATAGCAAGTTGAAATAAGGCTAGTCCGTTATCAACTTGAAAAAGTGGCACCGAGTCGGTGCGAAGAAAGCCCGACTgATAGCCAGTAATGTCACCGAAACCGCGGTTCTATCTAGTTACGCGTTA,195,TACAGCTGGGTCTGACCTCTGAGTCCAGGGTCAGGTGATTTTGCTTAGCCTCAAGTGCTCAGATTCTGCTGATATTTTGCAAGACCTGGACTCTCTTGACACCCAGGATTCTTTCCTCAGGGGACATGCTGCCTATAGTTCTGCAGTTAACATCCTCCTTGGCCATGGCACCAGGGTCGGAGCCACGTACTTCATGACCTACCACACCGTGCTGCAGACCTCTGCTGACTTTATTGACGCTCTGAAGAAAGCCCGACTgATAGCaAGTAATGTCACCGAAACCATGGGCATTAACGGCAGTGCCTACCGAGTATTTCCTTACAGGTAAAGCCTGCCCTTTTTCAATGGGGTTTACCCAGCAAAGGGCCTACACTGGGTGGGAGTGGGGAGGGTTCCCTTGGCAAGATGCTGATTTTCAGGTTGGGTTCTGGCCCCTGCTCCATT,76.5768051147461,,GATGGTTTCGGTGACATTACGTTTCAGAGCTATGCTGGAAACAGCATAGCAAGTTGAAATAAGGCTAGTCCGTTATCAACTTGAAAAAGTGGCACCGAGTCGGTGCGAAGAAAGCCCGACTGATAGCAAGTAATGTCACCGAAAC,21,
1,2,3,TGG,(-),A>T,ATCTTGTGGAAAGGACGAGGTACCG,GATGGTTTCGGTGACATTAC,GAAGAAAGCCCGACATATAGCAAGTA,ATGTCACCGAAAC,CGCGGTTCTATCTAGTTACGCGTTA,ATCTTGTGGAAAGGACGAGGTACCGGATGGTTTCGGTGACATTACGTTTCGAGACGGGCCCAGGCCGTCTCGGTGCGAAGAAAGCCCGACaTATAGCCAGTAATGTCACCGAAACCGCGGTTCTATCTAGTTACGCGTTA,140,ATCTTGTGGAAAGGACGAGGTACCGGATGGTTTCGGTGACATTACGTTTCAGAGCTATGCTGGAAACAGCATAGCAAGTTGAAATAAGGCTAGTCCGTTATCAACTTGAAAAAGTGGCACCGAGTCGGTGCGAAGAAAGCCCGACaTATAGCCAGTAATGTCACCGAAACCGCGGTTCTATCTAGTTACGCGTTA,195,TACAGCTGGGTCTGACCTCTGAGTCCAGGGTCAGGTGATTTTGCTTAGCCTCAAGTGCTCAGATTCTGCTGATATTTTGCAAGACCTGGACTCTCTTGACACCCAGGATTCTTTCCTCAGGGGACATGCTGCCTATAGTTCTGCAGTTAACATCCTCCTTGGCCATGGCACCAGGGTCGGAGCCACGTACTTCATGACCTACCACACCGTGCTGCAGACCTCTGCTGACTTTATTGACGCTCTGAAGAAAGCCCGACaTATAGCaAGTAATGTCACCGAAACCATGGGCATTAACGGCAGTGCCTACCGAGTATTTCCTTACAGGTAAAGCCTGCCCTTTTTCAATGGGGTTTACCCAGCAAAGGGCCTACACTGGGTGGGAGTGGGGAGGGTTCCCTTGGCAAGATGCTGATTTTCAGGTTGGGTTCTGGCCCCTGCTCCATT,77.02231407165527,,GATGGTTTCGGTGACATTACGTTTCAGAGCTATGCTGGAAACAGCATAGCAAGTTGAAATAAGGCTAGTCCGTTATCAACTTGAAAAAGTGGCACCGAGTCGGTGCGAAGAAAGCCCGACATATAGCAAGTAATGTCACCGAAAC,21,
1,2,4,TGG,(-),A>T,ATCTTGTGGAAAGGACGAGGTACCG,GATGGTTTCGGTGACATTAC,GCCCGACTAATAGCAAGTA,ATGTCACCGAAAC,CGCGGTTCTATCTAGTTACGCGTTA,ATCTTGTGGAAAGGACGAGGTACCGGATGGTTTCGGTGACATTACGTTTCGAGACGCGCTGTGCCCGTCTCGGTGCGCCCGACTaATAGCCAGTAATGTCACCGAAACCGCGGTTCTATCTAGTTACGCGTTA,133,ATCTTGTGGAAAGGACGAGGTACCGGATGGTTTCGGTGACATTACGTTTCAGAGCTATGCTGGAAACAGCATAGCAAGTTGAAATAAGGCTAGTCCGTTATCAACTTGAAAAAGTGGCACCGAGTCGGTGCGCCCGACTaATAGCCAGTAATGTCACCGAAACCGCGGTTCTATCTAGTTACGCGTTA,188,TACAGCTGGGTCTGACCTCTGAGTCCAGGGTCAGGTGATTTTGCTTAGCCTCAAGTGCTCAGATTCTGCTGATATTTTGCAAGACCTGGACTCTCTTGACACCCAGGATTCTTTCCTCAGGGGACATGCTGCCTATAGTTCTGCAGTTAACATCCTCCTTGGCCATGGCACCAGGGTCGGAGCCACGTACTTCATGACCTACCACACCGTGCTGCAGACCTCTGCTGACTTTATTGACGCTCTGAAGAAAGCCCGACTaATAGCaAGTAATGTCACCGAAACCATGGGCATTAACGGCAGTGCCTACCGAGTATTTCCTTACAGGTAAAGCCTGCCCTTTTTCAATGGGGTTTACCCAGCAAAGGGCCTACACTGGGTGGGAGTGGGGAGGGTTCCCTTGGCAAGATGCTGATTTTCAGGTTGGGTTCTGGCCCCTGCTCCATT,77.27019488811493,,GATGGTTTCGGTGACATTACGTTTCAGAGCTATGCTGGAAACAGCATAGCAAGTTGAAATAAGGCTAGTCCGTTATCAACTTGAAAAAGTGGCACCGAGTCGGTGCGCCCGACTAATAGCAAGTAATGTCACCGAAAC,28,
2,2,5,TGG,(-),T>A,ATCTTGTGGAAAGGACGAGGTACCG,GATGGTTTCGGTGACATTAC,TCTGAAGAAAGCCCGACTTTTAGCAAGTA,ATGTCACCGAAAC,CGCGGTTCTATCTAGTTACGCGTTA,ATCTTGTGGAAAGGACGAGGTACCGGATGGTTTCGGTGACATTACGTTTCGAGACGTCTTGGGTGCGTCTCGGTGCTCTGAAGAAAGCCCGACTTtTAGCCAGTAATGTCACCGAAACCGCGGTTCTATCTAGTTACGCGTTA,143,ATCTTGTGGAAAGGACGAGGTACCGGATGGTTTCGGTGACATTACGTTTCAGAGCTATGCTGGAAACAGCATAGCAAGTTGAAATAAGGCTAGTCCGTTATCAACTTGAAAAAGTGGCACCGAGTCGGTGCTCTGAAGAAAGCCCGACTTtTAGCCAGTAATGTCACCGAAACCGCGGTTCTATCTAGTTACGCGTTA,198,TACAGCTGGGTCTGACCTCTGAGTCCAGGGTCAGGTGATTTTGCTTAGCCTCAAGTGCTCAGATTCTGCTGATATTTTGCAAGACCTGGACTCTCTTGACACCCAGGATTCTTTCCTCAGGGGACATGCTGCCTATAGTTCTGCAGTTAACATCCTCCTTGGCCATGGCACCAGGGTCGGAGCCACGTACTTCATGACCTACCACACCGTGCTGCAGACCTCTGCTGACTTTATTGACGCTCTGAAGAAAGCCCGACTTtTAGCaAGTAATGTCACCGAAACCATGGGCATTAACGGCAGTGCCTACCGAGTATTTCCTTACAGGTAAAGCCTGCCCTTTTTCAATGGGGTTTACCCAGCAAAGGGCCTACACTGGGTGGGAGTGGGGAGGGTTCCCTTGGCAAGATGCTGATTTTCAGGTTGGGTTCTGGCCCCTGCTCCATT,55.38114309310913,,GATGGTTTCGGTGACATTACGTTTCAGAGCTATGCTGGAAACAGCATAGCAAGTTGAAATAAGGCTAGTCCGTTATCAACTTGAAAAAGTGGCACCGAGTCGGTGCTCTGAAGAAAGCCCGACTTTTAGCAAGTAATGTCACCGAAAC,18,
1,2,5,TGG,(-),T>G,ATCTTGTGGAAAGGACGAGGTACCG,GATGGTTTCGGTGACATTAC,GAAGAAAGCCCGACTTCTAGCAAGTA,ATGTCACCGAAAC,CGCGGTTCTATCTAGTTACGCGTTA,ATCTTGTGGAAAGGACGAGGTACCGGATGGTTTCGGTGACATTACGTTTCGAGACGAATCCTCACCGTCTCGGTGCGAAGAAAGCCCGACTTcTAGCCAGTAATGTCACCGAAACCGCGGTTCTATCTAGTTACGCGTTA,140,ATCTTGTGGAAAGGACGAGGTACCGGATGGTTTCGGTGACATTACGTTTCAGAGCTATGCTGGAAACAGCATAGCAAGTTGAAATAAGGCTAGTCCGTTATCAACTTGAAAAAGTGGCACCGAGTCGGTGCGAAGAAAGCCCGACTTcTAGCCAGTAATGTCACCGAAACCGCGGTTCTATCTAGTTACGCGTTA,195,TACAGCTGGGTCTGACCTCTGAGTCCAGGGTCAGGTGATTTTGCTTAGCCTCAAGTGCTCAGATTCTGCTGATATTTTGCAAGACCTGGACTCTCTTGACACCCAGGATTCTTTCCTCAGGGGACATGCTGCCTATAGTTCTGCAGTTAACATCCTCCTTGGCCATGGCACCAGGGTCGGAGCCACGTACTTCATGACCTACCACACCGTGCTGCAGACCTCTGCTGACTTTATTGACGCTCTGAAGAAAGCCCGACTTcTAGCaAGTAATGTCACCGAAACCATGGGCATTAACGGCAGTGCCTACCGAGTATTTCCTTACAGGTAAAGCCTGCCCTTTTTCAATGGGGTTTACCCAGCAAAGGGCCTACACTGGGTGGGAGTGGGGAGGGTTCCCTTGGCAAGATGCTGATTTTCAGGTTGGGTTCTGGCCCCTGCTCCATT,77.07685232162476,,GATGGTTTCGGTGACATTACGTTTCAGAGCTATGCTGGAAACAGCATAGCAAGTTGAAATAAGGCTAGTCCGTTATCAACTTGAAAAAGTGGCACCGAGTCGGTGCGAAGAAAGCCCGACTTCTAGCAAGTAATGTCACCGAAAC,21,
1,2,3,TGG,(-),A>C,ATCTTGTGGAAAGGACGAGGTACCG,GATGGTTTCGGTGACATTAC,GAAGAAAGCCCGACGTATAGCAAGTA,ATGTCACCGAAAC,CGCGGTTCTATCTAGTTACGCGTTA,ATCTTGTGGAAAGGACGAGGTACCGGATGGTTTCGGTGACATTACGTTTCGAGACGCTCGTTGCTCGTCTCGGTGCGAAGAAAGCCCGACgTATAGCCAGTAATGTCACCGAAACCGCGGTTCTATCTAGTTACGCGTTA,140,ATCTTGTGGAAAGGACGAGGTACCGGATGGTTTCGGTGACATTACGTTTCAGAGCTATGCTGGAAACAGCATAGCAAGTTGAAATAAGGCTAGTCCGTTATCAACTTGAAAAAGTGGCACCGAGTCGGTGCGAAGAAAGCCCGACgTATAGCCAGTAATGTCACCGAAACCGCGGTTCTATCTAGTTACGCGTTA,195,TACAGCTGGGTCTGACCTCTGAGTCCAGGGTCAGGTGATTTTGCTTAGCCTCAAGTGCTCAGATTCTGCTGATATTTTGCAAGACCTGGACTCTCTTGACACCCAGGATTCTTTCCTCAGGGGACATGCTGCCTATAGTTCTGCAGTTAACATCCTCCTTGGCCATGGCACCAGGGTCGGAGCCACGTACTTCATGACCTACCACACCGTGCTGCAGACCTCTGCTGACTTTATTGACGCTCTGAAGAAAGCCCGACgTATAGCaAGTAATGTCACCGAAACCATGGGCATTAACGGCAGTGCCTACCGAGTATTTCCTTACAGGTAAAGCCTGCCCTTTTTCAATGGGGTTTACCCAGCAAAGGGCCTACACTGGGTGGGAGTGGGGAGGGTTCCCTTGGCAAGATGCTGATTTTCAGGTTGGGTTCTGGCCCCTGCTCCATT,76.99439525604248,,GATGGTTTCGGTGACATTACGTTTCAGAGCTATGCTGGAAACAGCATAGCAAGTTGAAATAAGGCTAGTCCGTTATCAACTTGAAAAAGTGGCACCGAGTCGGTGCGAAGAAAGCCCGACGTATAGCAAGTAATGTCACCGAAAC,21,
1,2,3,TGG,(-),A>G,ATCTTGTGGAAAGGACGAGGTACCG,GATGGTTTCGGTGACATTAC,GAAGAAAGCCCGACCTATAGCAAGTA,ATGTCACCGAAAC,CGCGGTTCTATCTAGTTACGCGTTA,ATCTTGTGGAAAGGACGAGGTACCGGATGGTTTCGGTGACATTACGTTTCGAGACGAGGTTGTATCGTCTCGGTGCGAAGAAAGCCCGACcTATAGCCAGTAATGTCACCGAAACCGCGGTTCTATCTAGTTACGCGTTA,140,ATCTTGTGGAAAGGACGAGGTACCGGATGGTTTCGGTGACATTACGTTTCAGAGCTATGCTGGAAACAGCATAGCAAGTTGAAATAAGGCTAGTCCGTTATCAACTTGAAAAAGTGGCACCGAGTCGGTGCGAAGAAAGCCCGACcTATAGCCAGTAATGTCACCGAAACCGCGGTTCTATCTAGTTACGCGTTA,195,TACAGCTGGGTCTGACCTCTGAGTCCAGGGTCAGGTGATTTTGCTTAGCCTCAAGTGCTCAGATTCTGCTGATATTTTGCAAGACCTGGACTCTCTTGACACCCAGGATTCTTTCCTCAGGGGACATGCTGCCTATAGTTCTGCAGTTAACATCCTCCTTGGCCATGGCACCAGGGTCGGAGCCACGTACTTCATGACCTACCACACCGTGCTGCAGACCTCTGCTGACTTTATTGACGCTCTGAAGAAAGCCCGACcTATAGCaAGTAATGTCACCGAAACCATGGGCATTAACGGCAGTGCCTACCGAGTATTTCCTTACAGGTAAAGCCTGCCCTTTTTCAATGGGGTTTACCCAGCAAAGGGCCTACACTGGGTGGGAGTGGGGAGGGTTCCCTTGGCAAGATGCTGATTTTCAGGTTGGGTTCTGGCCCCTGCTCCATT,75.76293349266052,,GATGGTTTCGGTGACATTACGTTTCAGAGCTATGCTGGAAACAGCATAGCAAGTTGAAATAAGGCTAGTCCGTTATCAACTTGAAAAAGTGGCACCGAGTCGGTGCGAAGAAAGCCCGACCTATAGCAAGTAATGTCACCGAAAC,21,
2,2,4,TGG,(-),A>G,ATCTTGTGGAAAGGACGAGGTACCG,GATGGTTTCGGTGACATTAC,GCCCGACTCATAGCAAGTA,ATGTCACCGAAAC,CGCGGTTCTATCTAGTTACGCGTTA,ATCTTGTGGAAAGGACGAGGTACCGGATGGTTTCGGTGACATTACGTTTCGAGACGTGGTTTTGCCGTCTCGGTGCGCCCGACTcATAGCCAGTAATGTCACCGAAACCGCGGTTCTATCTAGTTACGCGTTA,133,ATCTTGTGGAAAGGACGAGGTACCGGATGGTTTCGGTGACATTACGTTTCAGAGCTATGCTGGAAACAGCATAGCAAGTTGAAATAAGGCTAGTCCGTTATCAACTTGAAAAAGTGGCACCGAGTCGGTGCGCCCGACTcATAGCCAGTAATGTCACCGAAACCGCGGTTCTATCTAGTTACGCGTTA,188,TACAGCTGGGTCTGACCTCTGAGTCCAGGGTCAGGTGATTTTGCTTAGCCTCAAGTGCTCAGATTCTGCTGATATTTTGCAAGACCTGGACTCTCTTGACACCCAGGATTCTTTCCTCAGGGGACATGCTGCCTATAGTTCTGCAGTTAACATCCTCCTTGGCCATGGCACCAGGGTCGGAGCCACGTACTTCATGACCTACCACACCGTGCTGCAGACCTCTGCTGACTTTATTGACGCTCTGAAGAAAGCCCGACTcATAGCaAGTAATGTCACCGAAACCATGGGCATTAACGGCAGTGCCTACCGAGTATTTCCTTACAGGTAAAGCCTGCCCTTTTTCAATGGGGTTTACCCAGCAAAGGGCCTACACTGGGTGGGAGTGGGGAGGGTTCCCTTGGCAAGATGCTGATTTTCAGGTTGGGTTCTGGCCCCTGCTCCATT,76.98976695537567,,GATGGTTTCGGTGACATTACGTTTCAGAGCTATGCTGGAAACAGCATAGCAAGTTGAAATAAGGCTAGTCCGTTATCAACTTGAAAAAGTGGCACCGAGTCGGTGCGCCCGACTCATAGCAAGTAATGTCACCGAAAC,28,
2,2,5,TGG,(-),T>C,ATCTTGTGGAAAGGACGAGGTACCG,GATGGTTTCGGTGACATTAC,GCCCGACTTGTAGCAAGTA,ATGTCACCGAAAC,CGCGGTTCTATCTAGTTACGCGTTA,ATCTTGTGGAAAGGACGAGGTACCGGATGGTTTCGGTGACATTACGTTTCGAGACGGTGGAGATACGTCTCGGTGCGCCCGACTTgTAGCCAGTAATGTCACCGAAACCGCGGTTCTATCTAGTTACGCGTTA,133,ATCTTGTGGAAAGGACGAGGTACCGGATGGTTTCGGTGACATTACGTTTCAGAGCTATGCTGGAAACAGCATAGCAAGTTGAAATAAGGCTAGTCCGTTATCAACTTGAAAAAGTGGCACCGAGTCGGTGCGCCCGACTTgTAGCCAGTAATGTCACCGAAACCGCGGTTCTATCTAGTTACGCGTTA,188,TACAGCTGGGTCTGACCTCTGAGTCCAGGGTCAGGTGATTTTGCTTAGCCTCAAGTGCTCAGATTCTGCTGATATTTTGCAAGACCTGGACTCTCTTGACACCCAGGATTCTTTCCTCAGGGGACATGCTGCCTATAGTTCTGCAGTTAACATCCTCCTTGGCCATGGCACCAGGGTCGGAGCCACGTACTTCATGACCTACCACACCGTGCTGCAGACCTCTGCTGACTTTATTGACGCTCTGAAGAAAGCCCGACTTgTAGCaAGTAATGTCACCGAAACCATGGGCATTAACGGCAGTGCCTACCGAGTATTTCCTTACAGGTAAAGCCTGCCCTTTTTCAATGGGGTTTACCCAGCAAAGGGCCTACACTGGGTGGGAGTGGGGAGGGTTCCCTTGGCAAGATGCTGATTTTCAGGTTGGGTTCTGGCCCCTGCTCCATT,77.02685594558716,,GATGGTTTCGGTGACATTACGTTTCAGAGCTATGCTGGAAACAGCATAGCAAGTTGAAATAAGGCTAGTCCGTTATCAACTTGAAAAAGTGGCACCGAGTCGGTGCGCCCGACTTGTAGCAAGTAATGTCACCGAAAC,28,
2,2,1,TGG,(-),T>A,ATCTTGTGGAAAGGACGAGGTACCG,GATGGTTTCGGTGACATTAC,GAAGAAAGCCCGTCTTATAGCAAGTA,ATGTCACCGAAA,CGCGGTTCTATCTAGTTACGCGTTA,ATCTTGTGGAAAGGACGAGGTACCGGATGGTTTCGGTGACATTACGTTTCGAGACGGGTTTCCTCCGTCTCGGTGCGAAGAAAGCCCGtCTTATAGCCAGTAATGTCACCGAAACGCGGTTCTATCTAGTTACGCGTTA,139,ATCTTGTGGAAAGGACGAGGTACCGGATGGTTTCGGTGACATTACGTTTCAGAGCTATGCTGGAAACAGCATAGCAAGTTGAAATAAGGCTAGTCCGTTATCAACTTGAAAAAGTGGCACCGAGTCGGTGCGAAGAAAGCCCGtCTTATAGCCAGTAATGTCACCGAAACGCGGTTCTATCTAGTTACGCGTTA,194,TACAGCTGGGTCTGACCTCTGAGTCCAGGGTCAGGTGATTTTGCTTAGCCTCAAGTGCTCAGATTCTGCTGATATTTTGCAAGACCTGGACTCTCTTGACACCCAGGATTCTTTCCTCAGGGGACATGCTGCCTATAGTTCTGCAGTTAACATCCTCCTTGGCCATGGCACCAGGGTCGGAGCCACGTACTTCATGACCTACCACACCGTGCTGCAGACCTCTGCTGACTTTATTGACGCTCTGAAGAAAGCCCGtCTTATAGCaAGTAATGTCACCGAAACCATGGGCATTAACGGCAGTGCCTACCGAGTATTTCCTTACAGGTAAAGCCTGCCCTTTTTCAATGGGGTTTACCCAGCAAAGGGCCTACACTGGGTGGGAGTGGGGAGGGTTCCCTTGGCAAGATGCTGATTTTCAGGTTGGGTTCTGGCCCCTGCTCCATT,73.38845431804657,,GATGGTTTCGGTGACATTACGTTTCAGAGCTATGCTGGAAACAGCATAGCAAGTTGAAATAAGGCTAGTCCGTTATCAACTTGAAAAAGTGGCACCGAGTCGGTGCGAAGAAAGCCCGTCTTATAGCAAGTAATGTCACCGAAA,21,
1,2,2,TGG,(-),G>C,ATCTTGTGGAAAGGACGAGGTACCG,GATGGTTTCGGTGACATTAC,GAAGAAAGCCCGAGTTATAGCAAGTA,ATGTCACCGAAAC,CGCGGTTCTATCTAGTTACGCGTTA,ATCTTGTGGAAAGGACGAGGTACCGGATGGTTTCGGTGACATTACGTTTCGAGACGCGAGATCTTCGTCTCGGTGCGAAGAAAGCCCGAgTTATAGCCAGTAATGTCACCGAAACCGCGGTTCTATCTAGTTACGCGTTA,140,ATCTTGTGGAAAGGACGAGGTACCGGATGGTTTCGGTGACATTACGTTTCAGAGCTATGCTGGAAACAGCATAGCAAGTTGAAATAAGGCTAGTCCGTTATCAACTTGAAAAAGTGGCACCGAGTCGGTGCGAAGAAAGCCCGAgTTATAGCCAGTAATGTCACCGAAACCGCGGTTCTATCTAGTTACGCGTTA,195,TACAGCTGGGTCTGACCTCTGAGTCCAGGGTCAGGTGATTTTGCTTAGCCTCAAGTGCTCAGATTCTGCTGATATTTTGCAAGACCTGGACTCTCTTGACACCCAGGATTCTTTCCTCAGGGGACATGCTGCCTATAGTTCTGCAGTTAACATCCTCCTTGGCCATGGCACCAGGGTCGGAGCCACGTACTTCATGACCTACCACACCGTGCTGCAGACCTCTGCTGACTTTATTGACGCTCTGAAGAAAGCCCGAgTTATAGCaAGTAATGTCACCGAAACCATGGGCATTAACGGCAGTGCCTACCGAGTATTTCCTTACAGGTAAAGCCTGCCCTTTTTCAATGGGGTTTACCCAGCAAAGGGCCTACACTGGGTGGGAGTGGGGAGGGTTCCCTTGGCAAGATGCTGATTTTCAGGTTGGGTTCTGGCCCCTGCTCCATT,75.84278285503387,,GATGGTTTCGGTGACATTACGTTTCAGAGCTATGCTGGAAACAGCATAGCAAGTTGAAATAAGGCTAGTCCGTTATCAACTTGAAAAAGTGGCACCGAGTCGGTGCGAAGAAAGCCCGAGTTATAGCAAGTAATGTCACCGAAAC,21,
2,2,1,TGG,(-),T>G,ATCTTGTGGAAAGGACGAGGTACCG,GATGGTTTCGGTGACATTAC,GAAGAAAGCCCGCCTTATAGCAAGTA,ATGTCACCGAAA,CGCGGTTCTATCTAGTTACGCGTTA,ATCTTGTGGAAAGGACGAGGTACCGGATGGTTTCGGTGACATTACGTTTCGAGACGATGCGCACTCGTCTCGGTGCGAAGAAAGCCCGcCTTATAGCCAGTAATGTCACCGAAACGCGGTTCTATCTAGTTACGCGTTA,139,ATCTTGTGGAAAGGACGAGGTACCGGATGGTTTCGGTGACATTACGTTTCAGAGCTATGCTGGAAACAGCATAGCAAGTTGAAATAAGGCTAGTCCGTTATCAACTTGAAAAAGTGGCACCGAGTCGGTGCGAAGAAAGCCCGcCTTATAGCCAGTAATGTCACCGAAACGCGGTTCTATCTAGTTACGCGTTA,194,TACAGCTGGGTCTGACCTCTGAGTCCAGGGTCAGGTGATTTTGCTTAGCCTCAAGTGCTCAGATTCTGCTGATATTTTGCAAGACCTGGACTCTCTTGACACCCAGGATTCTTTCCTCAGGGGACATGCTGCCTATAGTTCTGCAGTTAACATCCTCCTTGGCCATGGCACCAGGGTCGGAGCCACGTACTTCATGACCTACCACACCGTGCTGCAGACCTCTGCTGACTTTATTGACGCTCTGAAGAAAGCCCGcCTTATAGCaAGTAATGTCACCGAAACCATGGGCATTAACGGCAGTGCCTACCGAGTATTTCCTTACAGGTAAAGCCTGCCCTTTTTCAATGGGGTTTACCCAGCAAAGGGCCTACACTGGGTGGGAGTGGGGAGGGTTCCCTTGGCAAGATGCTGATTTTCAGGTTGGGTTCTGGCCCCTGCTCCATT,73.96940588951111,,GATGGTTTCGGTGACATTACGTTTCAGAGCTATGCTGGAAACAGCATAGCAAGTTGAAATAAGGCTAGTCCGTTATCAACTTGAAAAAGTGGCACCGAGTCGGTGCGAAGAAAGCCCGCCTTATAGCAAGTAATGTCACCGAAA,21,
2,2,2,TGG,(-),G>A,ATCTTGTGGAAAGGACGAGGTACCG,GATGGTTTCGGTGACATTAC,GAAGAAAGCCCGATTTATAGCAAGTA,ATGTCACCGAAA,CGCGGTTCTATCTAGTTACGCGTTA,ATCTTGTGGAAAGGACGAGGTACCGGATGGTTTCGGTGACATTACGTTTCGAGACGCTTGGGAGCCGTCTCGGTGCGAAGAAAGCCCGAtTTATAGCCAGTAATGTCACCGAAACGCGGTTCTATCTAGTTACGCGTTA,139,ATCTTGTGGAAAGGACGAGGTACCGGATGGTTTCGGTGACATTACGTTTCAGAGCTATGCTGGAAACAGCATAGCAAGTTGAAATAAGGCTAGTCCGTTATCAACTTGAAAAAGTGGCACCGAGTCGGTGCGAAGAAAGCCCGAtTTATAGCCAGTAATGTCACCGAAACGCGGTTCTATCTAGTTACGCGTTA,194,TACAGCTGGGTCTGACCTCTGAGTCCAGGGTCAGGTGATTTTGCTTAGCCTCAAGTGCTCAGATTCTGCTGATATTTTGCAAGACCTGGACTCTCTTGACACCCAGGATTCTTTCCTCAGGGGACATGCTGCCTATAGTTCTGCAGTTAACATCCTCCTTGGCCATGGCACCAGGGTCGGAGCCACGTACTTCATGACCTACCACACCGTGCTGCAGACCTCTGCTGACTTTATTGACGCTCTGAAGAAAGCCCGAtTTATAGCaAGTAATGTCACCGAAACCATGGGCATTAACGGCAGTGCCTACCGAGTATTTCCTTACAGGTAAAGCCTGCCCTTTTTCAATGGGGTTTACCCAGCAAAGGGCCTACACTGGGTGGGAGTGGGGAGGGTTCCCTTGGCAAGATGCTGATTTTCAGGTTGGGTTCTGGCCCCTGCTCCATT,70.74065506458282,,GATGGTTTCGGTGACATTACGTTTCAGAGCTATGCTGGAAACAGCATAGCAAGTTGAAATAAGGCTAGTCCGTTATCAACTTGAAAAAGTGGCACCGAGTCGGTGCGAAGAAAGCCCGATTTATAGCAAGTAATGTCACCGAAA,21,
1,2,1,TGG,(-),T>C,ATCTTGTGGAAAGGACGAGGTACCG,GATGGTTTCGGTGACATTAC,GAAGAAAGCCCGGCTTATAGCAAGTA,ATGTCACCGAAAC,CGCGGTTCTATCTAGTTACGCGTTA,ATCTTGTGGAAAGGACGAGGTACCGGATGGTTTCGGTGACATTACGTTTCGAGACGCCTCAGAAACGTCTCGGTGCGAAGAAAGCCCGgCTTATAGCCAGTAATGTCACCGAAACCGCGGTTCTATCTAGTTACGCGTTA,140,ATCTTGTGGAAAGGACGAGGTACCGGATGGTTTCGGTGACATTACGTTTCAGAGCTATGCTGGAAACAGCATAGCAAGTTGAAATAAGGCTAGTCCGTTATCAACTTGAAAAAGTGGCACCGAGTCGGTGCGAAGAAAGCCCGgCTTATAGCCAGTAATGTCACCGAAACCGCGGTTCTATCTAGTTACGCGTTA,195,TACAGCTGGGTCTGACCTCTGAGTCCAGGGTCAGGTGATTTTGCTTAGCCTCAAGTGCTCAGATTCTGCTGATATTTTGCAAGACCTGGACTCTCTTGACACCCAGGATTCTTTCCTCAGGGGACATGCTGCCTATAGTTCTGCAGTTAACATCCTCCTTGGCCATGGCACCAGGGTCGGAGCCACGTACTTCATGACCTACCACACCGTGCTGCAGACCTCTGCTGACTTTATTGACGCTCTGAAGAAAGCCCGgCTTATAGCaAGTAATGTCACCGAAACCATGGGCATTAACGGCAGTGCCTACCGAGTATTTCCTTACAGGTAAAGCCTGCCCTTTTTCAATGGGGTTTACCCAGCAAAGGGCCTACACTGGGTGGGAGTGGGGAGGGTTCCCTTGGCAAGATGCTGATTTTCAGGTTGGGTTCTGGCCCCTGCTCCATT,75.22680163383484,,GATGGTTTCGGTGACATTACGTTTCAGAGCTATGCTGGAAACAGCATAGCAAGTTGAAATAAGGCTAGTCCGTTATCAACTTGAAAAAGTGGCACCGAGTCGGTGCGAAGAAAGCCCGGCTTATAGCAAGTAATGTCACCGAAAC,21,
3,2,2,TGG,(-),G>T,ATCTTGTGGAAAGGACGAGGTACCG,GATGGTTTCGGTGACATTAC,GAAGAAAGCCCGAATTATAGCAAGTA,ATGTCACCGAAAC,CGCGGTTCTATCTAGTTACGCGTTA,ATCTTGTGGAAAGGACGAGGTACCGGATGGTTTCGGTGACATTACGTTTCGAGACGCTTTAAAGTCGTCTCGGTGCGAAGAAAGCCCGAaTTATAGCCAGTAATGTCACCGAAACCGCGGTTCTATCTAGTTACGCGTTA,140,ATCTTGTGGAAAGGACGAGGTACCGGATGGTTTCGGTGACATTACGTTTCAGAGCTATGCTGGAAACAGCATAGCAAGTTGAAATAAGGCTAGTCCGTTATCAACTTGAAAAAGTGGCACCGAGTCGGTGCGAAGAAAGCCCGAaTTATAGCCAGTAATGTCACCGAAACCGCGGTTCTATCTAGTTACGCGTTA,195,TACAGCTGGGTCTGACCTCTGAGTCCAGGGTCAGGTGATTTTGCTTAGCCTCAAGTGCTCAGATTCTGCTGATATTTTGCAAGACCTGGACTCTCTTGACACCCAGGATTCTTTCCTCAGGGGACATGCTGCCTATAGTTCTGCAGTTAACATCCTCCTTGGCCATGGCACCAGGGTCGGAGCCACGTACTTCATGACCTACCACACCGTGCTGCAGACCTCTGCTGACTTTATTGACGCTCTGAAGAAAGCCCGAaTTATAGCaAGTAATGTCACCGAAACCATGGGCATTAACGGCAGTGCCTACCGAGTATTTCCTTACAGGTAAAGCCTGCCCTTTTTCAATGGGGTTTACCCAGCAAAGGGCCTACACTGGGTGGGAGTGGGGAGGGTTCCCTTGGCAAGATGCTGATTTTCAGGTTGGGTTCTGGCCCCTGCTCCATT,75.21093785762787,,GATGGTTTCGGTGACATTACGTTTCAGAGCTATGCTGGAAACAGCATAGCAAGTTGAAATAAGGCTAGTCCGTTATCAACTTGAAAAAGTGGCACCGAGTCGGTGCGAAGAAAGCCCGAATTATAGCAAGTAATGTCACCGAAAC,21,
1,2,4,TGG,(-),A>T,ATCTTGTGGAAAGGACGAGGTACCG,GATGGTTTCGGTGACATTAC,GCCCGACTTTGAGCAAGTA,ATGTCACCGAAAC,CGCGGTTCTATCTAGTTACGCGTTA,ATCTTGTGGAAAGGACGAGGTACCGGATGGTTTCGGTGACATTACGTTTCGAGACGCGCTGTGCCCGTCTCGGTGCGCCCGACTaATAGCCAGTAATGTCACCGAAACCGCGGTTCTATCTAGTTACGCGTTA,133,ATCTTGTGGAAAGGACGAGGTACCGGATGGTTTCGGTGACATTACGTTTCAGAGCTATGCTGGAAACAGCATAGCAAGTTGAAATAAGGCTAGTCCGTTATCAACTTGAAAAAGTGGCACCGAGTCGGTGCGCCCGACTaATAGCCAGTAATGTCACCGAAACCGCGGTTCTATCTAGTTACGCGTTA,188,TACAGCTGGGTCTGACCTCTGAGTCCAGGGTCAGGTGATTTTGCTTAGCCTCAAGTGCTCAGATTCTGCTGATATTTTGCAAGACCTGGACTCTCTTGACACCCAGGATTCTTTCCTCAGGGGACATGCTGCCTATAGTTCTGCAGTTAACATCCTCCTTGGCCATGGCACCAGGGTCGGAGCCACGTACTTCATGACCTACCACACCGTGCTGCAGACCTC-GCTGACTTTATTGACGCTCTGAAGAAAGCCCGACTTATAGCCAGTAATGTCACCGAAACCATGGGCATTAACGGCAGTGCCTACCGAGTATTTCCTTACAGGTAAAGCCTGCCCTTTTTCAATGGGGTTTACCCAGCAAAGGGCCTACACTGGGTGGGAGTGGGGAGGGTTCCCTTGGCAAGATGCTGATTTTCAGGTTGGGTTCTGGCCCCTGCTCCATT,77.27019488811493,GATGGTTTCGGTGACATTACGTTTCGAGACGTCAGGGTTTCGTCTCGGTGCGCCCGACTTTGAGCAAGTAATGTCACCGAAAC,GATGGTTTCGGTGACATTACGTTTCAGAGCTATGCTGGAAACAGCATAGCAAGTTGAAATAAGGCTAGTCCGTTATCAACTTGAAAAAGTGGCACCGAGTCGGTGCGCCCGACTTTGAGCAAGTAATGTCACCGAAAC,28,GTTTCGAGACGTCAGGGTTTCGTCTCGGTGC
1,2,4,TGG,(-),A>T,ATCTTGTGGAAAGGACGAGGTACCG,GATGGTTTCGGTGACATTAC,GCCCGACTTTAGCCAGTA,ATGTCACCGAAAC,CGCGGTTCTATCTAGTTACGCGTTA,ATCTTGTGGAAAGGACGAGGTACCGGATGGTTTCGGTGACATTACGTTTCGAGACGCGCTGTGCCCGTCTCGGTGCGCCCGACTaATAGCCAGTAATGTCACCGAAACCGCGGTTCTATCTAGTTACGCGTTA,133,ATCTTGTGGAAAGGACGAGGTACCGGATGGTTTCGGTGACATTACGTTTCAGAGCTATGCTGGAAACAGCATAGCAAGTTGAAATAAGGCTAGTCCGTTATCAACTTGAAAAAGTGGCACCGAGTCGGTGCGCCCGACTaATAGCCAGTAATGTCACCGAAACCGCGGTTCTATCTAGTTACGCGTTA,188,TACAGCTGGGTCTGACCTCTGAGTCCAGGGTCAGGTGATTTTGCTTAGCCTCAAGTGCTCAGATTCTGCTGATATTTTGCAAGACCTGGACTCTCTTGACACCCAGGATTCTTTCCTCAGGGGACATGCTGCCTATAGTTCTGCAGTTAACATCCTCCTTGGCCATGGCACCAGGGTCGGAGCCACGTACTTCATGACCTACCACACCGTGCTGCAGACCTC-GCTGACTTTATTGACGCTCTGAAGAAAGCCCGACTTATAGCCAGTAATGTCACCGAAACCATGGGCATTAACGGCAGTGCCTACCGAGTATTTCCTTACAGGTAAAGCCTGCCCTTTTTCAATGGGGTTTACCCAGCAAAGGGCCTACACTGGGTGGGAGTGGGGAGGGTTCCCTTGGCAAGATGCTGATTTTCAGGTTGGGTTCTGGCCCCTGCTCCATT,77.27019488811493,GATGGTTTCGGTGACATTACGTTTCGAGACGGCCTGTCTGCGTCTCGGTGCGCCCGACTTTAGCCAGTAATGTCACCGAAAC,GATGGTTTCGGTGACATTACGTTTCAGAGCTATGCTGGAAACAGCATAGCAAGTTGAAATAAGGCTAGTCCGTTATCAACTTGAAAAAGTGGCACCGAGTCGGTGCGCCCGACTTTAGCCAGTAATGTCACCGAAAC,28,GTTTCGAGACGGCCTGTCTGCGTCTCGGTGC
4,3,2,CGG,(-),G>C,ATCTTGTGGAAAGGACGAGGTACCG,GGACATTACTGGCTATAAGT,TCTGAAGAAAGCCAGAGT,TATAGCCAGTAATG,CGCGGTTCTATCTAGTTACGCGTTA,ATCTTGTGGAAAGGACGAGGTACCGGGACATTACTGGCTATAAGTGTTTCGAGACGCGCGTACCTCGTCTCGGTGCTCTGAAGAAAGCCCGAgTTATAGCCAGTAATGCGCGGTTCTATCTAGTTACGCGTTA,133,ATCTTGTGGAAAGGACGAGGTACCGGGACATTACTGGCTATAAGTGTTTCAGAGCTATGCTGGAAACAGCATAGCAAGTTGAAATAAGGCTAGTCCGTTATCAACTTGAAAAAGTGGCACCGAGTCGGTGCTCTGAAGAAAGCCCGAgTTATAGCCAGTAATGCGCGGTTCTATCTAGTTACGCGTTA,188,TACAGCTGGGTCTGACCTCTGAGTCCAGGGTCAGGTGATTTTGCTTAGCCTCAAGTGCTCAGATTCTGCTGATATTTTGCAAGACCTGGACTCTCTTGACACCCAGGATTCTTTCCTCAGGGGACATGCTGCCTATAGTTCTGCAGTTAACATCCTCCTTGGCCATGGCACCAGGGTCGGAGCCACGTACTTCATGACCTACCACACCGTGCTGCAGACCTCTGCTGACTTTATTGACGCTCTGAAGAAAGCCaGAgTTATAGCCAGTAATGTCACCGAAACCATGGGCATTAACGGCAGTGCCTACCGAGTATTTCCTTACAGGTAAAGCCTGCCCTTTTTCAATGGGGTTTACCCAGCAAAGGGCCTACACTGGGTGGGAGTGGGGAGGGTTCCCTTGGCAAGATGCTGATTTTCAGGTTGGGTTCTGGCCCCTGCTCCATT,72.18351364135742,,GGACATTACTGGCTATAAGTGTTTCAGAGCTATGCTGGAAACAGCATAGCAAGTTGAAATAAGGCTAGTCCGTTATCAACTTGAAAAAGTGGCACCGAGTCGGTGCTCTGAAGAAAGCCAGAGTTATAGCCAGTAATG,29,
4,3,1,CGG,(-),T>C,ATCTTGTGGAAAGGACGAGGTACCG,GGACATTACTGGCTATAAGT,TCTGAAGAAAGCCAGGCT,TATAGCCAGTAATG,CGCGGTTCTATCTAGTTACGCGTTA,ATCTTGTGGAAAGGACGAGGTACCGGGACATTACTGGCTATAAGTGTTTCGAGACGTCGAGTTTCCGTCTCGGTGCTCTGAAGAAAGCCCGgCTTATAGCCAGTAATGCGCGGTTCTATCTAGTTACGCGTTA,133,ATCTTGTGGAAAGGACGAGGTACCGGGACATTACTGGCTATAAGTGTTTCAGAGCTATGCTGGAAACAGCATAGCAAGTTGAAATAAGGCTAGTCCGTTATCAACTTGAAAAAGTGGCACCGAGTCGGTGCTCTGAAGAAAGCCCGgCTTATAGCCAGTAATGCGCGGTTCTATCTAGTTACGCGTTA,188,TACAGCTGGGTCTGACCTCTGAGTCCAGGGTCAGGTGATTTTGCTTAGCCTCAAGTGCTCAGATTCTGCTGATATTTTGCAAGACCTGGACTCTCTTGACACCCAGGATTCTTTCCTCAGGGGACATGCTGCCTATAGTTCTGCAGTTAACATCCTCCTTGGCCATGGCACCAGGGTCGGAGCCACGTACTTCATGACCTACCACACCGTGCTGCAGACCTCTGCTGACTTTATTGACGCTCTGAAGAAAGCCaGgCTTATAGCCAGTAATGTCACCGAAACCATGGGCATTAACGGCAGTGCCTACCGAGTATTTCCTTACAGGTAAAGCCTGCCCTTTTTCAATGGGGTTTACCCAGCAAAGGGCCTACACTGGGTGGGAGTGGGGAGGGTTCCCTTGGCAAGATGCTGATTTTCAGGTTGGGTTCTGGCCCCTGCTCCATT,69.62050497531891,,GGACATTACTGGCTATAAGTGTTTCAGAGCTATGCTGGAAACAGCATAGCAAGTTGAAATAAGGCTAGTCCGTTATCAACTTGAAAAAGTGGCACCGAGTCGGTGCTCTGAAGAAAGCCAGGCTTATAGCCAGTAATG,29,
4,3,1,CGG,(-),T>A,ATCTTGTGGAAAGGACGAGGTACCG,GGACATTACTGGCTATAAGT,TCTGAAGAAAGCCAGTCT,TATAGCCAGTAATG,CGCGGTTCTATCTAGTTACGCGTTA,ATCTTGTGGAAAGGACGAGGTACCGGGACATTACTGGCTATAAGTGTTTCGAGACGTAGACCCTTCGTCTCGGTGCTCTGAAGAAAGCCCGtCTTATAGCCAGTAATGCGCGGTTCTATCTAGTTACGCGTTA,133,ATCTTGTGGAAAGGACGAGGTACCGGGACATTACTGGCTATAAGTGTTTCAGAGCTATGCTGGAAACAGCATAGCAAGTTGAAATAAGGCTAGTCCGTTATCAACTTGAAAAAGTGGCACCGAGTCGGTGCTCTGAAGAAAGCCCGtCTTATAGCCAGTAATGCGCGGTTCTATCTAGTTACGCGTTA,188,TACAGCTGGGTCTGACCTCTGAGTCCAGGGTCAGGTGATTTTGCTTAGCCTCAAGTGCTCAGATTCTGCTGATATTTTGCAAGACCTGGACTCTCTTGACACCCAGGATTCTTTCCTCAGGGGACATGCTGCCTATAGTTCTGCAGTTAACATCCTCCTTGGCCATGGCACCAGGGTCGGAGCCACGTACTTCATGACCTACCACACCGTGCTGCAGACCTCTGCTGACTTTATTGACGCTCTGAAGAAAGCCaGtCTTATAGCCAGTAATGTCACCGAAACCATGGGCATTAACGGCAGTGCCTACCGAGTATTTCCTTACAGGTAAAGCCTGCCCTTTTTCAATGGGGTTTACCCAGCAAAGGGCCTACACTGGGTGGGAGTGGGGAGGGTTCCCTTGGCAAGATGCTGATTTTCAGGTTGGGTTCTGGCCCCTGCTCCATT,71.81918323040009,,GGACATTACTGGCTATAAGTGTTTCAGAGCTATGCTGGAAACAGCATAGCAAGTTGAAATAAGGCTAGTCCGTTATCAACTTGAAAAAGTGGCACCGAGTCGGTGCTCTGAAGAAAGCCAGTCTTATAGCCAGTAATG,29,
4,3,1,CGG,(-),T>G,ATCTTGTGGAAAGGACGAGGTACCG,GGACATTACTGGCTATAAGT,TCTGAAGAAAGCCAGCCT,TATAGCCAGTAATG,CGCGGTTCTATCTAGTTACGCGTTA,ATCTTGTGGAAAGGACGAGGTACCGGGACATTACTGGCTATAAGTGTTTCGAGACGACGTCAGGTCGTCTCGGTGCTCTGAAGAAAGCCCGcCTTATAGCCAGTAATGCGCGGTTCTATCTAGTTACGCGTTA,133,ATCTTGTGGAAAGGACGAGGTACCGGGACATTACTGGCTATAAGTGTTTCAGAGCTATGCTGGAAACAGCATAGCAAGTTGAAATAAGGCTAGTCCGTTATCAACTTGAAAAAGTGGCACCGAGTCGGTGCTCTGAAGAAAGCCCGcCTTATAGCCAGTAATGCGCGGTTCTATCTAGTTACGCGTTA,188,TACAGCTGGGTCTGACCTCTGAGTCCAGGGTCAGGTGATTTTGCTTAGCCTCAAGTGCTCAGATTCTGCTGATATTTTGCAAGACCTGGACTCTCTTGACACCCAGGATTCTTTCCTCAGGGGACATGCTGCCTATAGTTCTGCAGTTAACATCCTCCTTGGCCATGGCACCAGGGTCGGAGCCACGTACTTCATGACCTACCACACCGTGCTGCAGACCTCTGCTGACTTTATTGACGCTCTGAAGAAAGCCaGcCTTATAGCCAGTAATGTCACCGAAACCATGGGCATTAACGGCAGTGCCTACCGAGTATTTCCTTACAGGTAAAGCCTGCCCTTTTTCAATGGGGTTTACCCAGCAAAGGGCCTACACTGGGTGGGAGTGGGGAGGGTTCCCTTGGCAAGATGCTGATTTTCAGGTTGGGTTCTGGCCCCTGCTCCATT,68.28969717025757,,GGACATTACTGGCTATAAGTGTTTCAGAGCTATGCTGGAAACAGCATAGCAAGTTGAAATAAGGCTAGTCCGTTATCAACTTGAAAAAGTGGCACCGAGTCGGTGCTCTGAAGAAAGCCAGCCTTATAGCCAGTAATG,29,
2,3,2,CGG,(-),G>T,ATCTTGTGGAAAGGACGAGGTACCG,GGACATTACTGGCTATAAGT,TCTGAAGAAAGCCAGAAT,TATAGCCAGTAATG,CGCGGTTCTATCTAGTTACGCGTTA,ATCTTGTGGAAAGGACGAGGTACCGGGACATTACTGGCTATAAGTGTTTCGAGACGTCCCTGGGACGTCTCGGTGCTCTGAAGAAAGCCCGAaTTATAGCCAGTAATGCGCGGTTCTATCTAGTTACGCGTTA,133,ATCTTGTGGAAAGGACGAGGTACCGGGACATTACTGGCTATAAGTGTTTCAGAGCTATGCTGGAAACAGCATAGCAAGTTGAAATAAGGCTAGTCCGTTATCAACTTGAAAAAGTGGCACCGAGTCGGTGCTCTGAAGAAAGCCCGAaTTATAGCCAGTAATGCGCGGTTCTATCTAGTTACGCGTTA,188,TACAGCTGGGTCTGACCTCTGAGTCCAGGGTCAGGTGATTTTGCTTAGCCTCAAGTGCTCAGATTCTGCTGATATTTTGCAAGACCTGGACTCTCTTGACACCCAGGATTCTTTCCTCAGGGGACATGCTGCCTATAGTTCTGCAGTTAACATCCTCCTTGGCCATGGCACCAGGGTCGGAGCCACGTACTTCATGACCTACCACACCGTGCTGCAGACCTCTGCTGACTTTATTGACGCTCTGAAGAAAGCCaGAaTTATAGCCAGTAATGTCACCGAAACCATGGGCATTAACGGCAGTGCCTACCGAGTATTTCCTTACAGGTAAAGCCTGCCCTTTTTCAATGGGGTTTACCCAGCAAAGGGCCTACACTGGGTGGGAGTGGGGAGGGTTCCCTTGGCAAGATGCTGATTTTCAGGTTGGGTTCTGGCCCCTGCTCCATT,75.88505744934082,,GGACATTACTGGCTATAAGTGTTTCAGAGCTATGCTGGAAACAGCATAGCAAGTTGAAATAAGGCTAGTCCGTTATCAACTTGAAAAAGTGGCACCGAGTCGGTGCTCTGAAGAAAGCCAGAATTATAGCCAGTAATG,29,
2,3,3,CGG,(-),A>T,ATCTTGTGGAAAGGACGAGGTACCG,GGACATTACTGGCTATAAGT,TCTGAAGAAAGCCAGACA,TATAGCCAGTAATG,CGCGGTTCTATCTAGTTACGCGTTA,ATCTTGTGGAAAGGACGAGGTACCGGGACATTACTGGCTATAAGTGTTTCGAGACGAGGGAACTGCGTCTCGGTGCTCTGAAGAAAGCCCGACaTATAGCCAGTAATGCGCGGTTCTATCTAGTTACGCGTTA,133,ATCTTGTGGAAAGGACGAGGTACCGGGACATTACTGGCTATAAGTGTTTCAGAGCTATGCTGGAAACAGCATAGCAAGTTGAAATAAGGCTAGTCCGTTATCAACTTGAAAAAGTGGCACCGAGTCGGTGCTCTGAAGAAAGCCCGACaTATAGCCAGTAATGCGCGGTTCTATCTAGTTACGCGTTA,188,TACAGCTGGGTCTGACCTCTGAGTCCAGGGTCAGGTGATTTTGCTTAGCCTCAAGTGCTCAGATTCTGCTGATATTTTGCAAGACCTGGACTCTCTTGACACCCAGGATTCTTTCCTCAGGGGACATGCTGCCTATAGTTCTGCAGTTAACATCCTCCTTGGCCATGGCACCAGGGTCGGAGCCACGTACTTCATGACCTACCACACCGTGCTGCAGACCTCTGCTGACTTTATTGACGCTCTGAAGAAAGCCaGACaTATAGCCAGTAATGTCACCGAAACCATGGGCATTAACGGCAGTGCCTACCGAGTATTTCCTTACAGGTAAAGCCTGCCCTTTTTCAATGGGGTTTACCCAGCAAAGGGCCTACACTGGGTGGGAGTGGGGAGGGTTCCCTTGGCAAGATGCTGATTTTCAGGTTGGGTTCTGGCCCCTGCTCCATT,76.1652410030365,,GGACATTACTGGCTATAAGTGTTTCAGAGCTATGCTGGAAACAGCATAGCAAGTTGAAATAAGGCTAGTCCGTTATCAACTTGAAAAAGTGGCACCGAGTCGGTGCTCTGAAGAAAGCCAGACATATAGCCAGTAATG,29,
3,3,3,CGG,(-),A>C,ATCTTGTGGAAAGGACGAGGTACCG,GGACATTACTGGCTATAAGT,TCTGAAGAAAGCCAGACG,TATAGCCAGTAATG,CGCGGTTCTATCTAGTTACGCGTTA,ATCTTGTGGAAAGGACGAGGTACCGGGACATTACTGGCTATAAGTGTTTCGAGACGGGGGGCGTACGTCTCGGTGCTCTGAAGAAAGCCCGACgTATAGCCAGTAATGCGCGGTTCTATCTAGTTACGCGTTA,133,ATCTTGTGGAAAGGACGAGGTACCGGGACATTACTGGCTATAAGTGTTTCAGAGCTATGCTGGAAACAGCATAGCAAGTTGAAATAAGGCTAGTCCGTTATCAACTTGAAAAAGTGGCACCGAGTCGGTGCTCTGAAGAAAGCCCGACgTATAGCCAGTAATGCGCGGTTCTATCTAGTTACGCGTTA,188,TACAGCTGGGTCTGACCTCTGAGTCCAGGGTCAGGTGATTTTGCTTAGCCTCAAGTGCTCAGATTCTGCTGATATTTTGCAAGACCTGGACTCTCTTGACACCCAGGATTCTTTCCTCAGGGGACATGCTGCCTATAGTTCTGCAGTTAACATCCTCCTTGGCCATGGCACCAGGGTCGGAGCCACGTACTTCATGACCTACCACACCGTGCTGCAGACCTCTGCTGACTTTATTGACGCTCTGAAGAAAGCCaGACgTATAGCCAGTAATGTCACCGAAACCATGGGCATTAACGGCAGTGCCTACCGAGTATTTCCTTACAGGTAAAGCCTGCCCTTTTTCAATGGGGTTTACCCAGCAAAGGGCCTACACTGGGTGGGAGTGGGGAGGGTTCCCTTGGCAAGATGCTGATTTTCAGGTTGGGTTCTGGCCCCTGCTCCATT,72.95777499675751,,GGACATTACTGGCTATAAGTGTTTCAGAGCTATGCTGGAAACAGCATAGCAAGTTGAAATAAGGCTAGTCCGTTATCAACTTGAAAAAGTGGCACCGAGTCGGTGCTCTGAAGAAAGCCAGACGTATAGCCAGTAATG,29,
3,3,3,CGG,(-),A>G,ATCTTGTGGAAAGGACGAGGTACCG,GGACATTACTGGCTATAAGT,GAAGAAAGCCAGACC,TATAGCCAG,CGCGGTTCTATCTAGTTACGCGTTA,ATCTTGTGGAAAGGACGAGGTACCGGGACATTACTGGCTATAAGTGTTTCGAGACGTCCGGCAGTCGTCTCGGTGCGAAGAAAGCCCGACcTATAGCCAGCGCGGTTCTATCTAGTTACGCGTTA,125,ATCTTGTGGAAAGGACGAGGTACCGGGACATTACTGGCTATAAGTGTTTCAGAGCTATGCTGGAAACAGCATAGCAAGTTGAAATAAGGCTAGTCCGTTATCAACTTGAAAAAGTGGCACCGAGTCGGTGCGAAGAAAGCCCGACcTATAGCCAGCGCGGTTCTATCTAGTTACGCGTTA,180,TACAGCTGGGTCTGACCTCTGAGTCCAGGGTCAGGTGATTTTGCTTAGCCTCAAGTGCTCAGATTCTGCTGATATTTTGCAAGACCTGGACTCTCTTGACACCCAGGATTCTTTCCTCAGGGGACATGCTGCCTATAGTTCTGCAGTTAACATCCTCCTTGGCCATGGCACCAGGGTCGGAGCCACGTACTTCATGACCTACCACACCGTGCTGCAGACCTCTGCTGACTTTATTGACGCTCTGAAGAAAGCCaGACcTATAGCCAGTAATGTCACCGAAACCATGGGCATTAACGGCAGTGCCTACCGAGTATTTCCTTACAGGTAAAGCCTGCCCTTTTTCAATGGGGTTTACCCAGCAAAGGGCCTACACTGGGTGGGAGTGGGGAGGGTTCCCTTGGCAAGATGCTGATTTTCAGGTTGGGTTCTGGCCCCTGCTCCATT,73.72314929962158,,GGACATTACTGGCTATAAGTGTTTCAGAGCTATGCTGGAAACAGCATAGCAAGTTGAAATAAGGCTAGTCCGTTATCAACTTGAAAAAGTGGCACCGAGTCGGTGCGAAGAAAGCCAGACCTATAGCCAG,32,
4,3,2,CGG,(-),G>A,ATCTTGTGGAAAGGACGAGGTACCG,GGACATTACTGGCTATAAGT,TCTGAAGAAAGCCAGATT,TATAGCCAGTAATG,CGCGGTTCTATCTAGTTACGCGTTA,ATCTTGTGGAAAGGACGAGGTACCGGGACATTACTGGCTATAAGTGTTTCGAGACGGAACTTAATCGTCTCGGTGCTCTGAAGAAAGCCCGAtTTATAGCCAGTAATGCGCGGTTCTATCTAGTTACGCGTTA,133,ATCTTGTGGAAAGGACGAGGTACCGGGACATTACTGGCTATAAGTGTTTCAGAGCTATGCTGGAAACAGCATAGCAAGTTGAAATAAGGCTAGTCCGTTATCAACTTGAAAAAGTGGCACCGAGTCGGTGCTCTGAAGAAAGCCCGAtTTATAGCCAGTAATGCGCGGTTCTATCTAGTTACGCGTTA,188,TACAGCTGGGTCTGACCTCTGAGTCCAGGGTCAGGTGATTTTGCTTAGCCTCAAGTGCTCAGATTCTGCTGATATTTTGCAAGACCTGGACTCTCTTGACACCCAGGATTCTTTCCTCAGGGGACATGCTGCCTATAGTTCTGCAGTTAACATCCTCCTTGGCCATGGCACCAGGGTCGGAGCCACGTACTTCATGACCTACCACACCGTGCTGCAGACCTCTGCTGACTTTATTGACGCTCTGAAGAAAGCCaGAtTTATAGCCAGTAATGTCACCGAAACCATGGGCATTAACGGCAGTGCCTACCGAGTATTTCCTTACAGGTAAAGCCTGCCCTTTTTCAATGGGGTTTACCCAGCAAAGGGCCTACACTGGGTGGGAGTGGGGAGGGTTCCCTTGGCAAGATGCTGATTTTCAGGTTGGGTTCTGGCCCCTGCTCCATT,69.86635625362396,,GGACATTACTGGCTATAAGTGTTTCAGAGCTATGCTGGAAACAGCATAGCAAGTTGAAATAAGGCTAGTCCGTTATCAACTTGAAAAAGTGGCACCGAGTCGGTGCTCTGAAGAAAGCCAGATTTATAGCCAGTAATG,29,
2,3,3,CGG,(-),A>T,ATCTTGTGGAAAGGACGAGGTACCG,GGACATTACTGGCTATAAGT,TCTGAAGTGAGCCAGACT,TATAGCCAGTAATG,CGCGGTTCTATCTAGTTACGCGTTA,ATCTTGTGGAAAGGACGAGGTACCGGGACATTACTGGCTATAAGTGTTTCGAGACGAGGGAACTGCGTCTCGGTGCTCTGAAGAAAGCCCGACaTATAGCCAGTAATGCGCGGTTCTATCTAGTTACGCGTTA,133,ATCTTGTGGAAAGGACGAGGTACCGGGACATTACTGGCTATAAGTGTTTCAGAGCTATGCTGGAAACAGCATAGCAAGTTGAAATAAGGCTAGTCCGTTATCAACTTGAAAAAGTGGCACCGAGTCGGTGCTCTGAAGAAAGCCCGACaTATAGCCAGTAATGCGCGGTTCTATCTAGTTACGCGTTA,188,TACAGCTGGGTCTGACCTCTGAGTCCAGGGTCAGGTGATTTTGCTTAGCCTCAAGTGCTCAGATTCTGCTGATATTTTGCAAGACCTGGACTCTCTTGACACCCAGGATTCTTTCCTCAGGGGACATGCTGCCTATAGTTCTGCAGTTAACATCCTCCTTGGCCATGGCACCAGGGTCGGAGCCACGTACTTCATGACCTACCACACCGTGCTGCAGACCTC-GCTGACTTTATTGACGCTCTGAAGAAAGCCCGACTTATAGCCAGTAATGTCACCGAAACCATGGGCATTAACGGCAGTGCCTACCGAGTATTTCCTTACAGGTAAAGCCTGCCCTTTTTCAATGGGGTTTACCCAGCAAAGGGCCTACACTGGGTGGGAGTGGGGAGGGTTCCCTTGGCAAGATGCTGATTTTCAGGTTGGGTTCTGGCCCCTGCTCCATT,76.1652410030365,GGACATTACTGGCTATAAGTGTTTCGAGACGCCGTACACGCGTCTCGGTGCTCTGAAGTGAGCCAGACTTATAGCCAGTAATG,GGACATTACTGGCTATAAGTGTTTCAGAGCTATGCTGGAAACAGCATAGCAAGTTGAAATAAGGCTAGTCCGTTATCAACTTGAAAAAGTGGCACCGAGTCGGTGCTCTGAAGTGAGCCAGACTTATAGCCAGTAATG,29,GTTTCGAGACGCCGTACACGCGTCTCGGTGC
2,3,3,CGG,(-),A>T,ATCTTGTGGAAAGGACGAGGTACCG,GGACATTACTGGCTATAAGT,TCTGAAGAAGCCCGACT,TATAGCCAGTAATG,CGCGGTTCTATCTAGTTACGCGTTA,ATCTTGTGGAAAGGACGAGGTACCGGGACATTACTGGCTATAAGTGTTTCGAGACGAGGGAACTGCGTCTCGGTGCTCTGAAGAAAGCCCGACaTATAGCCAGTAATGCGCGGTTCTATCTAGTTACGCGTTA,133,ATCTTGTGGAAAGGACGAGGTACCGGGACATTACTGGCTATAAGTGTTTCAGAGCTATGCTGGAAACAGCATAGCAAGTTGAAATAAGGCTAGTCCGTTATCAACTTGAAAAAGTGGCACCGAGTCGGTGCTCTGAAGAAAGCCCGACaTATAGCCAGTAATGCGCGGTTCTATCTAGTTACGCGTTA,188,TACAGCTGGGTCTGACCTCTGAGTCCAGGGTCAGGTGATTTTGCTTAGCCTCAAGTGCTCAGATTCTGCTGATATTTTGCAAGACCTGGACTCTCTTGACACCCAGGATTCTTTCCTCAGGGGACATGCTGCCTATAGTTCTGCAGTTAACATCCTCCTTGGCCATGGCACCAGGGTCGGAGCCACGTACTTCATGACCTACCACACCGTGCTGCAGACCTC-GCTGACTTTATTGACGCTCTGAAGAAAGCCCGACTTATAGCCAGTAATGTCACCGAAACCATGGGCATTAACGGCAGTGCCTACCGAGTATTTCCTTACAGGTAAAGCCTGCCCTTTTTCAATGGGGTTTACCCAGCAAAGGGCCTACACTGGGTGGGAGTGGGGAGGGTTCCCTTGGCAAGATGCTGATTTTCAGGTTGGGTTCTGGCCCCTGCTCCATT,76.1652410030365,GGACATTACTGGCTATAAGTGTTTCGAGACGTTGATACCTCGTCTCGGTGCTCTGAAGAAGCCCGACTTATAGCCAGTAATG,GGACATTACTGGCTATAAGTGTTTCAGAGCTATGCTGGAAACAGCATAGCAAGTTGAAATAAGGCTAGTCCGTTATCAACTTGAAAAAGTGGCACCGAGTCGGTGCTCTGAAGAAGCCCGACTTATAGCCAGTAATG,29,GTTTCGAGACGTTGATACCTCGTCTCGGTGC
1,4,2,GGG,(-),G>T,ATCTTGTGGAAAGGACGAGGTACCG,GACATTACTGGCTATAAGTC,TCTGAAGAAAGCACGAA,TTATAGCCAGTAAT,CGCGGTTCTATCTAGTTACGCGTTA,ATCTTGTGGAAAGGACGAGGTACCGGACATTACTGGCTATAAGTCGTTTCGAGACGAGCTATATACGTCTCGGTGCTCTGAAGAAAGCCCGAaTTATAGCCAGTAATCGCGGTTCTATCTAGTTACGCGTTA,132,ATCTTGTGGAAAGGACGAGGTACCGGACATTACTGGCTATAAGTCGTTTCAGAGCTATGCTGGAAACAGCATAGCAAGTTGAAATAAGGCTAGTCCGTTATCAACTTGAAAAAGTGGCACCGAGTCGGTGCTCTGAAGAAAGCCCGAaTTATAGCCAGTAATCGCGGTTCTATCTAGTTACGCGTTA,187,TACAGCTGGGTCTGACCTCTGAGTCCAGGGTCAGGTGATTTTGCTTAGCCTCAAGTGCTCAGATTCTGCTGATATTTTGCAAGACCTGGACTCTCTTGACACCCAGGATTCTTTCCTCAGGGGACATGCTGCCTATAGTTCTGCAGTTAACATCCTCCTTGGCCATGGCACCAGGGTCGGAGCCACGTACTTCATGACCTACCACACCGTGCTGCAGACCTCTGCTGACTTTATTGACGCTCTGAAGAAAGCaCGAaTTATAGCCAGTAATGTCACCGAAACCATGGGCATTAACGGCAGTGCCTACCGAGTATTTCCTTACAGGTAAAGCCTGCCCTTTTTCAATGGGGTTTACCCAGCAAAGGGCCTACACTGGGTGGGAGTGGGGAGGGTTCCCTTGGCAAGATGCTGATTTTCAGGTTGGGTTCTGGCCCCTGCTCCATT,76.18934214115143,,GACATTACTGGCTATAAGTCGTTTCAGAGCTATGCTGGAAACAGCATAGCAAGTTGAAATAAGGCTAGTCCGTTATCAACTTGAAAAAGTGGCACCGAGTCGGTGCTCTGAAGAAAGCACGAATTATAGCCAGTAAT,30,
3,4,1,GGG,(-),T>C,ATCTTGTGGAAAGGACGAGGTACCG,GACATTACTGGCTATAAGTC,GAAGAAAGCACGGC,TTATAGCCAGTAA,CGCGGTTCTATCTAGTTACGCGTTA,ATCTTGTGGAAAGGACGAGGTACCGGACATTACTGGCTATAAGTCGTTTCGAGACGGTCGCGCCTCGTCTCGGTGCGAAGAAAGCCCGgCTTATAGCCAGTAACGCGGTTCTATCTAGTTACGCGTTA,128,ATCTTGTGGAAAGGACGAGGTACCGGACATTACTGGCTATAAGTCGTTTCAGAGCTATGCTGGAAACAGCATAGCAAGTTGAAATAAGGCTAGTCCGTTATCAACTTGAAAAAGTGGCACCGAGTCGGTGCGAAGAAAGCCCGgCTTATAGCCAGTAACGCGGTTCTATCTAGTTACGCGTTA,183,TACAGCTGGGTCTGACCTCTGAGTCCAGGGTCAGGTGATTTTGCTTAGCCTCAAGTGCTCAGATTCTGCTGATATTTTGCAAGACCTGGACTCTCTTGACACCCAGGATTCTTTCCTCAGGGGACATGCTGCCTATAGTTCTGCAGTTAACATCCTCCTTGGCCATGGCACCAGGGTCGGAGCCACGTACTTCATGACCTACCACACCGTGCTGCAGACCTCTGCTGACTTTATTGACGCTCTGAAGAAAGCaCGgCTTATAGCCAGTAATGTCACCGAAACCATGGGCATTAACGGCAGTGCCTACCGAGTATTTCCTTACAGGTAAAGCCTGCCCTTTTTCAATGGGGTTTACCCAGCAAAGGGCCTACACTGGGTGGGAGTGGGGAGGGTTCCCTTGGCAAGATGCTGATTTTCAGGTTGGGTTCTGGCCCCTGCTCCATT,71.94029986858368,,GACATTACTGGCTATAAGTCGTTTCAGAGCTATGCTGGAAACAGCATAGCAAGTTGAAATAAGGCTAGTCCGTTATCAACTTGAAAAAGTGGCACCGAGTCGGTGCGAAGAAAGCACGGCTTATAGCCAGTAA,33,
3,4,2,GGG,(-),G>A,ATCTTGTGGAAAGGACGAGGTACCG,GACATTACTGGCTATAAGTC,TCTGAAGAAAGCACGAT,TTATAGCCAGTAA,CGCGGTTCTATCTAGTTACGCGTTA,ATCTTGTGGAAAGGACGAGGTACCGGACATTACTGGCTATAAGTCGTTTCGAGACGGGATTGGTACGTCTCGGTGCTCTGAAGAAAGCCCGAtTTATAGCCAGTAACGCGGTTCTATCTAGTTACGCGTTA,131,ATCTTGTGGAAAGGACGAGGTACCGGACATTACTGGCTATAAGTCGTTTCAGAGCTATGCTGGAAACAGCATAGCAAGTTGAAATAAGGCTAGTCCGTTATCAACTTGAAAAAGTGGCACCGAGTCGGTGCTCTGAAGAAAGCCCGAtTTATAGCCAGTAACGCGGTTCTATCTAGTTACGCGTTA,186,TACAGCTGGGTCTGACCTCTGAGTCCAGGGTCAGGTGATTTTGCTTAGCCTCAAGTGCTCAGATTCTGCTGATATTTTGCAAGACCTGGACTCTCTTGACACCCAGGATTCTTTCCTCAGGGGACATGCTGCCTATAGTTCTGCAGTTAACATCCTCCTTGGCCATGGCACCAGGGTCGGAGCCACGTACTTCATGACCTACCACACCGTGCTGCAGACCTCTGCTGACTTTATTGACGCTCTGAAGAAAGCaCGAtTTATAGCCAGTAATGTCACCGAAACCATGGGCATTAACGGCAGTGCCTACCGAGTATTTCCTTACAGGTAAAGCCTGCCCTTTTTCAATGGGGTTTACCCAGCAAAGGGCCTACACTGGGTGGGAGTGGGGAGGGTTCCCTTGGCAAGATGCTGATTTTCAGGTTGGGTTCTGGCCCCTGCTCCATT,70.11020183563232,,GACATTACTGGCTATAAGTCGTTTCAGAGCTATGCTGGAAACAGCATAGCAAGTTGAAATAAGGCTAGTCCGTTATCAACTTGAAAAAGTGGCACCGAGTCGGTGCTCTGAAGAAAGCACGATTTATAGCCAGTAA,30,
3,4,1,GGG,(-),T>G,ATCTTGTGGAAAGGACGAGGTACCG,GACATTACTGGCTATAAGTC,TCTGAAGAAAGCACGCC,TTATAGCCAGTAA,CGCGGTTCTATCTAGTTACGCGTTA,ATCTTGTGGAAAGGACGAGGTACCGGACATTACTGGCTATAAGTCGTTTCGAGACGAAAGGGGCTCGTCTCGGTGCTCTGAAGAAAGCCCGcCTTATAGCCAGTAACGCGGTTCTATCTAGTTACGCGTTA,131,ATCTTGTGGAAAGGACGAGGTACCGGACATTACTGGCTATAAGTCGTTTCAGAGCTATGCTGGAAACAGCATAGCAAGTTGAAATAAGGCTAGTCCGTTATCAACTTGAAAAAGTGGCACCGAGTCGGTGCTCTGAAGAAAGCCCGcCTTATAGCCAGTAACGCGGTTCTATCTAGTTACGCGTTA,186,TACAGCTGGGTCTGACCTCTGAGTCCAGGGTCAGGTGATTTTGCTTAGCCTCAAGTGCTCAGATTCTGCTGATATTTTGCAAGACCTGGACTCTCTTGACACCCAGGATTCTTTCCTCAGGGGACATGCTGCCTATAGTTCTGCAGTTAACATCCTCCTTGGCCATGGCACCAGGGTCGGAGCCACGTACTTCATGACCTACCACACCGTGCTGCAGACCTCTGCTGACTTTATTGACGCTCTGAAGAAAGCaCGcCTTATAGCCAGTAATGTCACCGAAACCATGGGCATTAACGGCAGTGCCTACCGAGTATTTCCTTACAGGTAAAGCCTGCCCTTTTTCAATGGGGTTTACCCAGCAAAGGGCCTACACTGGGTGGGAGTGGGGAGGGTTCCCTTGGCAAGATGCTGATTTTCAGGTTGGGTTCTGGCCCCTGCTCCATT,70.1593667268753,,GACATTACTGGCTATAAGTCGTTTCAGAGCTATGCTGGAAACAGCATAGCAAGTTGAAATAAGGCTAGTCCGTTATCAACTTGAAAAAGTGGCACCGAGTCGGTGCTCTGAAGAAAGCACGCCTTATAGCCAGTAA,30,
3,4,1,GGG,(-),T>A,ATCTTGTGGAAAGGACGAGGTACCG,GACATTACTGGCTATAAGTC,TCTGAAGAAAGCACGTC,TTATAGCCAGTAA,CGCGGTTCTATCTAGTTACGCGTTA,ATCTTGTGGAAAGGACGAGGTACCGGACATTACTGGCTATAAGTCGTTTCGAGACGATGTTCGAACGTCTCGGTGCTCTGAAGAAAGCCCGtCTTATAGCCAGTAACGCGGTTCTATCTAGTTACGCGTTA,131,ATCTTGTGGAAAGGACGAGGTACCGGACATTACTGGCTATAAGTCGTTTCAGAGCTATGCTGGAAACAGCATAGCAAGTTGAAATAAGGCTAGTCCGTTATCAACTTGAAAAAGTGGCACCGAGTCGGTGCTCTGAAGAAAGCCCGtCTTATAGCCAGTAACGCGGTTCTATCTAGTTACGCGTTA,186,TACAGCTGGGTCTGACCTCTGAGTCCAGGGTCAGGTGATTTTGCTTAGCCTCAAGTGCTCAGATTCTGCTGATATTTTGCAAGACCTGGACTCTCTTGACACCCAGGATTCTTTCCTCAGGGGACATGCTGCCTATAGTTCTGCAGTTAACATCCTCCTTGGCCATGGCACCAGGGTCGGAGCCACGTACTTCATGACCTACCACACCGTGCTGCAGACCTCTGCTGACTTTATTGACGCTCTGAAGAAAGCaCGtCTTATAGCCAGTAATGTCACCGAAACCATGGGCATTAACGGCAGTGCCTACCGAGTATTTCCTTACAGGTAAAGCCTGCCCTTTTTCAATGGGGTTTACCCAGCAAAGGGCCTACACTGGGTGGGAGTGGGGAGGGTTCCCTTGGCAAGATGCTGATTTTCAGGTTGGGTTCTGGCCCCTGCTCCATT,72.57647812366486,,GACATTACTGGCTATAAGTCGTTTCAGAGCTATGCTGGAAACAGCATAGCAAGTTGAAATAAGGCTAGTCCGTTATCAACTTGAAAAAGTGGCACCGAGTCGGTGCTCTGAAGAAAGCACGTCTTATAGCCAGTAA,30,
3,4,2,GGG,(-),G>C,ATCTTGTGGAAAGGACGAGGTACCG,GACATTACTGGCTATAAGTC,GAAGAAAGCACGAG,TTATAGCCAGTAA,CGCGGTTCTATCTAGTTACGCGTTA,ATCTTGTGGAAAGGACGAGGTACCGGACATTACTGGCTATAAGTCGTTTCGAGACGCTGCTCCTGCGTCTCGGTGCGAAGAAAGCCCGAgTTATAGCCAGTAACGCGGTTCTATCTAGTTACGCGTTA,128,ATCTTGTGGAAAGGACGAGGTACCGGACATTACTGGCTATAAGTCGTTTCAGAGCTATGCTGGAAACAGCATAGCAAGTTGAAATAAGGCTAGTCCGTTATCAACTTGAAAAAGTGGCACCGAGTCGGTGCGAAGAAAGCCCGAgTTATAGCCAGTAACGCGGTTCTATCTAGTTACGCGTTA,183,TACAGCTGGGTCTGACCTCTGAGTCCAGGGTCAGGTGATTTTGCTTAGCCTCAAGTGCTCAGATTCTGCTGATATTTTGCAAGACCTGGACTCTCTTGACACCCAGGATTCTTTCCTCAGGGGACATGCTGCCTATAGTTCTGCAGTTAACATCCTCCTTGGCCATGGCACCAGGGTCGGAGCCACGTACTTCATGACCTACCACACCGTGCTGCAGACCTCTGCTGACTTTATTGACGCTCTGAAGAAAGCaCGAgTTATAGCCAGTAATGTCACCGAAACCATGGGCATTAACGGCAGTGCCTACCGAGTATTTCCTTACAGGTAAAGCCTGCCCTTTTTCAATGGGGTTTACCCAGCAAAGGGCCTACACTGGGTGGGAGTGGGGAGGGTTCCCTTGGCAAGATGCTGATTTTCAGGTTGGGTTCTGGCCCCTGCTCCATT,74.44439232349396,,GACATTACTGGCTATAAGTCGTTTCAGAGCTATGCTGGAAACAGCATAGCAAGTTGAAATAAGGCTAGTCCGTTATCAACTTGAAAAAGTGGCACCGAGTCGGTGCGAAGAAAGCACGAGTTATAGCCAGTAA,33,
1,4,2,GGG,(-),G>T,ATCTTGTGGAAAGGACGAGGTACCG,GACATTACTGGCTATAAGTC,TCTGAAGTGAGCACGAC,TTATAGCCAGTAAT,CGCGGTTCTATCTAGTTACGCGTTA,ATCTTGTGGAAAGGACGAGGTACCGGACATTACTGGCTATAAGTCGTTTCGAGACGAGCTATATACGTCTCGGTGCTCTGAAGAAAGCCCGAaTTATAGCCAGTAATCGCGGTTCTATCTAGTTACGCGTTA,132,ATCTTGTGGAAAGGACGAGGTACCGGACATTACTGGCTATAAGTCGTTTCAGAGCTATGCTGGAAACAGCATAGCAAGTTGAAATAAGGCTAGTCCGTTATCAACTTGAAAAAGTGGCACCGAGTCGGTGCTCTGAAGAAAGCCCGAaTTATAGCCAGTAATCGCGGTTCTATCTAGTTACGCGTTA,187,TACAGCTGGGTCTGACCTCTGAGTCCAGGGTCAGGTGATTTTGCTTAGCCTCAAGTGCTCAGATTCTGCTGATATTTTGCAAGACCTGGACTCTCTTGACACCCAGGATTCTTTCCTCAGGGGACATGCTGCCTATAGTTCTGCAGTTAACATCCTCCTTGGCCATGGCACCAGGGTCGGAGCCACGTACTTCATGACCTACCACACCGTGCTGCAGACCTC-GCTGACTTTATTGACGCTCTGAAGAAAGCCCGACTTATAGCCAGTAATGTCACCGAAACCATGGGCATTAACGGCAGTGCCTACCGAGTATTTCCTTACAGGTAAAGCCTGCCCTTTTTCAATGGGGTTTACCCAGCAAAGGGCCTACACTGGGTGGGAGTGGGGAGGGTTCCCTTGGCAAGATGCTGATTTTCAGGTTGGGTTCTGGCCCCTGCTCCATT,76.18934214115143,GACATTACTGGCTATAAGTCGTTTCGAGACGGTAAGTGTTCGTCTCGGTGCTCTGAAGTGAGCACGACTTATAGCCAGTAAT,GACATTACTGGCTATAAGTCGTTTCAGAGCTATGCTGGAAACAGCATAGCAAGTTGAAATAAGGCTAGTCCGTTATCAACTTGAAAAAGTGGCACCGAGTCGGTGCTCTGAAGTGAGCACGACTTATAGCCAGTAAT,30,GTTTCGAGACGGTAAGTGTTCGTCTCGGTGC
1,4,2,GGG,(-),G>T,ATCTTGTGGAAAGGACGAGGTACCG,GACATTACTGGCTATAAGTC,TCTGAAGAAGCCCGAC,TTATAGCCAGTAAT,CGCGGTTCTATCTAGTTACGCGTTA,ATCTTGTGGAAAGGACGAGGTACCGGACATTACTGGCTATAAGTCGTTTCGAGACGAGCTATATACGTCTCGGTGCTCTGAAGAAAGCCCGAaTTATAGCCAGTAATCGCGGTTCTATCTAGTTACGCGTTA,132,ATCTTGTGGAAAGGACGAGGTACCGGACATTACTGGCTATAAGTCGTTTCAGAGCTATGCTGGAAACAGCATAGCAAGTTGAAATAAGGCTAGTCCGTTATCAACTTGAAAAAGTGGCACCGAGTCGGTGCTCTGAAGAAAGCCCGAaTTATAGCCAGTAATCGCGGTTCTATCTAGTTACGCGTTA,187,TACAGCTGGGTCTGACCTCTGAGTCCAGGGTCAGGTGATTTTGCTTAGCCTCAAGTGCTCAGATTCTGCTGATATTTTGCAAGACCTGGACTCTCTTGACACCCAGGATTCTTTCCTCAGGGGACATGCTGCCTATAGTTCTGCAGTTAACATCCTCCTTGGCCATGGCACCAGGGTCGGAGCCACGTACTTCATGACCTACCACACCGTGCTGCAGACCTC-GCTGACTTTATTGACGCTCTGAAGAAAGCCCGACTTATAGCCAGTAATGTCACCGAAACCATGGGCATTAACGGCAGTGCCTACCGAGTATTTCCTTACAGGTAAAGCCTGCCCTTTTTCAATGGGGTTTACCCAGCAAAGGGCCTACACTGGGTGGGAGTGGGGAGGGTTCCCTTGGCAAGATGCTGATTTTCAGGTTGGGTTCTGGCCCCTGCTCCATT,76.18934214115143,GACATTACTGGCTATAAGTCGTTTCGAGACGTTACTAACGCGTCTCGGTGCTCTGAAGAAGCCCGACTTATAGCCAGTAAT,GACATTACTGGCTATAAGTCGTTTCAGAGCTATGCTGGAAACAGCATAGCAAGTTGAAATAAGGCTAGTCCGTTATCAACTTGAAAAAGTGGCACCGAGTCGGTGCTCTGAAGAAGCCCGACTTATAGCCAGTAAT,30,GTTTCGAGACGTTACTAACGCGTCTCGGTGC
