,Unnamed: 0,peg No. (within edit),Edit Position (sat. area),PAM,Strand,Edit,LHA,Spacer,Filler,RTTs,PBS,RHA,Complete pegRNA,Length (bp),Complete pegRNA (SF),Length (bp) (SF),Reference Sequence,PRIDICT2.0 Score
0,0,1,1,CGG,(-),T>A,ATCTTGTGGAAAGGACGAGGTACCG,GCCGTTAATGCCCATGGTTT,GTTTCGAGACGCGAGACGTACGTCTCGGTGC,GAAGAAAGCCCGtCTTATACCCAGTAATGTCACCGAAA,CCATGGGCAT,CGCGGTTCTATCTAGTTACGCGTTA,"0    ATCTTGTGGAAAGGACGAGGTACCGGCCGTTAATGCCCATGGTTTG...
Name: Filler, dtype: object",1,ATCTTGTGGAAAGGACGAGGTACCGGCCGTTAATGCCCATGGTTTGTTTCAGAGCTATGCTGGAAACAGCATAGCAAGTTGAAATAAGGCTAGTCCGTTATCAACTTGAAAAAGTGGCACCGAGTCGGTGCGAAGAAAGCCCGtCTTATAGCCAGTAATGTCACCGAAACCATGGGCATCGCGGTTCTATCTAGTTACGCGTTA,204,GTAGGCACTGCCGTTAATGCCCATGGTTTCGGTGACATTACTGGCTATAAGaCGGGCTTTCTTCAGAGCGTCAATAAAGTCAGCAGAGGTCTGCAGCAC,73.9527940750122
1,1,2,1,TGG,(-),T>A,ATCTTGTGGAAAGGACGAGGTACCG,GATGGTTTCGGTGACATTAC,GTTTCGAGACGACGAAGTGGCGTCTCGGTGC,GAAGAAAGCCCGtCTTATGGCCAGTA,ATGTCACCGAAA,CGCGGTTCTATCTAGTTACGCGTTA,"0    ATCTTGTGGAAAGGACGAGGTACCGGATGGTTTCGGTGACATTACG...
Name: Filler, dtype: object",1,ATCTTGTGGAAAGGACGAGGTACCGGATGGTTTCGGTGACATTACGTTTCAGAGCTATGCTGGAAACAGCATAGCAAGTTGAAATAAGGCTAGTCCGTTATCAACTTGAAAAAGTGGCACCGAGTCGGTGCGAAGAAAGCCCGtCTTATAGCCAGTAATGTCACCGAAACGCGGTTCTATCTAGTTACGCGTTA,194,GTTAATGCCCATGGTTTCGGTGACATTACTGGCTATAAGaCGGGCTTTCTTCAGAGCGTCAATAAAGTCAGCAGAGGTCTGCAGCACGGTGTGGTAGGT,73.38845431804657
2,2,3,1,GGG,(-),T>A,ATCTTGTGGAAAGGACGAGGTACCG,GACATTACTGGCTATAAGTC,GTTTCGAGACGGCGGCTTGACGTCTCGGTGC,TCTGAAGAAAGCCCGtC,TTATAGCCAGTAA,CGCGGTTCTATCTAGTTACGCGTTA,"0    ATCTTGTGGAAAGGACGAGGTACCGGACATTACTGGCTATAAGTCG...
Name: Filler, dtype: object",1,ATCTTGTGGAAAGGACGAGGTACCGGACATTACTGGCTATAAGTCGTTTCAGAGCTATGCTGGAAACAGCATAGCAAGTTGAAATAAGGCTAGTCCGTTATCAACTTGAAAAAGTGGCACCGAGTCGGTGCTCTGAAGAAAGCCCGtCTTATAGCCAGTAACGCGGTTCTATCTAGTTACGCGTTA,186,GGTTTCGGTGACATTACTGGCTATAAGaCGGGCTTTCTTCAGAGCGTCAATAAAGTCAGCAGAGGTCTGCAGCACGGTGTGGTAGGTCATGAAGTACGT,72.57647812366486
3,3,4,1,CGG,(-),T>A,ATCTTGTGGAAAGGACGAGGTACCG,GGACATTACTGGCTATAAGT,GTTTCGAGACGATTTGAGTGCGTCTCGGTGC,TCTGAAGAAAGCCCGtCT,TATAGCCAGTAATG,CGCGGTTCTATCTAGTTACGCGTTA,"0    ATCTTGTGGAAAGGACGAGGTACCGGGACATTACTGGCTATAAGTG...
Name: Filler, dtype: object",1,ATCTTGTGGAAAGGACGAGGTACCGGGACATTACTGGCTATAAGTGTTTCAGAGCTATGCTGGAAACAGCATAGCAAGTTGAAATAAGGCTAGTCCGTTATCAACTTGAAAAAGTGGCACCGAGTCGGTGCTCTGAAGAAAGCCCGtCTTATAGCCAGTAATGCGCGGTTCTATCTAGTTACGCGTTA,188,TGGTTTCGGTGACATTACTGGCTATAAGaCGGGCTTTCTTCAGAGCGTCAATAAAGTCAGCAGAGGTCTGCAGCACGGTGTGGTAGGTCATGAAGTACG,71.81918323040009
4,4,1,1,CGG,(-),T>G,ATCTTGTGGAAAGGACGAGGTACCG,GCCGTTAATGCCCATGGTTT,GTTTCGAGACGGATGGTGTGCGTCTCGGTGC,GAAGAAAGCCCGcCTTATACCCAGTAATGTCACCGAAA,CCATGGGCAT,CGCGGTTCTATCTAGTTACGCGTTA,"0    ATCTTGTGGAAAGGACGAGGTACCGGCCGTTAATGCCCATGGTTTG...
Name: Filler, dtype: object",1,ATCTTGTGGAAAGGACGAGGTACCGGCCGTTAATGCCCATGGTTTGTTTCAGAGCTATGCTGGAAACAGCATAGCAAGTTGAAATAAGGCTAGTCCGTTATCAACTTGAAAAAGTGGCACCGAGTCGGTGCGAAGAAAGCCCGcCTTATAGCCAGTAATGTCACCGAAACCATGGGCATCGCGGTTCTATCTAGTTACGCGTTA,204,GTAGGCACTGCCGTTAATGCCCATGGTTTCGGTGACATTACTGGCTATAAGgCGGGCTTTCTTCAGAGCGTCAATAAAGTCAGCAGAGGTCTGCAGCAC,74.44569170475006
5,5,2,1,TGG,(-),T>G,ATCTTGTGGAAAGGACGAGGTACCG,GATGGTTTCGGTGACATTAC,GTTTCGAGACGCAAAGTGTCCGTCTCGGTGC,GAAGAAAGCCCGcCTTATGGCCAGTA,ATGTCACCGAAA,CGCGGTTCTATCTAGTTACGCGTTA,"0    ATCTTGTGGAAAGGACGAGGTACCGGATGGTTTCGGTGACATTACG...
Name: Filler, dtype: object",1,ATCTTGTGGAAAGGACGAGGTACCGGATGGTTTCGGTGACATTACGTTTCAGAGCTATGCTGGAAACAGCATAGCAAGTTGAAATAAGGCTAGTCCGTTATCAACTTGAAAAAGTGGCACCGAGTCGGTGCGAAGAAAGCCCGcCTTATAGCCAGTAATGTCACCGAAACGCGGTTCTATCTAGTTACGCGTTA,194,GTTAATGCCCATGGTTTCGGTGACATTACTGGCTATAAGgCGGGCTTTCTTCAGAGCGTCAATAAAGTCAGCAGAGGTCTGCAGCACGGTGTGGTAGGT,73.96940588951111
6,6,3,1,GGG,(-),T>G,ATCTTGTGGAAAGGACGAGGTACCG,GACATTACTGGCTATAAGTC,GTTTCGAGACGTACGGCCTTCGTCTCGGTGC,TCTGAAGAAAGCCCGcC,TTATAGCCAGTAA,CGCGGTTCTATCTAGTTACGCGTTA,"0    ATCTTGTGGAAAGGACGAGGTACCGGACATTACTGGCTATAAGTCG...
Name: Filler, dtype: object",1,ATCTTGTGGAAAGGACGAGGTACCGGACATTACTGGCTATAAGTCGTTTCAGAGCTATGCTGGAAACAGCATAGCAAGTTGAAATAAGGCTAGTCCGTTATCAACTTGAAAAAGTGGCACCGAGTCGGTGCTCTGAAGAAAGCCCGcCTTATAGCCAGTAACGCGGTTCTATCTAGTTACGCGTTA,186,GGTTTCGGTGACATTACTGGCTATAAGgCGGGCTTTCTTCAGAGCGTCAATAAAGTCAGCAGAGGTCTGCAGCACGGTGTGGTAGGTCATGAAGTACGT,70.1593667268753
7,7,4,1,CGG,(-),T>G,ATCTTGTGGAAAGGACGAGGTACCG,GGACATTACTGGCTATAAGT,GTTTCGAGACGATTATTAAGCGTCTCGGTGC,TCTGAAGAAAGCCCGcCT,TATAGCCAGTAATG,CGCGGTTCTATCTAGTTACGCGTTA,"0    ATCTTGTGGAAAGGACGAGGTACCGGGACATTACTGGCTATAAGTG...
Name: Filler, dtype: object",1,ATCTTGTGGAAAGGACGAGGTACCGGGACATTACTGGCTATAAGTGTTTCAGAGCTATGCTGGAAACAGCATAGCAAGTTGAAATAAGGCTAGTCCGTTATCAACTTGAAAAAGTGGCACCGAGTCGGTGCTCTGAAGAAAGCCCGcCTTATAGCCAGTAATGCGCGGTTCTATCTAGTTACGCGTTA,188,TGGTTTCGGTGACATTACTGGCTATAAGgCGGGCTTTCTTCAGAGCGTCAATAAAGTCAGCAGAGGTCTGCAGCACGGTGTGGTAGGTCATGAAGTACG,68.28969717025757
8,8,1,1,TGG,(-),T>C,ATCTTGTGGAAAGGACGAGGTACCG,GATGGTTTCGGTGACATTAC,GTTTCGAGACGCGCAGCCAGCGTCTCGGTGC,GAAGAAAGCCCGgCTTATGGCCAGTA,ATGTCACCGAAAC,CGCGGTTCTATCTAGTTACGCGTTA,"0    ATCTTGTGGAAAGGACGAGGTACCGGATGGTTTCGGTGACATTACG...
Name: Filler, dtype: object",1,ATCTTGTGGAAAGGACGAGGTACCGGATGGTTTCGGTGACATTACGTTTCAGAGCTATGCTGGAAACAGCATAGCAAGTTGAAATAAGGCTAGTCCGTTATCAACTTGAAAAAGTGGCACCGAGTCGGTGCGAAGAAAGCCCGgCTTATAGCCAGTAATGTCACCGAAACCGCGGTTCTATCTAGTTACGCGTTA,195,GTTAATGCCCATGGTTTCGGTGACATTACTGGCTATAAGcCGGGCTTTCTTCAGAGCGTCAATAAAGTCAGCAGAGGTCTGCAGCACGGTGTGGTAGGT,75.22680163383484
9,9,2,1,CGG,(-),T>C,ATCTTGTGGAAAGGACGAGGTACCG,GCCGTTAATGCCCATGGTTT,GTTTCGAGACGTTCCACAATCGTCTCGGTGC,GAAGAAAGCCCGgCTTATACCCAGTAATGTCACCGAAA,CCATGGGCAT,CGCGGTTCTATCTAGTTACGCGTTA,"0    ATCTTGTGGAAAGGACGAGGTACCGGCCGTTAATGCCCATGGTTTG...
Name: Filler, dtype: object",1,ATCTTGTGGAAAGGACGAGGTACCGGCCGTTAATGCCCATGGTTTGTTTCAGAGCTATGCTGGAAACAGCATAGCAAGTTGAAATAAGGCTAGTCCGTTATCAACTTGAAAAAGTGGCACCGAGTCGGTGCGAAGAAAGCCCGgCTTATAGCCAGTAATGTCACCGAAACCATGGGCATCGCGGTTCTATCTAGTTACGCGTTA,204,GTAGGCACTGCCGTTAATGCCCATGGTTTCGGTGACATTACTGGCTATAAGcCGGGCTTTCTTCAGAGCGTCAATAAAGTCAGCAGAGGTCTGCAGCAC,74.54187870025635
10,10,3,1,GGG,(-),T>C,ATCTTGTGGAAAGGACGAGGTACCG,GACATTACTGGCTATAAGTC,GTTTCGAGACGCGGGTTACACGTCTCGGTGC,GAAGAAAGCCCGgC,TTATAGCCAGTAA,CGCGGTTCTATCTAGTTACGCGTTA,"0    ATCTTGTGGAAAGGACGAGGTACCGGACATTACTGGCTATAAGTCG...
Name: Filler, dtype: object",1,ATCTTGTGGAAAGGACGAGGTACCGGACATTACTGGCTATAAGTCGTTTCAGAGCTATGCTGGAAACAGCATAGCAAGTTGAAATAAGGCTAGTCCGTTATCAACTTGAAAAAGTGGCACCGAGTCGGTGCGAAGAAAGCCCGgCTTATAGCCAGTAACGCGGTTCTATCTAGTTACGCGTTA,183,GGTTTCGGTGACATTACTGGCTATAAGcCGGGCTTTCTTCAGAGCGTCAATAAAGTCAGCAGAGGTCTGCAGCACGGTGTGGTAGGTCATGAAGTACGT,71.94029986858368
11,11,4,1,CGG,(-),T>C,ATCTTGTGGAAAGGACGAGGTACCG,GGACATTACTGGCTATAAGT,GTTTCGAGACGGGTGACATGCGTCTCGGTGC,TCTGAAGAAAGCCCGgCT,TATAGCCAGTAATG,CGCGGTTCTATCTAGTTACGCGTTA,"0    ATCTTGTGGAAAGGACGAGGTACCGGGACATTACTGGCTATAAGTG...
Name: Filler, dtype: object",1,ATCTTGTGGAAAGGACGAGGTACCGGGACATTACTGGCTATAAGTGTTTCAGAGCTATGCTGGAAACAGCATAGCAAGTTGAAATAAGGCTAGTCCGTTATCAACTTGAAAAAGTGGCACCGAGTCGGTGCTCTGAAGAAAGCCCGgCTTATAGCCAGTAATGCGCGGTTCTATCTAGTTACGCGTTA,188,TGGTTTCGGTGACATTACTGGCTATAAGcCGGGCTTTCTTCAGAGCGTCAATAAAGTCAGCAGAGGTCTGCAGCACGGTGTGGTAGGTCATGAAGTACG,69.62050497531891
12,12,1,2,GGG,(-),G>T,ATCTTGTGGAAAGGACGAGGTACCG,GACATTACTGGCTATAAGTC,GTTTCGAGACGGAACAGGCTCGTCTCGGTGC,TCTGAAGAAAGCCCGAa,TTATAGCCAGTAAT,CGCGGTTCTATCTAGTTACGCGTTA,"0    ATCTTGTGGAAAGGACGAGGTACCGGACATTACTGGCTATAAGTCG...
Name: Filler, dtype: object",1,ATCTTGTGGAAAGGACGAGGTACCGGACATTACTGGCTATAAGTCGTTTCAGAGCTATGCTGGAAACAGCATAGCAAGTTGAAATAAGGCTAGTCCGTTATCAACTTGAAAAAGTGGCACCGAGTCGGTGCTCTGAAGAAAGCCCGAaTTATAGCCAGTAATCGCGGTTCTATCTAGTTACGCGTTA,187,GGTTTCGGTGACATTACTGGCTATAAtTCGGGCTTTCTTCAGAGCGTCAATAAAGTCAGCAGAGGTCTGCAGCACGGTGTGGTAGGTCATGAAGTACGT,76.18934214115143
13,13,2,2,CGG,(-),G>T,ATCTTGTGGAAAGGACGAGGTACCG,GGACATTACTGGCTATAAGT,GTTTCGAGACGTGCGCCTCACGTCTCGGTGC,TCTGAAGAAAGCCCGAaT,TATAGCCAGTAATG,CGCGGTTCTATCTAGTTACGCGTTA,"0    ATCTTGTGGAAAGGACGAGGTACCGGGACATTACTGGCTATAAGTG...
Name: Filler, dtype: object",1,ATCTTGTGGAAAGGACGAGGTACCGGGACATTACTGGCTATAAGTGTTTCAGAGCTATGCTGGAAACAGCATAGCAAGTTGAAATAAGGCTAGTCCGTTATCAACTTGAAAAAGTGGCACCGAGTCGGTGCTCTGAAGAAAGCCCGAaTTATAGCCAGTAATGCGCGGTTCTATCTAGTTACGCGTTA,188,TGGTTTCGGTGACATTACTGGCTATAAtTCGGGCTTTCTTCAGAGCGTCAATAAAGTCAGCAGAGGTCTGCAGCACGGTGTGGTAGGTCATGAAGTACG,75.88505744934082
14,14,3,2,TGG,(-),G>T,ATCTTGTGGAAAGGACGAGGTACCG,GATGGTTTCGGTGACATTAC,GTTTCGAGACGAATGTGGTCCGTCTCGGTGC,GAAGAAAGCCCGAaTTATGGCCAGTA,ATGTCACCGAAAC,CGCGGTTCTATCTAGTTACGCGTTA,"0    ATCTTGTGGAAAGGACGAGGTACCGGATGGTTTCGGTGACATTACG...
Name: Filler, dtype: object",1,ATCTTGTGGAAAGGACGAGGTACCGGATGGTTTCGGTGACATTACGTTTCAGAGCTATGCTGGAAACAGCATAGCAAGTTGAAATAAGGCTAGTCCGTTATCAACTTGAAAAAGTGGCACCGAGTCGGTGCGAAGAAAGCCCGAaTTATAGCCAGTAATGTCACCGAAACCGCGGTTCTATCTAGTTACGCGTTA,195,GTTAATGCCCATGGTTTCGGTGACATTACTGGCTATAAtTCGGGCTTTCTTCAGAGCGTCAATAAAGTCAGCAGAGGTCTGCAGCACGGTGTGGTAGGT,75.21093785762787
15,15,4,2,CGG,(-),G>T,ATCTTGTGGAAAGGACGAGGTACCG,GCCGTTAATGCCCATGGTTT,GTTTCGAGACGGTGCTGAGGCGTCTCGGTGC,GAAGAAAGCCCGAaTTATACCCAGTAATGTCACCGAAA,CCATGGGCAT,CGCGGTTCTATCTAGTTACGCGTTA,"0    ATCTTGTGGAAAGGACGAGGTACCGGCCGTTAATGCCCATGGTTTG...
Name: Filler, dtype: object",1,ATCTTGTGGAAAGGACGAGGTACCGGCCGTTAATGCCCATGGTTTGTTTCAGAGCTATGCTGGAAACAGCATAGCAAGTTGAAATAAGGCTAGTCCGTTATCAACTTGAAAAAGTGGCACCGAGTCGGTGCGAAGAAAGCCCGAaTTATAGCCAGTAATGTCACCGAAACCATGGGCATCGCGGTTCTATCTAGTTACGCGTTA,204,GTAGGCACTGCCGTTAATGCCCATGGTTTCGGTGACATTACTGGCTATAAtTCGGGCTTTCTTCAGAGCGTCAATAAAGTCAGCAGAGGTCTGCAGCAC,74.44816529750824
16,16,1,2,CGG,(-),G>A,ATCTTGTGGAAAGGACGAGGTACCG,GCCGTTAATGCCCATGGTTT,GTTTCGAGACGTTGCTCCAACGTCTCGGTGC,GAAGAAAGCCCGAtTTATACCCAGTAATGTCACCGAAA,CCATGGGCAT,CGCGGTTCTATCTAGTTACGCGTTA,"0    ATCTTGTGGAAAGGACGAGGTACCGGCCGTTAATGCCCATGGTTTG...
Name: Filler, dtype: object",1,ATCTTGTGGAAAGGACGAGGTACCGGCCGTTAATGCCCATGGTTTGTTTCAGAGCTATGCTGGAAACAGCATAGCAAGTTGAAATAAGGCTAGTCCGTTATCAACTTGAAAAAGTGGCACCGAGTCGGTGCGAAGAAAGCCCGAtTTATAGCCAGTAATGTCACCGAAACCATGGGCATCGCGGTTCTATCTAGTTACGCGTTA,204,GTAGGCACTGCCGTTAATGCCCATGGTTTCGGTGACATTACTGGCTATAAaTCGGGCTTTCTTCAGAGCGTCAATAAAGTCAGCAGAGGTCTGCAGCAC,72.13451862335205
17,17,2,2,TGG,(-),G>A,ATCTTGTGGAAAGGACGAGGTACCG,GATGGTTTCGGTGACATTAC,GTTTCGAGACGCCAATATAGCGTCTCGGTGC,GAAGAAAGCCCGAtTTATGGCCAGTA,ATGTCACCGAAA,CGCGGTTCTATCTAGTTACGCGTTA,"0    ATCTTGTGGAAAGGACGAGGTACCGGATGGTTTCGGTGACATTACG...
Name: Filler, dtype: object",1,ATCTTGTGGAAAGGACGAGGTACCGGATGGTTTCGGTGACATTACGTTTCAGAGCTATGCTGGAAACAGCATAGCAAGTTGAAATAAGGCTAGTCCGTTATCAACTTGAAAAAGTGGCACCGAGTCGGTGCGAAGAAAGCCCGAtTTATAGCCAGTAATGTCACCGAAACGCGGTTCTATCTAGTTACGCGTTA,194,GTTAATGCCCATGGTTTCGGTGACATTACTGGCTATAAaTCGGGCTTTCTTCAGAGCGTCAATAAAGTCAGCAGAGGTCTGCAGCACGGTGTGGTAGGT,70.74065506458282
18,18,3,2,GGG,(-),G>A,ATCTTGTGGAAAGGACGAGGTACCG,GACATTACTGGCTATAAGTC,GTTTCGAGACGGTATATTGTCGTCTCGGTGC,TCTGAAGAAAGCCCGAt,TTATAGCCAGTAA,CGCGGTTCTATCTAGTTACGCGTTA,"0    ATCTTGTGGAAAGGACGAGGTACCGGACATTACTGGCTATAAGTCG...
Name: Filler, dtype: object",1,ATCTTGTGGAAAGGACGAGGTACCGGACATTACTGGCTATAAGTCGTTTCAGAGCTATGCTGGAAACAGCATAGCAAGTTGAAATAAGGCTAGTCCGTTATCAACTTGAAAAAGTGGCACCGAGTCGGTGCTCTGAAGAAAGCCCGAtTTATAGCCAGTAACGCGGTTCTATCTAGTTACGCGTTA,186,GGTTTCGGTGACATTACTGGCTATAAaTCGGGCTTTCTTCAGAGCGTCAATAAAGTCAGCAGAGGTCTGCAGCACGGTGTGGTAGGTCATGAAGTACGT,70.11020183563232
19,19,4,2,CGG,(-),G>A,ATCTTGTGGAAAGGACGAGGTACCG,GGACATTACTGGCTATAAGT,GTTTCGAGACGTCTTAAATGCGTCTCGGTGC,TCTGAAGAAAGCCCGAtT,TATAGCCAGTAATG,CGCGGTTCTATCTAGTTACGCGTTA,"0    ATCTTGTGGAAAGGACGAGGTACCGGGACATTACTGGCTATAAGTG...
Name: Filler, dtype: object",1,ATCTTGTGGAAAGGACGAGGTACCGGGACATTACTGGCTATAAGTGTTTCAGAGCTATGCTGGAAACAGCATAGCAAGTTGAAATAAGGCTAGTCCGTTATCAACTTGAAAAAGTGGCACCGAGTCGGTGCTCTGAAGAAAGCCCGAtTTATAGCCAGTAATGCGCGGTTCTATCTAGTTACGCGTTA,188,TGGTTTCGGTGACATTACTGGCTATAAaTCGGGCTTTCTTCAGAGCGTCAATAAAGTCAGCAGAGGTCTGCAGCACGGTGTGGTAGGTCATGAAGTACG,69.86635625362396
20,20,1,2,TGG,(-),G>C,ATCTTGTGGAAAGGACGAGGTACCG,GATGGTTTCGGTGACATTAC,GTTTCGAGACGGACTCCTCCCGTCTCGGTGC,GAAGAAAGCCCGAgTTATGGCCAGTA,ATGTCACCGAAAC,CGCGGTTCTATCTAGTTACGCGTTA,"0    ATCTTGTGGAAAGGACGAGGTACCGGATGGTTTCGGTGACATTACG...
Name: Filler, dtype: object",1,ATCTTGTGGAAAGGACGAGGTACCGGATGGTTTCGGTGACATTACGTTTCAGAGCTATGCTGGAAACAGCATAGCAAGTTGAAATAAGGCTAGTCCGTTATCAACTTGAAAAAGTGGCACCGAGTCGGTGCGAAGAAAGCCCGAgTTATAGCCAGTAATGTCACCGAAACCGCGGTTCTATCTAGTTACGCGTTA,195,GTTAATGCCCATGGTTTCGGTGACATTACTGGCTATAAcTCGGGCTTTCTTCAGAGCGTCAATAAAGTCAGCAGAGGTCTGCAGCACGGTGTGGTAGGT,75.84278285503387
21,21,2,2,CGG,(-),G>C,ATCTTGTGGAAAGGACGAGGTACCG,GCCGTTAATGCCCATGGTTT,GTTTCGAGACGACCCTGGGTCGTCTCGGTGC,GAAGAAAGCCCGAgTTATACCCAGTAATGTCACCGAAA,CCATGGGCAT,CGCGGTTCTATCTAGTTACGCGTTA,"0    ATCTTGTGGAAAGGACGAGGTACCGGCCGTTAATGCCCATGGTTTG...
Name: Filler, dtype: object",1,ATCTTGTGGAAAGGACGAGGTACCGGCCGTTAATGCCCATGGTTTGTTTCAGAGCTATGCTGGAAACAGCATAGCAAGTTGAAATAAGGCTAGTCCGTTATCAACTTGAAAAAGTGGCACCGAGTCGGTGCGAAGAAAGCCCGAgTTATAGCCAGTAATGTCACCGAAACCATGGGCATCGCGGTTCTATCTAGTTACGCGTTA,204,GTAGGCACTGCCGTTAATGCCCATGGTTTCGGTGACATTACTGGCTATAAcTCGGGCTTTCTTCAGAGCGTCAATAAAGTCAGCAGAGGTCTGCAGCAC,74.6708631515503
22,22,3,2,GGG,(-),G>C,ATCTTGTGGAAAGGACGAGGTACCG,GACATTACTGGCTATAAGTC,GTTTCGAGACGTCTGGTCGGCGTCTCGGTGC,GAAGAAAGCCCGAg,TTATAGCCAGTAA,CGCGGTTCTATCTAGTTACGCGTTA,"0    ATCTTGTGGAAAGGACGAGGTACCGGACATTACTGGCTATAAGTCG...
Name: Filler, dtype: object",1,ATCTTGTGGAAAGGACGAGGTACCGGACATTACTGGCTATAAGTCGTTTCAGAGCTATGCTGGAAACAGCATAGCAAGTTGAAATAAGGCTAGTCCGTTATCAACTTGAAAAAGTGGCACCGAGTCGGTGCGAAGAAAGCCCGAgTTATAGCCAGTAACGCGGTTCTATCTAGTTACGCGTTA,183,GGTTTCGGTGACATTACTGGCTATAAcTCGGGCTTTCTTCAGAGCGTCAATAAAGTCAGCAGAGGTCTGCAGCACGGTGTGGTAGGTCATGAAGTACGT,74.44439232349396
23,23,4,2,CGG,(-),G>C,ATCTTGTGGAAAGGACGAGGTACCG,GGACATTACTGGCTATAAGT,GTTTCGAGACGCAATATCACCGTCTCGGTGC,TCTGAAGAAAGCCCGAgT,TATAGCCAGTAATG,CGCGGTTCTATCTAGTTACGCGTTA,"0    ATCTTGTGGAAAGGACGAGGTACCGGGACATTACTGGCTATAAGTG...
Name: Filler, dtype: object",1,ATCTTGTGGAAAGGACGAGGTACCGGGACATTACTGGCTATAAGTGTTTCAGAGCTATGCTGGAAACAGCATAGCAAGTTGAAATAAGGCTAGTCCGTTATCAACTTGAAAAAGTGGCACCGAGTCGGTGCTCTGAAGAAAGCCCGAgTTATAGCCAGTAATGCGCGGTTCTATCTAGTTACGCGTTA,188,TGGTTTCGGTGACATTACTGGCTATAAcTCGGGCTTTCTTCAGAGCGTCAATAAAGTCAGCAGAGGTCTGCAGCACGGTGTGGTAGGTCATGAAGTACG,72.18351364135742
24,24,1,3,TGG,(-),A>T,ATCTTGTGGAAAGGACGAGGTACCG,GATGGTTTCGGTGACATTAC,GTTTCGAGACGAAAATGCTCCGTCTCGGTGC,GAAGAAAGCCCGACaTATGGCCAGTA,ATGTCACCGAAAC,CGCGGTTCTATCTAGTTACGCGTTA,"0    ATCTTGTGGAAAGGACGAGGTACCGGATGGTTTCGGTGACATTACG...
Name: Filler, dtype: object",1,ATCTTGTGGAAAGGACGAGGTACCGGATGGTTTCGGTGACATTACGTTTCAGAGCTATGCTGGAAACAGCATAGCAAGTTGAAATAAGGCTAGTCCGTTATCAACTTGAAAAAGTGGCACCGAGTCGGTGCGAAGAAAGCCCGACaTATAGCCAGTAATGTCACCGAAACCGCGGTTCTATCTAGTTACGCGTTA,195,GTTAATGCCCATGGTTTCGGTGACATTACTGGCTATAtGTCGGGCTTTCTTCAGAGCGTCAATAAAGTCAGCAGAGGTCTGCAGCACGGTGTGGTAGGT,77.02231407165527
25,25,2,3,CGG,(-),A>T,ATCTTGTGGAAAGGACGAGGTACCG,GGACATTACTGGCTATAAGT,GTTTCGAGACGGCATTTGTCCGTCTCGGTGC,TCTGAAGAAAGCCCGACa,TATAGCCAGTAATG,CGCGGTTCTATCTAGTTACGCGTTA,"0    ATCTTGTGGAAAGGACGAGGTACCGGGACATTACTGGCTATAAGTG...
Name: Filler, dtype: object",1,ATCTTGTGGAAAGGACGAGGTACCGGGACATTACTGGCTATAAGTGTTTCAGAGCTATGCTGGAAACAGCATAGCAAGTTGAAATAAGGCTAGTCCGTTATCAACTTGAAAAAGTGGCACCGAGTCGGTGCTCTGAAGAAAGCCCGACaTATAGCCAGTAATGCGCGGTTCTATCTAGTTACGCGTTA,188,TGGTTTCGGTGACATTACTGGCTATAtGTCGGGCTTTCTTCAGAGCGTCAATAAAGTCAGCAGAGGTCTGCAGCACGGTGTGGTAGGTCATGAAGTACG,76.1652410030365
26,26,3,3,CGG,(-),A>T,ATCTTGTGGAAAGGACGAGGTACCG,GCCGTTAATGCCCATGGTTT,GTTTCGAGACGATCGACATACGTCTCGGTGC,CCCGACaTATAGCCAGTAACGTCACCGAAA,CCATGGGCAT,CGCGGTTCTATCTAGTTACGCGTTA,"0    ATCTTGTGGAAAGGACGAGGTACCGGCCGTTAATGCCCATGGTTTG...
Name: Filler, dtype: object",1,ATCTTGTGGAAAGGACGAGGTACCGGCCGTTAATGCCCATGGTTTGTTTCAGAGCTATGCTGGAAACAGCATAGCAAGTTGAAATAAGGCTAGTCCGTTATCAACTTGAAAAAGTGGCACCGAGTCGGTGCCCCGACaTATAGCCAGTAATGTCACCGAAACCATGGGCATCGCGGTTCTATCTAGTTACGCGTTA,196,GTAGGCACTGCCGTTAATGCCCATGGTTTCGGTGACATTACTGGCTATAtGTCGGGCTTTCTTCAGAGCGTCAATAAAGTCAGCAGAGGTCTGCAGCAC,75.69651901721954
27,27,1,3,TGG,(-),A>G,ATCTTGTGGAAAGGACGAGGTACCG,GATGGTTTCGGTGACATTAC,GTTTCGAGACGGGAACTTTACGTCTCGGTGC,GAAGAAAGCCCGACcTATGGCCAGTA,ATGTCACCGAAAC,CGCGGTTCTATCTAGTTACGCGTTA,"0    ATCTTGTGGAAAGGACGAGGTACCGGATGGTTTCGGTGACATTACG...
Name: Filler, dtype: object",1,ATCTTGTGGAAAGGACGAGGTACCGGATGGTTTCGGTGACATTACGTTTCAGAGCTATGCTGGAAACAGCATAGCAAGTTGAAATAAGGCTAGTCCGTTATCAACTTGAAAAAGTGGCACCGAGTCGGTGCGAAGAAAGCCCGACcTATAGCCAGTAATGTCACCGAAACCGCGGTTCTATCTAGTTACGCGTTA,195,GTTAATGCCCATGGTTTCGGTGACATTACTGGCTATAgGTCGGGCTTTCTTCAGAGCGTCAATAAAGTCAGCAGAGGTCTGCAGCACGGTGTGGTAGGT,75.76293349266052
28,28,2,3,CGG,(-),A>G,ATCTTGTGGAAAGGACGAGGTACCG,GCCGTTAATGCCCATGGTTT,GTTTCGAGACGAGACGACTCCGTCTCGGTGC,GAAGAAAGCCCGACcTATACCCAGTAATGTCACCGAAA,CCATGGGCAT,CGCGGTTCTATCTAGTTACGCGTTA,"0    ATCTTGTGGAAAGGACGAGGTACCGGCCGTTAATGCCCATGGTTTG...
Name: Filler, dtype: object",1,ATCTTGTGGAAAGGACGAGGTACCGGCCGTTAATGCCCATGGTTTGTTTCAGAGCTATGCTGGAAACAGCATAGCAAGTTGAAATAAGGCTAGTCCGTTATCAACTTGAAAAAGTGGCACCGAGTCGGTGCGAAGAAAGCCCGACcTATAGCCAGTAATGTCACCGAAACCATGGGCATCGCGGTTCTATCTAGTTACGCGTTA,204,GTAGGCACTGCCGTTAATGCCCATGGTTTCGGTGACATTACTGGCTATAgGTCGGGCTTTCTTCAGAGCGTCAATAAAGTCAGCAGAGGTCTGCAGCAC,75.59164762496948
29,29,3,3,CGG,(-),A>G,ATCTTGTGGAAAGGACGAGGTACCG,GGACATTACTGGCTATAAGT,GTTTCGAGACGGGCGATTCACGTCTCGGTGC,GAAGAAAGCCCGACc,TATAGCCAG,CGCGGTTCTATCTAGTTACGCGTTA,"0    ATCTTGTGGAAAGGACGAGGTACCGGGACATTACTGGCTATAAGTG...
Name: Filler, dtype: object",1,ATCTTGTGGAAAGGACGAGGTACCGGGACATTACTGGCTATAAGTGTTTCAGAGCTATGCTGGAAACAGCATAGCAAGTTGAAATAAGGCTAGTCCGTTATCAACTTGAAAAAGTGGCACCGAGTCGGTGCGAAGAAAGCCCGACcTATAGCCAGCGCGGTTCTATCTAGTTACGCGTTA,180,TGGTTTCGGTGACATTACTGGCTATAgGTCGGGCTTTCTTCAGAGCGTCAATAAAGTCAGCAGAGGTCTGCAGCACGGTGTGGTAGGTCATGAAGTACG,73.72314929962158
30,30,1,3,TGG,(-),A>C,ATCTTGTGGAAAGGACGAGGTACCG,GATGGTTTCGGTGACATTAC,GTTTCGAGACGTACTTTGAGCGTCTCGGTGC,GAAGAAAGCCCGACgTATGGCCAGTA,ATGTCACCGAAAC,CGCGGTTCTATCTAGTTACGCGTTA,"0    ATCTTGTGGAAAGGACGAGGTACCGGATGGTTTCGGTGACATTACG...
Name: Filler, dtype: object",1,ATCTTGTGGAAAGGACGAGGTACCGGATGGTTTCGGTGACATTACGTTTCAGAGCTATGCTGGAAACAGCATAGCAAGTTGAAATAAGGCTAGTCCGTTATCAACTTGAAAAAGTGGCACCGAGTCGGTGCGAAGAAAGCCCGACgTATAGCCAGTAATGTCACCGAAACCGCGGTTCTATCTAGTTACGCGTTA,195,GTTAATGCCCATGGTTTCGGTGACATTACTGGCTATAcGTCGGGCTTTCTTCAGAGCGTCAATAAAGTCAGCAGAGGTCTGCAGCACGGTGTGGTAGGT,76.99439525604248
31,31,2,3,CGG,(-),A>C,ATCTTGTGGAAAGGACGAGGTACCG,GCCGTTAATGCCCATGGTTT,GTTTCGAGACGTTATCTTGGCGTCTCGGTGC,CCCGACgTATAGCCAGTAACGTCACCGAAA,CCATGGGCAT,CGCGGTTCTATCTAGTTACGCGTTA,"0    ATCTTGTGGAAAGGACGAGGTACCGGCCGTTAATGCCCATGGTTTG...
Name: Filler, dtype: object",1,ATCTTGTGGAAAGGACGAGGTACCGGCCGTTAATGCCCATGGTTTGTTTCAGAGCTATGCTGGAAACAGCATAGCAAGTTGAAATAAGGCTAGTCCGTTATCAACTTGAAAAAGTGGCACCGAGTCGGTGCCCCGACgTATAGCCAGTAATGTCACCGAAACCATGGGCATCGCGGTTCTATCTAGTTACGCGTTA,196,GTAGGCACTGCCGTTAATGCCCATGGTTTCGGTGACATTACTGGCTATAcGTCGGGCTTTCTTCAGAGCGTCAATAAAGTCAGCAGAGGTCTGCAGCAC,75.94414353370667
32,32,3,3,CGG,(-),A>C,ATCTTGTGGAAAGGACGAGGTACCG,GGACATTACTGGCTATAAGT,GTTTCGAGACGGGTACACTACGTCTCGGTGC,TCTGAAGAAAGCCCGACg,TATAGCCAGTAATG,CGCGGTTCTATCTAGTTACGCGTTA,"0    ATCTTGTGGAAAGGACGAGGTACCGGGACATTACTGGCTATAAGTG...
Name: Filler, dtype: object",1,ATCTTGTGGAAAGGACGAGGTACCGGGACATTACTGGCTATAAGTGTTTCAGAGCTATGCTGGAAACAGCATAGCAAGTTGAAATAAGGCTAGTCCGTTATCAACTTGAAAAAGTGGCACCGAGTCGGTGCTCTGAAGAAAGCCCGACgTATAGCCAGTAATGCGCGGTTCTATCTAGTTACGCGTTA,188,TGGTTTCGGTGACATTACTGGCTATAcGTCGGGCTTTCTTCAGAGCGTCAATAAAGTCAGCAGAGGTCTGCAGCACGGTGTGGTAGGTCATGAAGTACG,72.95777499675751
33,33,1,4,TGG,(-),A>T,ATCTTGTGGAAAGGACGAGGTACCG,GATGGTTTCGGTGACATTAC,GTTTCGAGACGAGATTTCGTCGTCTCGGTGC,GCCCGACTaATAGCCAGTG,ATGTCACCGAAAC,CGCGGTTCTATCTAGTTACGCGTTA,"0    ATCTTGTGGAAAGGACGAGGTACCGGATGGTTTCGGTGACATTACG...
Name: Filler, dtype: object",1,ATCTTGTGGAAAGGACGAGGTACCGGATGGTTTCGGTGACATTACGTTTCAGAGCTATGCTGGAAACAGCATAGCAAGTTGAAATAAGGCTAGTCCGTTATCAACTTGAAAAAGTGGCACCGAGTCGGTGCGCCCGACTaATAGCCAGTAATGTCACCGAAACCGCGGTTCTATCTAGTTACGCGTTA,188,GTTAATGCCCATGGTTTCGGTGACATTACTGGCTATtAGTCGGGCTTTCTTCAGAGCGTCAATAAAGTCAGCAGAGGTCTGCAGCACGGTGTGGTAGGT,77.27019488811493
34,34,2,4,CGG,(-),A>T,ATCTTGTGGAAAGGACGAGGTACCG,GCCGTTAATGCCCATGGTTT,GTTTCGAGACGCGACATAGACGTCTCGGTGC,CCCGACTaATAGCCAGTAACGTCACCGAAA,CCATGGGCAT,CGCGGTTCTATCTAGTTACGCGTTA,"0    ATCTTGTGGAAAGGACGAGGTACCGGCCGTTAATGCCCATGGTTTG...
Name: Filler, dtype: object",1,ATCTTGTGGAAAGGACGAGGTACCGGCCGTTAATGCCCATGGTTTGTTTCAGAGCTATGCTGGAAACAGCATAGCAAGTTGAAATAAGGCTAGTCCGTTATCAACTTGAAAAAGTGGCACCGAGTCGGTGCCCCGACTaATAGCCAGTAATGTCACCGAAACCATGGGCATCGCGGTTCTATCTAGTTACGCGTTA,196,GTAGGCACTGCCGTTAATGCCCATGGTTTCGGTGACATTACTGGCTATtAGTCGGGCTTTCTTCAGAGCGTCAATAAAGTCAGCAGAGGTCTGCAGCAC,76.60750448703766
35,35,1,4,CGG,(-),A>G,ATCTTGTGGAAAGGACGAGGTACCG,GCCGTTAATGCCCATGGTTT,GTTTCGAGACGTACGTTAACCGTCTCGGTGC,CCCGACTcATAGCCAGTAACGTCACCGAAA,CCATGGGCAT,CGCGGTTCTATCTAGTTACGCGTTA,"0    ATCTTGTGGAAAGGACGAGGTACCGGCCGTTAATGCCCATGGTTTG...
Name: Filler, dtype: object",1,ATCTTGTGGAAAGGACGAGGTACCGGCCGTTAATGCCCATGGTTTGTTTCAGAGCTATGCTGGAAACAGCATAGCAAGTTGAAATAAGGCTAGTCCGTTATCAACTTGAAAAAGTGGCACCGAGTCGGTGCCCCGACTcATAGCCAGTAATGTCACCGAAACCATGGGCATCGCGGTTCTATCTAGTTACGCGTTA,196,GTAGGCACTGCCGTTAATGCCCATGGTTTCGGTGACATTACTGGCTATgAGTCGGGCTTTCTTCAGAGCGTCAATAAAGTCAGCAGAGGTCTGCAGCAC,77.19959914684296
36,36,2,4,TGG,(-),A>G,ATCTTGTGGAAAGGACGAGGTACCG,GATGGTTTCGGTGACATTAC,GTTTCGAGACGTATTCTCCGCGTCTCGGTGC,GCCCGACTcATAGCCAGTG,ATGTCACCGAAAC,CGCGGTTCTATCTAGTTACGCGTTA,"0    ATCTTGTGGAAAGGACGAGGTACCGGATGGTTTCGGTGACATTACG...
Name: Filler, dtype: object",1,ATCTTGTGGAAAGGACGAGGTACCGGATGGTTTCGGTGACATTACGTTTCAGAGCTATGCTGGAAACAGCATAGCAAGTTGAAATAAGGCTAGTCCGTTATCAACTTGAAAAAGTGGCACCGAGTCGGTGCGCCCGACTcATAGCCAGTAATGTCACCGAAACCGCGGTTCTATCTAGTTACGCGTTA,188,GTTAATGCCCATGGTTTCGGTGACATTACTGGCTATgAGTCGGGCTTTCTTCAGAGCGTCAATAAAGTCAGCAGAGGTCTGCAGCACGGTGTGGTAGGT,76.98976695537567
37,37,1,4,TGG,(-),A>C,ATCTTGTGGAAAGGACGAGGTACCG,GATGGTTTCGGTGACATTAC,GTTTCGAGACGCTCCGGTTCCGTCTCGGTGC,GAAGAAAGCCCGACTgATGGCCAGTA,ATGTCACCGAAAC,CGCGGTTCTATCTAGTTACGCGTTA,"0    ATCTTGTGGAAAGGACGAGGTACCGGATGGTTTCGGTGACATTACG...
Name: Filler, dtype: object",1,ATCTTGTGGAAAGGACGAGGTACCGGATGGTTTCGGTGACATTACGTTTCAGAGCTATGCTGGAAACAGCATAGCAAGTTGAAATAAGGCTAGTCCGTTATCAACTTGAAAAAGTGGCACCGAGTCGGTGCGAAGAAAGCCCGACTgATAGCCAGTAATGTCACCGAAACCGCGGTTCTATCTAGTTACGCGTTA,195,GTTAATGCCCATGGTTTCGGTGACATTACTGGCTATcAGTCGGGCTTTCTTCAGAGCGTCAATAAAGTCAGCAGAGGTCTGCAGCACGGTGTGGTAGGT,76.5768051147461
38,38,2,4,CGG,(-),A>C,ATCTTGTGGAAAGGACGAGGTACCG,GCCGTTAATGCCCATGGTTT,GTTTCGAGACGTAAAGCGGTCGTCTCGGTGC,CCCGACTgATAGCCAGTAACGTCACCGAAA,CCATGGGCAT,CGCGGTTCTATCTAGTTACGCGTTA,"0    ATCTTGTGGAAAGGACGAGGTACCGGCCGTTAATGCCCATGGTTTG...
Name: Filler, dtype: object",1,ATCTTGTGGAAAGGACGAGGTACCGGCCGTTAATGCCCATGGTTTGTTTCAGAGCTATGCTGGAAACAGCATAGCAAGTTGAAATAAGGCTAGTCCGTTATCAACTTGAAAAAGTGGCACCGAGTCGGTGCCCCGACTgATAGCCAGTAATGTCACCGAAACCATGGGCATCGCGGTTCTATCTAGTTACGCGTTA,196,GTAGGCACTGCCGTTAATGCCCATGGTTTCGGTGACATTACTGGCTATcAGTCGGGCTTTCTTCAGAGCGTCAATAAAGTCAGCAGAGGTCTGCAGCAC,76.50288343429565
39,39,1,5,CGG,(-),T>A,ATCTTGTGGAAAGGACGAGGTACCG,GCCGTTAATGCCCATGGTTT,GTTTCGAGACGCTACCCGTGCGTCTCGGTGC,TGAAGAAAGCCCGACTTtAAGCCAGTAATGTCACCGAAA,CCATGGGCAT,CGCGGTTCTATCTAGTTACGCGTTA,"0    ATCTTGTGGAAAGGACGAGGTACCGGCCGTTAATGCCCATGGTTTG...
Name: Filler, dtype: object",1,ATCTTGTGGAAAGGACGAGGTACCGGCCGTTAATGCCCATGGTTTGTTTCAGAGCTATGCTGGAAACAGCATAGCAAGTTGAAATAAGGCTAGTCCGTTATCAACTTGAAAAAGTGGCACCGAGTCGGTGCTGAAGAAAGCCCGACTTtTAGCCAGTAATGTCACCGAAACCATGGGCATCGCGGTTCTATCTAGTTACGCGTTA,205,GTAGGCACTGCCGTTAATGCCCATGGTTTCGGTGACATTACTGGCTAaAAGTCGGGCTTTCTTCAGAGCGTCAATAAAGTCAGCAGAGGTCTGCAGCAC,60.18650531768799
40,40,2,5,TGG,(-),T>A,ATCTTGTGGAAAGGACGAGGTACCG,GATGGTTTCGGTGACATTAC,GTTTCGAGACGCTTTATAATCGTCTCGGTGC,TCTGAAGAAAGCCCGACTGtTAGCCAGTA,ATGTCACCGAAAC,CGCGGTTCTATCTAGTTACGCGTTA,"0    ATCTTGTGGAAAGGACGAGGTACCGGATGGTTTCGGTGACATTACG...
Name: Filler, dtype: object",1,ATCTTGTGGAAAGGACGAGGTACCGGATGGTTTCGGTGACATTACGTTTCAGAGCTATGCTGGAAACAGCATAGCAAGTTGAAATAAGGCTAGTCCGTTATCAACTTGAAAAAGTGGCACCGAGTCGGTGCTCTGAAGAAAGCCCGACTTtTAGCCAGTAATGTCACCGAAACCGCGGTTCTATCTAGTTACGCGTTA,198,GTTAATGCCCATGGTTTCGGTGACATTACTGGCTAaAAGTCGGGCTTTCTTCAGAGCGTCAATAAAGTCAGCAGAGGTCTGCAGCACGGTGTGGTAGGT,55.38114309310913
41,41,1,5,TGG,(-),T>G,ATCTTGTGGAAAGGACGAGGTACCG,GATGGTTTCGGTGACATTAC,GTTTCGAGACGACGCCCCTCCGTCTCGGTGC,GAAGAAAGCCCGACTTcTGGCCAGTA,ATGTCACCGAAAC,CGCGGTTCTATCTAGTTACGCGTTA,"0    ATCTTGTGGAAAGGACGAGGTACCGGATGGTTTCGGTGACATTACG...
Name: Filler, dtype: object",1,ATCTTGTGGAAAGGACGAGGTACCGGATGGTTTCGGTGACATTACGTTTCAGAGCTATGCTGGAAACAGCATAGCAAGTTGAAATAAGGCTAGTCCGTTATCAACTTGAAAAAGTGGCACCGAGTCGGTGCGAAGAAAGCCCGACTTcTAGCCAGTAATGTCACCGAAACCGCGGTTCTATCTAGTTACGCGTTA,195,GTTAATGCCCATGGTTTCGGTGACATTACTGGCTAgAAGTCGGGCTTTCTTCAGAGCGTCAATAAAGTCAGCAGAGGTCTGCAGCACGGTGTGGTAGGT,77.07685232162476
42,42,2,5,CGG,(-),T>G,ATCTTGTGGAAAGGACGAGGTACCG,GCCGTTAATGCCCATGGTTT,GTTTCGAGACGACCCGCAAACGTCTCGGTGC,CCCGACTTcTAGCCAGTAACGTCACCGAAA,CCATGGGCAT,CGCGGTTCTATCTAGTTACGCGTTA,"0    ATCTTGTGGAAAGGACGAGGTACCGGCCGTTAATGCCCATGGTTTG...
Name: Filler, dtype: object",1,ATCTTGTGGAAAGGACGAGGTACCGGCCGTTAATGCCCATGGTTTGTTTCAGAGCTATGCTGGAAACAGCATAGCAAGTTGAAATAAGGCTAGTCCGTTATCAACTTGAAAAAGTGGCACCGAGTCGGTGCCCCGACTTcTAGCCAGTAATGTCACCGAAACCATGGGCATCGCGGTTCTATCTAGTTACGCGTTA,196,GTAGGCACTGCCGTTAATGCCCATGGTTTCGGTGACATTACTGGCTAgAAGTCGGGCTTTCTTCAGAGCGTCAATAAAGTCAGCAGAGGTCTGCAGCAC,76.84930562973022
43,43,1,5,CGG,(-),T>C,ATCTTGTGGAAAGGACGAGGTACCG,GCCGTTAATGCCCATGGTTT,GTTTCGAGACGATCGTGAAGCGTCTCGGTGC,CCCGACTTgTAGCCAGTAACGTCACCGAAA,CCATGGGCAT,CGCGGTTCTATCTAGTTACGCGTTA,"0    ATCTTGTGGAAAGGACGAGGTACCGGCCGTTAATGCCCATGGTTTG...
Name: Filler, dtype: object",1,ATCTTGTGGAAAGGACGAGGTACCGGCCGTTAATGCCCATGGTTTGTTTCAGAGCTATGCTGGAAACAGCATAGCAAGTTGAAATAAGGCTAGTCCGTTATCAACTTGAAAAAGTGGCACCGAGTCGGTGCCCCGACTTgTAGCCAGTAATGTCACCGAAACCATGGGCATCGCGGTTCTATCTAGTTACGCGTTA,196,GTAGGCACTGCCGTTAATGCCCATGGTTTCGGTGACATTACTGGCTAcAAGTCGGGCTTTCTTCAGAGCGTCAATAAAGTCAGCAGAGGTCTGCAGCAC,77.05154418945312
44,44,2,5,TGG,(-),T>C,ATCTTGTGGAAAGGACGAGGTACCG,GATGGTTTCGGTGACATTAC,GTTTCGAGACGTTGCACCTCCGTCTCGGTGC,GCCCGACTTgTAGCCAGTG,ATGTCACCGAAAC,CGCGGTTCTATCTAGTTACGCGTTA,"0    ATCTTGTGGAAAGGACGAGGTACCGGATGGTTTCGGTGACATTACG...
Name: Filler, dtype: object",1,ATCTTGTGGAAAGGACGAGGTACCGGATGGTTTCGGTGACATTACGTTTCAGAGCTATGCTGGAAACAGCATAGCAAGTTGAAATAAGGCTAGTCCGTTATCAACTTGAAAAAGTGGCACCGAGTCGGTGCGCCCGACTTgTAGCCAGTAATGTCACCGAAACCGCGGTTCTATCTAGTTACGCGTTA,188,GTTAATGCCCATGGTTTCGGTGACATTACTGGCTAcAAGTCGGGCTTTCTTCAGAGCGTCAATAAAGTCAGCAGAGGTCTGCAGCACGGTGTGGTAGGT,77.02685594558716
