peg No. (within edit),PAM No.,Edit Position (sat. area),PAM,Strand,Edit,LHA,Spacer,Filler,RTTs,PBS,RHA,Complete epegRNA,Complete epegRNA (SF),Length (bp),Length (bp) (SF),Reference Sequence,PRIDICT2.0 Score
1,1,1,CGG,(-),T>A,ATCTTGTGGAAAGGACGAGGTACCG,GCCGTTAATGCCCATGGTTT,GTTTCGAGACGGAATGGCCACGTCTCGGTGC,GAAGAAAGCCCGtCTTATAGCCAGTAATGTCACCGAAA,CCATGGGCAT,CGCGGTTCTATCTAGTTACGCGTTA,GCCGTTAATGCCCATGGTTTGTTTCGAGACGGAATGGCCACGTCTCGGTGCGAAGAAAGCCCGtCTTATAGCCAGTAATGTCACCGAAACCATGGGCAT,GCCGTTAATGCCCATGGTTTGTTTCAGAGCTATGCTGGAAACAGCATAGCAAGTTGAAATAAGGCTAGTCCGTTATCAACTTGAAAAAGTGGCACCGAGTCGGTGCGAAGAAAGCCCGtCTTATAGCCAGTAATGTCACCGAAACCATGGGCAT,99,154,TACAGCTGGGTCTGACCTCTGAGTCCAGGGTCAGGTGATTTTGCTTAGCCTCAAGTGCTCAGATTCTGCTGATATTTTGCAAGACCTGGACTCTCTTGACACCCAGGATTCTTTCCTCAGGGGACATGCTGCCTATAGTTCTGCAGTTAACATCCTCCTTGGCCATGGCACCAGGGTCGGAGCCACGTACTTCATGACCTACCACACCGTGCTGCAGACCTCTGCTGACTTTATTGACGCTCTGAAGAAAGCCCGtCTTATAGCCAGTAATGTCACCGAAACCATGGGCATTAACGGCAGTGCCTACCGAGTATTTCCTTACAGGTAAAGCCTGCCCTTTTTCAATGGGGTTTACCCAGCAAAGGGCCTACACTGGGTGGGAGTGGGGAGGGTTCCCTTGGCAAGATGCTGATTTTCAGGTTGGGTTCTGGCCCCTGCTCCATT,73.9527940750122
2,1,1,CGG,(-),T>C,ATCTTGTGGAAAGGACGAGGTACCG,GCCGTTAATGCCCATGGTTT,GTTTCGAGACGAATGGCTCTCGTCTCGGTGC,GAAGAAAGCCCGgCTTATAGCCAGTAATGTCACCGAAA,CCATGGGCAT,CGCGGTTCTATCTAGTTACGCGTTA,GCCGTTAATGCCCATGGTTTGTTTCGAGACGAATGGCTCTCGTCTCGGTGCGAAGAAAGCCCGgCTTATAGCCAGTAATGTCACCGAAACCATGGGCAT,GCCGTTAATGCCCATGGTTTGTTTCAGAGCTATGCTGGAAACAGCATAGCAAGTTGAAATAAGGCTAGTCCGTTATCAACTTGAAAAAGTGGCACCGAGTCGGTGCGAAGAAAGCCCGgCTTATAGCCAGTAATGTCACCGAAACCATGGGCAT,99,154,TACAGCTGGGTCTGACCTCTGAGTCCAGGGTCAGGTGATTTTGCTTAGCCTCAAGTGCTCAGATTCTGCTGATATTTTGCAAGACCTGGACTCTCTTGACACCCAGGATTCTTTCCTCAGGGGACATGCTGCCTATAGTTCTGCAGTTAACATCCTCCTTGGCCATGGCACCAGGGTCGGAGCCACGTACTTCATGACCTACCACACCGTGCTGCAGACCTCTGCTGACTTTATTGACGCTCTGAAGAAAGCCCGgCTTATAGCCAGTAATGTCACCGAAACCATGGGCATTAACGGCAGTGCCTACCGAGTATTTCCTTACAGGTAAAGCCTGCCCTTTTTCAATGGGGTTTACCCAGCAAAGGGCCTACACTGGGTGGGAGTGGGGAGGGTTCCCTTGGCAAGATGCTGATTTTCAGGTTGGGTTCTGGCCCCTGCTCCATT,74.54187870025635
2,1,2,CGG,(-),G>C,ATCTTGTGGAAAGGACGAGGTACCG,GCCGTTAATGCCCATGGTTT,GTTTCGAGACGCTAGCAGTACGTCTCGGTGC,GAAGAAAGCCCGAgTTATAGCCAGTAATGTCACCGAAA,CCATGGGCAT,CGCGGTTCTATCTAGTTACGCGTTA,GCCGTTAATGCCCATGGTTTGTTTCGAGACGCTAGCAGTACGTCTCGGTGCGAAGAAAGCCCGAgTTATAGCCAGTAATGTCACCGAAACCATGGGCAT,GCCGTTAATGCCCATGGTTTGTTTCAGAGCTATGCTGGAAACAGCATAGCAAGTTGAAATAAGGCTAGTCCGTTATCAACTTGAAAAAGTGGCACCGAGTCGGTGCGAAGAAAGCCCGAgTTATAGCCAGTAATGTCACCGAAACCATGGGCAT,99,154,TACAGCTGGGTCTGACCTCTGAGTCCAGGGTCAGGTGATTTTGCTTAGCCTCAAGTGCTCAGATTCTGCTGATATTTTGCAAGACCTGGACTCTCTTGACACCCAGGATTCTTTCCTCAGGGGACATGCTGCCTATAGTTCTGCAGTTAACATCCTCCTTGGCCATGGCACCAGGGTCGGAGCCACGTACTTCATGACCTACCACACCGTGCTGCAGACCTCTGCTGACTTTATTGACGCTCTGAAGAAAGCCCGAgTTATAGCCAGTAATGTCACCGAAACCATGGGCATTAACGGCAGTGCCTACCGAGTATTTCCTTACAGGTAAAGCCTGCCCTTTTTCAATGGGGTTTACCCAGCAAAGGGCCTACACTGGGTGGGAGTGGGGAGGGTTCCCTTGGCAAGATGCTGATTTTCAGGTTGGGTTCTGGCCCCTGCTCCATT,74.6708631515503
2,1,3,CGG,(-),A>G,ATCTTGTGGAAAGGACGAGGTACCG,GCCGTTAATGCCCATGGTTT,GTTTCGAGACGTCTAGACCCCGTCTCGGTGC,GAAGAAAGCCCGACcTATAGCCAGTAATGTCACCGAAA,CCATGGGCAT,CGCGGTTCTATCTAGTTACGCGTTA,GCCGTTAATGCCCATGGTTTGTTTCGAGACGTCTAGACCCCGTCTCGGTGCGAAGAAAGCCCGACcTATAGCCAGTAATGTCACCGAAACCATGGGCAT,GCCGTTAATGCCCATGGTTTGTTTCAGAGCTATGCTGGAAACAGCATAGCAAGTTGAAATAAGGCTAGTCCGTTATCAACTTGAAAAAGTGGCACCGAGTCGGTGCGAAGAAAGCCCGACcTATAGCCAGTAATGTCACCGAAACCATGGGCAT,99,154,TACAGCTGGGTCTGACCTCTGAGTCCAGGGTCAGGTGATTTTGCTTAGCCTCAAGTGCTCAGATTCTGCTGATATTTTGCAAGACCTGGACTCTCTTGACACCCAGGATTCTTTCCTCAGGGGACATGCTGCCTATAGTTCTGCAGTTAACATCCTCCTTGGCCATGGCACCAGGGTCGGAGCCACGTACTTCATGACCTACCACACCGTGCTGCAGACCTCTGCTGACTTTATTGACGCTCTGAAGAAAGCCCGACcTATAGCCAGTAATGTCACCGAAACCATGGGCATTAACGGCAGTGCCTACCGAGTATTTCCTTACAGGTAAAGCCTGCCCTTTTTCAATGGGGTTTACCCAGCAAAGGGCCTACACTGGGTGGGAGTGGGGAGGGTTCCCTTGGCAAGATGCTGATTTTCAGGTTGGGTTCTGGCCCCTGCTCCATT,75.59164762496948
2,1,3,CGG,(-),A>C,ATCTTGTGGAAAGGACGAGGTACCG,GCCGTTAATGCCCATGGTTT,GTTTCGAGACGTTAGACGGCCGTCTCGGTGC,CCCGACgTATAGCCAGTAATGTCACCGAAA,CCATGGGCAT,CGCGGTTCTATCTAGTTACGCGTTA,GCCGTTAATGCCCATGGTTTGTTTCGAGACGTTAGACGGCCGTCTCGGTGCCCCGACgTATAGCCAGTAATGTCACCGAAACCATGGGCAT,GCCGTTAATGCCCATGGTTTGTTTCAGAGCTATGCTGGAAACAGCATAGCAAGTTGAAATAAGGCTAGTCCGTTATCAACTTGAAAAAGTGGCACCGAGTCGGTGCCCCGACgTATAGCCAGTAATGTCACCGAAACCATGGGCAT,91,146,TACAGCTGGGTCTGACCTCTGAGTCCAGGGTCAGGTGATTTTGCTTAGCCTCAAGTGCTCAGATTCTGCTGATATTTTGCAAGACCTGGACTCTCTTGACACCCAGGATTCTTTCCTCAGGGGACATGCTGCCTATAGTTCTGCAGTTAACATCCTCCTTGGCCATGGCACCAGGGTCGGAGCCACGTACTTCATGACCTACCACACCGTGCTGCAGACCTCTGCTGACTTTATTGACGCTCTGAAGAAAGCCCGACgTATAGCCAGTAATGTCACCGAAACCATGGGCATTAACGGCAGTGCCTACCGAGTATTTCCTTACAGGTAAAGCCTGCCCTTTTTCAATGGGGTTTACCCAGCAAAGGGCCTACACTGGGTGGGAGTGGGGAGGGTTCCCTTGGCAAGATGCTGATTTTCAGGTTGGGTTCTGGCCCCTGCTCCATT,75.94414353370667
1,1,2,CGG,(-),G>A,ATCTTGTGGAAAGGACGAGGTACCG,GCCGTTAATGCCCATGGTTT,GTTTCGAGACGTGACCCCCTCGTCTCGGTGC,GAAGAAAGCCCGAtTTATAGCCAGTAATGTCACCGAAA,CCATGGGCAT,CGCGGTTCTATCTAGTTACGCGTTA,GCCGTTAATGCCCATGGTTTGTTTCGAGACGTGACCCCCTCGTCTCGGTGCGAAGAAAGCCCGAtTTATAGCCAGTAATGTCACCGAAACCATGGGCAT,GCCGTTAATGCCCATGGTTTGTTTCAGAGCTATGCTGGAAACAGCATAGCAAGTTGAAATAAGGCTAGTCCGTTATCAACTTGAAAAAGTGGCACCGAGTCGGTGCGAAGAAAGCCCGAtTTATAGCCAGTAATGTCACCGAAACCATGGGCAT,99,154,TACAGCTGGGTCTGACCTCTGAGTCCAGGGTCAGGTGATTTTGCTTAGCCTCAAGTGCTCAGATTCTGCTGATATTTTGCAAGACCTGGACTCTCTTGACACCCAGGATTCTTTCCTCAGGGGACATGCTGCCTATAGTTCTGCAGTTAACATCCTCCTTGGCCATGGCACCAGGGTCGGAGCCACGTACTTCATGACCTACCACACCGTGCTGCAGACCTCTGCTGACTTTATTGACGCTCTGAAGAAAGCCCGAtTTATAGCCAGTAATGTCACCGAAACCATGGGCATTAACGGCAGTGCCTACCGAGTATTTCCTTACAGGTAAAGCCTGCCCTTTTTCAATGGGGTTTACCCAGCAAAGGGCCTACACTGGGTGGGAGTGGGGAGGGTTCCCTTGGCAAGATGCTGATTTTCAGGTTGGGTTCTGGCCCCTGCTCCATT,72.13451862335205
4,1,2,CGG,(-),G>T,ATCTTGTGGAAAGGACGAGGTACCG,GCCGTTAATGCCCATGGTTT,GTTTCGAGACGAAGCGGACACGTCTCGGTGC,GAAGAAAGCCCGAaTTATAGCCAGTAATGTCACCGAAA,CCATGGGCAT,CGCGGTTCTATCTAGTTACGCGTTA,GCCGTTAATGCCCATGGTTTGTTTCGAGACGAAGCGGACACGTCTCGGTGCGAAGAAAGCCCGAaTTATAGCCAGTAATGTCACCGAAACCATGGGCAT,GCCGTTAATGCCCATGGTTTGTTTCAGAGCTATGCTGGAAACAGCATAGCAAGTTGAAATAAGGCTAGTCCGTTATCAACTTGAAAAAGTGGCACCGAGTCGGTGCGAAGAAAGCCCGAaTTATAGCCAGTAATGTCACCGAAACCATGGGCAT,99,154,TACAGCTGGGTCTGACCTCTGAGTCCAGGGTCAGGTGATTTTGCTTAGCCTCAAGTGCTCAGATTCTGCTGATATTTTGCAAGACCTGGACTCTCTTGACACCCAGGATTCTTTCCTCAGGGGACATGCTGCCTATAGTTCTGCAGTTAACATCCTCCTTGGCCATGGCACCAGGGTCGGAGCCACGTACTTCATGACCTACCACACCGTGCTGCAGACCTCTGCTGACTTTATTGACGCTCTGAAGAAAGCCCGAaTTATAGCCAGTAATGTCACCGAAACCATGGGCATTAACGGCAGTGCCTACCGAGTATTTCCTTACAGGTAAAGCCTGCCCTTTTTCAATGGGGTTTACCCAGCAAAGGGCCTACACTGGGTGGGAGTGGGGAGGGTTCCCTTGGCAAGATGCTGATTTTCAGGTTGGGTTCTGGCCCCTGCTCCATT,74.44816529750824
2,1,4,CGG,(-),A>T,ATCTTGTGGAAAGGACGAGGTACCG,GCCGTTAATGCCCATGGTTT,GTTTCGAGACGGGGGTATTGCGTCTCGGTGC,CCCGACTaATAGCCAGTAATGTCACCGAAA,CCATGGGCAT,CGCGGTTCTATCTAGTTACGCGTTA,GCCGTTAATGCCCATGGTTTGTTTCGAGACGGGGGTATTGCGTCTCGGTGCCCCGACTaATAGCCAGTAATGTCACCGAAACCATGGGCAT,GCCGTTAATGCCCATGGTTTGTTTCAGAGCTATGCTGGAAACAGCATAGCAAGTTGAAATAAGGCTAGTCCGTTATCAACTTGAAAAAGTGGCACCGAGTCGGTGCCCCGACTaATAGCCAGTAATGTCACCGAAACCATGGGCAT,91,146,TACAGCTGGGTCTGACCTCTGAGTCCAGGGTCAGGTGATTTTGCTTAGCCTCAAGTGCTCAGATTCTGCTGATATTTTGCAAGACCTGGACTCTCTTGACACCCAGGATTCTTTCCTCAGGGGACATGCTGCCTATAGTTCTGCAGTTAACATCCTCCTTGGCCATGGCACCAGGGTCGGAGCCACGTACTTCATGACCTACCACACCGTGCTGCAGACCTCTGCTGACTTTATTGACGCTCTGAAGAAAGCCCGACTaATAGCCAGTAATGTCACCGAAACCATGGGCATTAACGGCAGTGCCTACCGAGTATTTCCTTACAGGTAAAGCCTGCCCTTTTTCAATGGGGTTTACCCAGCAAAGGGCCTACACTGGGTGGGAGTGGGGAGGGTTCCCTTGGCAAGATGCTGATTTTCAGGTTGGGTTCTGGCCCCTGCTCCATT,76.60750448703766
1,1,4,CGG,(-),A>G,ATCTTGTGGAAAGGACGAGGTACCG,GCCGTTAATGCCCATGGTTT,GTTTCGAGACGACTCCCGGGCGTCTCGGTGC,CCCGACTcATAGCCAGTAATGTCACCGAAA,CCATGGGCAT,CGCGGTTCTATCTAGTTACGCGTTA,GCCGTTAATGCCCATGGTTTGTTTCGAGACGACTCCCGGGCGTCTCGGTGCCCCGACTcATAGCCAGTAATGTCACCGAAACCATGGGCAT,GCCGTTAATGCCCATGGTTTGTTTCAGAGCTATGCTGGAAACAGCATAGCAAGTTGAAATAAGGCTAGTCCGTTATCAACTTGAAAAAGTGGCACCGAGTCGGTGCCCCGACTcATAGCCAGTAATGTCACCGAAACCATGGGCAT,91,146,TACAGCTGGGTCTGACCTCTGAGTCCAGGGTCAGGTGATTTTGCTTAGCCTCAAGTGCTCAGATTCTGCTGATATTTTGCAAGACCTGGACTCTCTTGACACCCAGGATTCTTTCCTCAGGGGACATGCTGCCTATAGTTCTGCAGTTAACATCCTCCTTGGCCATGGCACCAGGGTCGGAGCCACGTACTTCATGACCTACCACACCGTGCTGCAGACCTCTGCTGACTTTATTGACGCTCTGAAGAAAGCCCGACTcATAGCCAGTAATGTCACCGAAACCATGGGCATTAACGGCAGTGCCTACCGAGTATTTCCTTACAGGTAAAGCCTGCCCTTTTTCAATGGGGTTTACCCAGCAAAGGGCCTACACTGGGTGGGAGTGGGGAGGGTTCCCTTGGCAAGATGCTGATTTTCAGGTTGGGTTCTGGCCCCTGCTCCATT,77.19959914684296
3,1,3,CGG,(-),A>T,ATCTTGTGGAAAGGACGAGGTACCG,GCCGTTAATGCCCATGGTTT,GTTTCGAGACGCCTTGCTCCCGTCTCGGTGC,CCCGACaTATAGCCAGTAATGTCACCGAAA,CCATGGGCAT,CGCGGTTCTATCTAGTTACGCGTTA,GCCGTTAATGCCCATGGTTTGTTTCGAGACGCCTTGCTCCCGTCTCGGTGCCCCGACaTATAGCCAGTAATGTCACCGAAACCATGGGCAT,GCCGTTAATGCCCATGGTTTGTTTCAGAGCTATGCTGGAAACAGCATAGCAAGTTGAAATAAGGCTAGTCCGTTATCAACTTGAAAAAGTGGCACCGAGTCGGTGCCCCGACaTATAGCCAGTAATGTCACCGAAACCATGGGCAT,91,146,TACAGCTGGGTCTGACCTCTGAGTCCAGGGTCAGGTGATTTTGCTTAGCCTCAAGTGCTCAGATTCTGCTGATATTTTGCAAGACCTGGACTCTCTTGACACCCAGGATTCTTTCCTCAGGGGACATGCTGCCTATAGTTCTGCAGTTAACATCCTCCTTGGCCATGGCACCAGGGTCGGAGCCACGTACTTCATGACCTACCACACCGTGCTGCAGACCTCTGCTGACTTTATTGACGCTCTGAAGAAAGCCCGACaTATAGCCAGTAATGTCACCGAAACCATGGGCATTAACGGCAGTGCCTACCGAGTATTTCCTTACAGGTAAAGCCTGCCCTTTTTCAATGGGGTTTACCCAGCAAAGGGCCTACACTGGGTGGGAGTGGGGAGGGTTCCCTTGGCAAGATGCTGATTTTCAGGTTGGGTTCTGGCCCCTGCTCCATT,75.69651901721954
2,1,4,CGG,(-),A>C,ATCTTGTGGAAAGGACGAGGTACCG,GCCGTTAATGCCCATGGTTT,GTTTCGAGACGTTGCTTCACCGTCTCGGTGC,CCCGACTgATAGCCAGTAATGTCACCGAAA,CCATGGGCAT,CGCGGTTCTATCTAGTTACGCGTTA,GCCGTTAATGCCCATGGTTTGTTTCGAGACGTTGCTTCACCGTCTCGGTGCCCCGACTgATAGCCAGTAATGTCACCGAAACCATGGGCAT,GCCGTTAATGCCCATGGTTTGTTTCAGAGCTATGCTGGAAACAGCATAGCAAGTTGAAATAAGGCTAGTCCGTTATCAACTTGAAAAAGTGGCACCGAGTCGGTGCCCCGACTgATAGCCAGTAATGTCACCGAAACCATGGGCAT,91,146,TACAGCTGGGTCTGACCTCTGAGTCCAGGGTCAGGTGATTTTGCTTAGCCTCAAGTGCTCAGATTCTGCTGATATTTTGCAAGACCTGGACTCTCTTGACACCCAGGATTCTTTCCTCAGGGGACATGCTGCCTATAGTTCTGCAGTTAACATCCTCCTTGGCCATGGCACCAGGGTCGGAGCCACGTACTTCATGACCTACCACACCGTGCTGCAGACCTCTGCTGACTTTATTGACGCTCTGAAGAAAGCCCGACTgATAGCCAGTAATGTCACCGAAACCATGGGCATTAACGGCAGTGCCTACCGAGTATTTCCTTACAGGTAAAGCCTGCCCTTTTTCAATGGGGTTTACCCAGCAAAGGGCCTACACTGGGTGGGAGTGGGGAGGGTTCCCTTGGCAAGATGCTGATTTTCAGGTTGGGTTCTGGCCCCTGCTCCATT,76.50288343429565
1,1,5,CGG,(-),T>A,ATCTTGTGGAAAGGACGAGGTACCG,GCCGTTAATGCCCATGGTTT,GTTTCGAGACGATAACACATCGTCTCGGTGC,TGAAGAAAGCCCGACTTtTAGCCAGTAATGTCACCGAAA,CCATGGGCAT,CGCGGTTCTATCTAGTTACGCGTTA,GCCGTTAATGCCCATGGTTTGTTTCGAGACGATAACACATCGTCTCGGTGCTGAAGAAAGCCCGACTTtTAGCCAGTAATGTCACCGAAACCATGGGCAT,GCCGTTAATGCCCATGGTTTGTTTCAGAGCTATGCTGGAAACAGCATAGCAAGTTGAAATAAGGCTAGTCCGTTATCAACTTGAAAAAGTGGCACCGAGTCGGTGCTGAAGAAAGCCCGACTTtTAGCCAGTAATGTCACCGAAACCATGGGCAT,100,155,TACAGCTGGGTCTGACCTCTGAGTCCAGGGTCAGGTGATTTTGCTTAGCCTCAAGTGCTCAGATTCTGCTGATATTTTGCAAGACCTGGACTCTCTTGACACCCAGGATTCTTTCCTCAGGGGACATGCTGCCTATAGTTCTGCAGTTAACATCCTCCTTGGCCATGGCACCAGGGTCGGAGCCACGTACTTCATGACCTACCACACCGTGCTGCAGACCTCTGCTGACTTTATTGACGCTCTGAAGAAAGCCCGACTTtTAGCCAGTAATGTCACCGAAACCATGGGCATTAACGGCAGTGCCTACCGAGTATTTCCTTACAGGTAAAGCCTGCCCTTTTTCAATGGGGTTTACCCAGCAAAGGGCCTACACTGGGTGGGAGTGGGGAGGGTTCCCTTGGCAAGATGCTGATTTTCAGGTTGGGTTCTGGCCCCTGCTCCATT,60.18650531768799
1,1,1,CGG,(-),T>G,ATCTTGTGGAAAGGACGAGGTACCG,GCCGTTAATGCCCATGGTTT,GTTTCGAGACGTCCCGTTCCCGTCTCGGTGC,GAAGAAAGCCCGcCTTATAGCCAGTAATGTCACCGAAA,CCATGGGCAT,CGCGGTTCTATCTAGTTACGCGTTA,GCCGTTAATGCCCATGGTTTGTTTCGAGACGTCCCGTTCCCGTCTCGGTGCGAAGAAAGCCCGcCTTATAGCCAGTAATGTCACCGAAACCATGGGCAT,GCCGTTAATGCCCATGGTTTGTTTCAGAGCTATGCTGGAAACAGCATAGCAAGTTGAAATAAGGCTAGTCCGTTATCAACTTGAAAAAGTGGCACCGAGTCGGTGCGAAGAAAGCCCGcCTTATAGCCAGTAATGTCACCGAAACCATGGGCAT,99,154,TACAGCTGGGTCTGACCTCTGAGTCCAGGGTCAGGTGATTTTGCTTAGCCTCAAGTGCTCAGATTCTGCTGATATTTTGCAAGACCTGGACTCTCTTGACACCCAGGATTCTTTCCTCAGGGGACATGCTGCCTATAGTTCTGCAGTTAACATCCTCCTTGGCCATGGCACCAGGGTCGGAGCCACGTACTTCATGACCTACCACACCGTGCTGCAGACCTCTGCTGACTTTATTGACGCTCTGAAGAAAGCCCGcCTTATAGCCAGTAATGTCACCGAAACCATGGGCATTAACGGCAGTGCCTACCGAGTATTTCCTTACAGGTAAAGCCTGCCCTTTTTCAATGGGGTTTACCCAGCAAAGGGCCTACACTGGGTGGGAGTGGGGAGGGTTCCCTTGGCAAGATGCTGATTTTCAGGTTGGGTTCTGGCCCCTGCTCCATT,74.44569170475006
2,1,5,CGG,(-),T>G,ATCTTGTGGAAAGGACGAGGTACCG,GCCGTTAATGCCCATGGTTT,GTTTCGAGACGTGGATATTTCGTCTCGGTGC,CCCGACTTcTAGCCAGTAATGTCACCGAAA,CCATGGGCAT,CGCGGTTCTATCTAGTTACGCGTTA,GCCGTTAATGCCCATGGTTTGTTTCGAGACGTGGATATTTCGTCTCGGTGCCCCGACTTcTAGCCAGTAATGTCACCGAAACCATGGGCAT,GCCGTTAATGCCCATGGTTTGTTTCAGAGCTATGCTGGAAACAGCATAGCAAGTTGAAATAAGGCTAGTCCGTTATCAACTTGAAAAAGTGGCACCGAGTCGGTGCCCCGACTTcTAGCCAGTAATGTCACCGAAACCATGGGCAT,91,146,TACAGCTGGGTCTGACCTCTGAGTCCAGGGTCAGGTGATTTTGCTTAGCCTCAAGTGCTCAGATTCTGCTGATATTTTGCAAGACCTGGACTCTCTTGACACCCAGGATTCTTTCCTCAGGGGACATGCTGCCTATAGTTCTGCAGTTAACATCCTCCTTGGCCATGGCACCAGGGTCGGAGCCACGTACTTCATGACCTACCACACCGTGCTGCAGACCTCTGCTGACTTTATTGACGCTCTGAAGAAAGCCCGACTTcTAGCCAGTAATGTCACCGAAACCATGGGCATTAACGGCAGTGCCTACCGAGTATTTCCTTACAGGTAAAGCCTGCCCTTTTTCAATGGGGTTTACCCAGCAAAGGGCCTACACTGGGTGGGAGTGGGGAGGGTTCCCTTGGCAAGATGCTGATTTTCAGGTTGGGTTCTGGCCCCTGCTCCATT,76.84930562973022
1,1,5,CGG,(-),T>C,ATCTTGTGGAAAGGACGAGGTACCG,GCCGTTAATGCCCATGGTTT,GTTTCGAGACGTCCAGAATTCGTCTCGGTGC,CCCGACTTgTAGCCAGTAATGTCACCGAAA,CCATGGGCAT,CGCGGTTCTATCTAGTTACGCGTTA,GCCGTTAATGCCCATGGTTTGTTTCGAGACGTCCAGAATTCGTCTCGGTGCCCCGACTTgTAGCCAGTAATGTCACCGAAACCATGGGCAT,GCCGTTAATGCCCATGGTTTGTTTCAGAGCTATGCTGGAAACAGCATAGCAAGTTGAAATAAGGCTAGTCCGTTATCAACTTGAAAAAGTGGCACCGAGTCGGTGCCCCGACTTgTAGCCAGTAATGTCACCGAAACCATGGGCAT,91,146,TACAGCTGGGTCTGACCTCTGAGTCCAGGGTCAGGTGATTTTGCTTAGCCTCAAGTGCTCAGATTCTGCTGATATTTTGCAAGACCTGGACTCTCTTGACACCCAGGATTCTTTCCTCAGGGGACATGCTGCCTATAGTTCTGCAGTTAACATCCTCCTTGGCCATGGCACCAGGGTCGGAGCCACGTACTTCATGACCTACCACACCGTGCTGCAGACCTCTGCTGACTTTATTGACGCTCTGAAGAAAGCCCGACTTgTAGCCAGTAATGTCACCGAAACCATGGGCATTAACGGCAGTGCCTACCGAGTATTTCCTTACAGGTAAAGCCTGCCCTTTTTCAATGGGGTTTACCCAGCAAAGGGCCTACACTGGGTGGGAGTGGGGAGGGTTCCCTTGGCAAGATGCTGATTTTCAGGTTGGGTTCTGGCCCCTGCTCCATT,77.05154418945312
1,1,4,CGG,(-),A>G,ATCTTGTGGAAAGGACGAGGTACCG,GCCGTTAATGCCCATGGTTT,GTTTCGAGACGTATTGGGGGCGTCTCGGTGC,CCCGACTTATAGCCAGTAATTGAACAGAAA,CCATGGGCAT,CGCGGTTCTATCTAGTTACGCGTTA,GCCGTTAATGCCCATGGTTTGTTTCGAGACGACTCCCGGGCGTCTCGGTGCCCCGACTcATAGCCAGTAATGTCACCGAAACCATGGGCAT,GCCGTTAATGCCCATGGTTTGTTTCAGAGCTATGCTGGAAACAGCATAGCAAGTTGAAATAAGGCTAGTCCGTTATCAACTTGAAAAAGTGGCACCGAGTCGGTGCCCCGACTcATAGCCAGTAATGTCACCGAAACCATGGGCAT,91,146,TACAGCTGGGTCTGACCTCTGAGTCCAGGGTCAGGTGATTTTGCTTAGCCTCAAGTGCTCAGATTCTGCTGATATTTTGCAAGACCTGGACTCTCTTGACACCCAGGATTCTTTCCTCAGGGGACATGCTGCCTATAGTTCTGCAGTTAACATCCTCCTTGGCCATGGCACCAGGGTCGGAGCCACGTACTTCATGACCTACCACACCGTGCTGCAGACCTCTGCTGACTTTATTGACGCTCTGAAGA-AGCCCGACTTATAGCCAGTAATGTCACCGAAACCATGGGCATTAACGGCAGTGCCTACCGAGTATTTCCTTACAGGTAAAGCCTGCCCTTTTTCAATGGGGTTTACCCAGCAAAGGGCCTACACTGGGTGGGAGTGGGGAGGGTTCCCTTGGCAAGATGCTGATTTTCAGGTTGGGTTCTGGCCCCTGCTCCATT,77.19959914684296
1,1,4,CGG,(-),A>G,ATCTTGTGGAAAGGACGAGGTACCG,GCCGTTAATGCCCATGGTTT,GTTTCGAGACGACACAGCAACGTCTCGGTGC,CCCGACTTATAGCCATAATGTCACCGAAA,CCATGGGCAT,CGCGGTTCTATCTAGTTACGCGTTA,GCCGTTAATGCCCATGGTTTGTTTCGAGACGACTCCCGGGCGTCTCGGTGCCCCGACTcATAGCCAGTAATGTCACCGAAACCATGGGCAT,GCCGTTAATGCCCATGGTTTGTTTCAGAGCTATGCTGGAAACAGCATAGCAAGTTGAAATAAGGCTAGTCCGTTATCAACTTGAAAAAGTGGCACCGAGTCGGTGCCCCGACTcATAGCCAGTAATGTCACCGAAACCATGGGCAT,91,146,TACAGCTGGGTCTGACCTCTGAGTCCAGGGTCAGGTGATTTTGCTTAGCCTCAAGTGCTCAGATTCTGCTGATATTTTGCAAGACCTGGACTCTCTTGACACCCAGGATTCTTTCCTCAGGGGACATGCTGCCTATAGTTCTGCAGTTAACATCCTCCTTGGCCATGGCACCAGGGTCGGAGCCACGTACTTCATGACCTACCACACCGTGCTGCAGACCTCTGCTGACTTTATTGACGCTCTGAAGA-AGCCCGACTTATAGCCAGTAATGTCACCGAAACCATGGGCATTAACGGCAGTGCCTACCGAGTATTTCCTTACAGGTAAAGCCTGCCCTTTTTCAATGGGGTTTACCCAGCAAAGGGCCTACACTGGGTGGGAGTGGGGAGGGTTCCCTTGGCAAGATGCTGATTTTCAGGTTGGGTTCTGGCCCCTGCTCCATT,77.19959914684296
1,2,4,TGG,(-),A>C,ATCTTGTGGAAAGGACGAGGTACCG,GATGGTTTCGGTGACATTAC,GTTTCGAGACGTCAGACTAGCGTCTCGGTGC,GAAGAAAGCCCGACTgATAGCCAGTA,ATGTCACCGAAAC,CGCGGTTCTATCTAGTTACGCGTTA,GATGGTTTCGGTGACATTACGTTTCGAGACGTCAGACTAGCGTCTCGGTGCGAAGAAAGCCCGACTgATAGCCAGTAATGTCACCGAAAC,GATGGTTTCGGTGACATTACGTTTCAGAGCTATGCTGGAAACAGCATAGCAAGTTGAAATAAGGCTAGTCCGTTATCAACTTGAAAAAGTGGCACCGAGTCGGTGCGAAGAAAGCCCGACTgATAGCCAGTAATGTCACCGAAAC,90,145,TACAGCTGGGTCTGACCTCTGAGTCCAGGGTCAGGTGATTTTGCTTAGCCTCAAGTGCTCAGATTCTGCTGATATTTTGCAAGACCTGGACTCTCTTGACACCCAGGATTCTTTCCTCAGGGGACATGCTGCCTATAGTTCTGCAGTTAACATCCTCCTTGGCCATGGCACCAGGGTCGGAGCCACGTACTTCATGACCTACCACACCGTGCTGCAGACCTCTGCTGACTTTATTGACGCTCTGAAGAAAGCCCGACTgATAGCCAGTAATGTCACCGAAACCATGGGCATTAACGGCAGTGCCTACCGAGTATTTCCTTACAGGTAAAGCCTGCCCTTTTTCAATGGGGTTTACCCAGCAAAGGGCCTACACTGGGTGGGAGTGGGGAGGGTTCCCTTGGCAAGATGCTGATTTTCAGGTTGGGTTCTGGCCCCTGCTCCATT,76.5768051147461
1,2,3,TGG,(-),A>T,ATCTTGTGGAAAGGACGAGGTACCG,GATGGTTTCGGTGACATTAC,GTTTCGAGACGAATTATAGACGTCTCGGTGC,GAAGAAAGCCCGACaTATAGCCAGTA,ATGTCACCGAAAC,CGCGGTTCTATCTAGTTACGCGTTA,GATGGTTTCGGTGACATTACGTTTCGAGACGAATTATAGACGTCTCGGTGCGAAGAAAGCCCGACaTATAGCCAGTAATGTCACCGAAAC,GATGGTTTCGGTGACATTACGTTTCAGAGCTATGCTGGAAACAGCATAGCAAGTTGAAATAAGGCTAGTCCGTTATCAACTTGAAAAAGTGGCACCGAGTCGGTGCGAAGAAAGCCCGACaTATAGCCAGTAATGTCACCGAAAC,90,145,TACAGCTGGGTCTGACCTCTGAGTCCAGGGTCAGGTGATTTTGCTTAGCCTCAAGTGCTCAGATTCTGCTGATATTTTGCAAGACCTGGACTCTCTTGACACCCAGGATTCTTTCCTCAGGGGACATGCTGCCTATAGTTCTGCAGTTAACATCCTCCTTGGCCATGGCACCAGGGTCGGAGCCACGTACTTCATGACCTACCACACCGTGCTGCAGACCTCTGCTGACTTTATTGACGCTCTGAAGAAAGCCCGACaTATAGCCAGTAATGTCACCGAAACCATGGGCATTAACGGCAGTGCCTACCGAGTATTTCCTTACAGGTAAAGCCTGCCCTTTTTCAATGGGGTTTACCCAGCAAAGGGCCTACACTGGGTGGGAGTGGGGAGGGTTCCCTTGGCAAGATGCTGATTTTCAGGTTGGGTTCTGGCCCCTGCTCCATT,77.02231407165527
1,2,4,TGG,(-),A>T,ATCTTGTGGAAAGGACGAGGTACCG,GATGGTTTCGGTGACATTAC,GTTTCGAGACGGTTCTCCAACGTCTCGGTGC,GCCCGACTaATAGCCAGTA,ATGTCACCGAAAC,CGCGGTTCTATCTAGTTACGCGTTA,GATGGTTTCGGTGACATTACGTTTCGAGACGGTTCTCCAACGTCTCGGTGCGCCCGACTaATAGCCAGTAATGTCACCGAAAC,GATGGTTTCGGTGACATTACGTTTCAGAGCTATGCTGGAAACAGCATAGCAAGTTGAAATAAGGCTAGTCCGTTATCAACTTGAAAAAGTGGCACCGAGTCGGTGCGCCCGACTaATAGCCAGTAATGTCACCGAAAC,83,138,TACAGCTGGGTCTGACCTCTGAGTCCAGGGTCAGGTGATTTTGCTTAGCCTCAAGTGCTCAGATTCTGCTGATATTTTGCAAGACCTGGACTCTCTTGACACCCAGGATTCTTTCCTCAGGGGACATGCTGCCTATAGTTCTGCAGTTAACATCCTCCTTGGCCATGGCACCAGGGTCGGAGCCACGTACTTCATGACCTACCACACCGTGCTGCAGACCTCTGCTGACTTTATTGACGCTCTGAAGAAAGCCCGACTaATAGCCAGTAATGTCACCGAAACCATGGGCATTAACGGCAGTGCCTACCGAGTATTTCCTTACAGGTAAAGCCTGCCCTTTTTCAATGGGGTTTACCCAGCAAAGGGCCTACACTGGGTGGGAGTGGGGAGGGTTCCCTTGGCAAGATGCTGATTTTCAGGTTGGGTTCTGGCCCCTGCTCCATT,77.27019488811493
2,2,5,TGG,(-),T>A,ATCTTGTGGAAAGGACGAGGTACCG,GATGGTTTCGGTGACATTAC,GTTTCGAGACGCAATTGTCCCGTCTCGGTGC,TCTGAAGAAAGCCCGACTTtTAGCCAGTA,ATGTCACCGAAAC,CGCGGTTCTATCTAGTTACGCGTTA,GATGGTTTCGGTGACATTACGTTTCGAGACGCAATTGTCCCGTCTCGGTGCTCTGAAGAAAGCCCGACTTtTAGCCAGTAATGTCACCGAAAC,GATGGTTTCGGTGACATTACGTTTCAGAGCTATGCTGGAAACAGCATAGCAAGTTGAAATAAGGCTAGTCCGTTATCAACTTGAAAAAGTGGCACCGAGTCGGTGCTCTGAAGAAAGCCCGACTTtTAGCCAGTAATGTCACCGAAAC,93,148,TACAGCTGGGTCTGACCTCTGAGTCCAGGGTCAGGTGATTTTGCTTAGCCTCAAGTGCTCAGATTCTGCTGATATTTTGCAAGACCTGGACTCTCTTGACACCCAGGATTCTTTCCTCAGGGGACATGCTGCCTATAGTTCTGCAGTTAACATCCTCCTTGGCCATGGCACCAGGGTCGGAGCCACGTACTTCATGACCTACCACACCGTGCTGCAGACCTCTGCTGACTTTATTGACGCTCTGAAGAAAGCCCGACTTtTAGCCAGTAATGTCACCGAAACCATGGGCATTAACGGCAGTGCCTACCGAGTATTTCCTTACAGGTAAAGCCTGCCCTTTTTCAATGGGGTTTACCCAGCAAAGGGCCTACACTGGGTGGGAGTGGGGAGGGTTCCCTTGGCAAGATGCTGATTTTCAGGTTGGGTTCTGGCCCCTGCTCCATT,55.38114309310913
1,2,5,TGG,(-),T>G,ATCTTGTGGAAAGGACGAGGTACCG,GATGGTTTCGGTGACATTAC,GTTTCGAGACGACCGGTCTGCGTCTCGGTGC,GAAGAAAGCCCGACTTcTAGCCAGTA,ATGTCACCGAAAC,CGCGGTTCTATCTAGTTACGCGTTA,GATGGTTTCGGTGACATTACGTTTCGAGACGACCGGTCTGCGTCTCGGTGCGAAGAAAGCCCGACTTcTAGCCAGTAATGTCACCGAAAC,GATGGTTTCGGTGACATTACGTTTCAGAGCTATGCTGGAAACAGCATAGCAAGTTGAAATAAGGCTAGTCCGTTATCAACTTGAAAAAGTGGCACCGAGTCGGTGCGAAGAAAGCCCGACTTcTAGCCAGTAATGTCACCGAAAC,90,145,TACAGCTGGGTCTGACCTCTGAGTCCAGGGTCAGGTGATTTTGCTTAGCCTCAAGTGCTCAGATTCTGCTGATATTTTGCAAGACCTGGACTCTCTTGACACCCAGGATTCTTTCCTCAGGGGACATGCTGCCTATAGTTCTGCAGTTAACATCCTCCTTGGCCATGGCACCAGGGTCGGAGCCACGTACTTCATGACCTACCACACCGTGCTGCAGACCTCTGCTGACTTTATTGACGCTCTGAAGAAAGCCCGACTTcTAGCCAGTAATGTCACCGAAACCATGGGCATTAACGGCAGTGCCTACCGAGTATTTCCTTACAGGTAAAGCCTGCCCTTTTTCAATGGGGTTTACCCAGCAAAGGGCCTACACTGGGTGGGAGTGGGGAGGGTTCCCTTGGCAAGATGCTGATTTTCAGGTTGGGTTCTGGCCCCTGCTCCATT,77.07685232162476
1,2,3,TGG,(-),A>C,ATCTTGTGGAAAGGACGAGGTACCG,GATGGTTTCGGTGACATTAC,GTTTCGAGACGTGATTGATCCGTCTCGGTGC,GAAGAAAGCCCGACgTATAGCCAGTA,ATGTCACCGAAAC,CGCGGTTCTATCTAGTTACGCGTTA,GATGGTTTCGGTGACATTACGTTTCGAGACGTGATTGATCCGTCTCGGTGCGAAGAAAGCCCGACgTATAGCCAGTAATGTCACCGAAAC,GATGGTTTCGGTGACATTACGTTTCAGAGCTATGCTGGAAACAGCATAGCAAGTTGAAATAAGGCTAGTCCGTTATCAACTTGAAAAAGTGGCACCGAGTCGGTGCGAAGAAAGCCCGACgTATAGCCAGTAATGTCACCGAAAC,90,145,TACAGCTGGGTCTGACCTCTGAGTCCAGGGTCAGGTGATTTTGCTTAGCCTCAAGTGCTCAGATTCTGCTGATATTTTGCAAGACCTGGACTCTCTTGACACCCAGGATTCTTTCCTCAGGGGACATGCTGCCTATAGTTCTGCAGTTAACATCCTCCTTGGCCATGGCACCAGGGTCGGAGCCACGTACTTCATGACCTACCACACCGTGCTGCAGACCTCTGCTGACTTTATTGACGCTCTGAAGAAAGCCCGACgTATAGCCAGTAATGTCACCGAAACCATGGGCATTAACGGCAGTGCCTACCGAGTATTTCCTTACAGGTAAAGCCTGCCCTTTTTCAATGGGGTTTACCCAGCAAAGGGCCTACACTGGGTGGGAGTGGGGAGGGTTCCCTTGGCAAGATGCTGATTTTCAGGTTGGGTTCTGGCCCCTGCTCCATT,76.99439525604248
1,2,3,TGG,(-),A>G,ATCTTGTGGAAAGGACGAGGTACCG,GATGGTTTCGGTGACATTAC,GTTTCGAGACGAGGATATTTCGTCTCGGTGC,GAAGAAAGCCCGACcTATAGCCAGTA,ATGTCACCGAAAC,CGCGGTTCTATCTAGTTACGCGTTA,GATGGTTTCGGTGACATTACGTTTCGAGACGAGGATATTTCGTCTCGGTGCGAAGAAAGCCCGACcTATAGCCAGTAATGTCACCGAAAC,GATGGTTTCGGTGACATTACGTTTCAGAGCTATGCTGGAAACAGCATAGCAAGTTGAAATAAGGCTAGTCCGTTATCAACTTGAAAAAGTGGCACCGAGTCGGTGCGAAGAAAGCCCGACcTATAGCCAGTAATGTCACCGAAAC,90,145,TACAGCTGGGTCTGACCTCTGAGTCCAGGGTCAGGTGATTTTGCTTAGCCTCAAGTGCTCAGATTCTGCTGATATTTTGCAAGACCTGGACTCTCTTGACACCCAGGATTCTTTCCTCAGGGGACATGCTGCCTATAGTTCTGCAGTTAACATCCTCCTTGGCCATGGCACCAGGGTCGGAGCCACGTACTTCATGACCTACCACACCGTGCTGCAGACCTCTGCTGACTTTATTGACGCTCTGAAGAAAGCCCGACcTATAGCCAGTAATGTCACCGAAACCATGGGCATTAACGGCAGTGCCTACCGAGTATTTCCTTACAGGTAAAGCCTGCCCTTTTTCAATGGGGTTTACCCAGCAAAGGGCCTACACTGGGTGGGAGTGGGGAGGGTTCCCTTGGCAAGATGCTGATTTTCAGGTTGGGTTCTGGCCCCTGCTCCATT,75.76293349266052
2,2,4,TGG,(-),A>G,ATCTTGTGGAAAGGACGAGGTACCG,GATGGTTTCGGTGACATTAC,GTTTCGAGACGCTAGACTGACGTCTCGGTGC,GCCCGACTcATAGCCAGTA,ATGTCACCGAAAC,CGCGGTTCTATCTAGTTACGCGTTA,GATGGTTTCGGTGACATTACGTTTCGAGACGCTAGACTGACGTCTCGGTGCGCCCGACTcATAGCCAGTAATGTCACCGAAAC,GATGGTTTCGGTGACATTACGTTTCAGAGCTATGCTGGAAACAGCATAGCAAGTTGAAATAAGGCTAGTCCGTTATCAACTTGAAAAAGTGGCACCGAGTCGGTGCGCCCGACTcATAGCCAGTAATGTCACCGAAAC,83,138,TACAGCTGGGTCTGACCTCTGAGTCCAGGGTCAGGTGATTTTGCTTAGCCTCAAGTGCTCAGATTCTGCTGATATTTTGCAAGACCTGGACTCTCTTGACACCCAGGATTCTTTCCTCAGGGGACATGCTGCCTATAGTTCTGCAGTTAACATCCTCCTTGGCCATGGCACCAGGGTCGGAGCCACGTACTTCATGACCTACCACACCGTGCTGCAGACCTCTGCTGACTTTATTGACGCTCTGAAGAAAGCCCGACTcATAGCCAGTAATGTCACCGAAACCATGGGCATTAACGGCAGTGCCTACCGAGTATTTCCTTACAGGTAAAGCCTGCCCTTTTTCAATGGGGTTTACCCAGCAAAGGGCCTACACTGGGTGGGAGTGGGGAGGGTTCCCTTGGCAAGATGCTGATTTTCAGGTTGGGTTCTGGCCCCTGCTCCATT,76.98976695537567
2,2,5,TGG,(-),T>C,ATCTTGTGGAAAGGACGAGGTACCG,GATGGTTTCGGTGACATTAC,GTTTCGAGACGTGCCTCAGGCGTCTCGGTGC,GCCCGACTTgTAGCCAGTA,ATGTCACCGAAAC,CGCGGTTCTATCTAGTTACGCGTTA,GATGGTTTCGGTGACATTACGTTTCGAGACGTGCCTCAGGCGTCTCGGTGCGCCCGACTTgTAGCCAGTAATGTCACCGAAAC,GATGGTTTCGGTGACATTACGTTTCAGAGCTATGCTGGAAACAGCATAGCAAGTTGAAATAAGGCTAGTCCGTTATCAACTTGAAAAAGTGGCACCGAGTCGGTGCGCCCGACTTgTAGCCAGTAATGTCACCGAAAC,83,138,TACAGCTGGGTCTGACCTCTGAGTCCAGGGTCAGGTGATTTTGCTTAGCCTCAAGTGCTCAGATTCTGCTGATATTTTGCAAGACCTGGACTCTCTTGACACCCAGGATTCTTTCCTCAGGGGACATGCTGCCTATAGTTCTGCAGTTAACATCCTCCTTGGCCATGGCACCAGGGTCGGAGCCACGTACTTCATGACCTACCACACCGTGCTGCAGACCTCTGCTGACTTTATTGACGCTCTGAAGAAAGCCCGACTTgTAGCCAGTAATGTCACCGAAACCATGGGCATTAACGGCAGTGCCTACCGAGTATTTCCTTACAGGTAAAGCCTGCCCTTTTTCAATGGGGTTTACCCAGCAAAGGGCCTACACTGGGTGGGAGTGGGGAGGGTTCCCTTGGCAAGATGCTGATTTTCAGGTTGGGTTCTGGCCCCTGCTCCATT,77.02685594558716
2,2,1,TGG,(-),T>A,ATCTTGTGGAAAGGACGAGGTACCG,GATGGTTTCGGTGACATTAC,GTTTCGAGACGGGCCCTATCCGTCTCGGTGC,GAAGAAAGCCCGtCTTATAGCCAGTA,ATGTCACCGAAA,CGCGGTTCTATCTAGTTACGCGTTA,GATGGTTTCGGTGACATTACGTTTCGAGACGGGCCCTATCCGTCTCGGTGCGAAGAAAGCCCGtCTTATAGCCAGTAATGTCACCGAAA,GATGGTTTCGGTGACATTACGTTTCAGAGCTATGCTGGAAACAGCATAGCAAGTTGAAATAAGGCTAGTCCGTTATCAACTTGAAAAAGTGGCACCGAGTCGGTGCGAAGAAAGCCCGtCTTATAGCCAGTAATGTCACCGAAA,89,144,TACAGCTGGGTCTGACCTCTGAGTCCAGGGTCAGGTGATTTTGCTTAGCCTCAAGTGCTCAGATTCTGCTGATATTTTGCAAGACCTGGACTCTCTTGACACCCAGGATTCTTTCCTCAGGGGACATGCTGCCTATAGTTCTGCAGTTAACATCCTCCTTGGCCATGGCACCAGGGTCGGAGCCACGTACTTCATGACCTACCACACCGTGCTGCAGACCTCTGCTGACTTTATTGACGCTCTGAAGAAAGCCCGtCTTATAGCCAGTAATGTCACCGAAACCATGGGCATTAACGGCAGTGCCTACCGAGTATTTCCTTACAGGTAAAGCCTGCCCTTTTTCAATGGGGTTTACCCAGCAAAGGGCCTACACTGGGTGGGAGTGGGGAGGGTTCCCTTGGCAAGATGCTGATTTTCAGGTTGGGTTCTGGCCCCTGCTCCATT,73.38845431804657
1,2,2,TGG,(-),G>C,ATCTTGTGGAAAGGACGAGGTACCG,GATGGTTTCGGTGACATTAC,GTTTCGAGACGGGTAGATGCCGTCTCGGTGC,GAAGAAAGCCCGAgTTATAGCCAGTA,ATGTCACCGAAAC,CGCGGTTCTATCTAGTTACGCGTTA,GATGGTTTCGGTGACATTACGTTTCGAGACGGGTAGATGCCGTCTCGGTGCGAAGAAAGCCCGAgTTATAGCCAGTAATGTCACCGAAAC,GATGGTTTCGGTGACATTACGTTTCAGAGCTATGCTGGAAACAGCATAGCAAGTTGAAATAAGGCTAGTCCGTTATCAACTTGAAAAAGTGGCACCGAGTCGGTGCGAAGAAAGCCCGAgTTATAGCCAGTAATGTCACCGAAAC,90,145,TACAGCTGGGTCTGACCTCTGAGTCCAGGGTCAGGTGATTTTGCTTAGCCTCAAGTGCTCAGATTCTGCTGATATTTTGCAAGACCTGGACTCTCTTGACACCCAGGATTCTTTCCTCAGGGGACATGCTGCCTATAGTTCTGCAGTTAACATCCTCCTTGGCCATGGCACCAGGGTCGGAGCCACGTACTTCATGACCTACCACACCGTGCTGCAGACCTCTGCTGACTTTATTGACGCTCTGAAGAAAGCCCGAgTTATAGCCAGTAATGTCACCGAAACCATGGGCATTAACGGCAGTGCCTACCGAGTATTTCCTTACAGGTAAAGCCTGCCCTTTTTCAATGGGGTTTACCCAGCAAAGGGCCTACACTGGGTGGGAGTGGGGAGGGTTCCCTTGGCAAGATGCTGATTTTCAGGTTGGGTTCTGGCCCCTGCTCCATT,75.84278285503387
2,2,1,TGG,(-),T>G,ATCTTGTGGAAAGGACGAGGTACCG,GATGGTTTCGGTGACATTAC,GTTTCGAGACGTCTGGTTTTCGTCTCGGTGC,GAAGAAAGCCCGcCTTATAGCCAGTA,ATGTCACCGAAA,CGCGGTTCTATCTAGTTACGCGTTA,GATGGTTTCGGTGACATTACGTTTCGAGACGTCTGGTTTTCGTCTCGGTGCGAAGAAAGCCCGcCTTATAGCCAGTAATGTCACCGAAA,GATGGTTTCGGTGACATTACGTTTCAGAGCTATGCTGGAAACAGCATAGCAAGTTGAAATAAGGCTAGTCCGTTATCAACTTGAAAAAGTGGCACCGAGTCGGTGCGAAGAAAGCCCGcCTTATAGCCAGTAATGTCACCGAAA,89,144,TACAGCTGGGTCTGACCTCTGAGTCCAGGGTCAGGTGATTTTGCTTAGCCTCAAGTGCTCAGATTCTGCTGATATTTTGCAAGACCTGGACTCTCTTGACACCCAGGATTCTTTCCTCAGGGGACATGCTGCCTATAGTTCTGCAGTTAACATCCTCCTTGGCCATGGCACCAGGGTCGGAGCCACGTACTTCATGACCTACCACACCGTGCTGCAGACCTCTGCTGACTTTATTGACGCTCTGAAGAAAGCCCGcCTTATAGCCAGTAATGTCACCGAAACCATGGGCATTAACGGCAGTGCCTACCGAGTATTTCCTTACAGGTAAAGCCTGCCCTTTTTCAATGGGGTTTACCCAGCAAAGGGCCTACACTGGGTGGGAGTGGGGAGGGTTCCCTTGGCAAGATGCTGATTTTCAGGTTGGGTTCTGGCCCCTGCTCCATT,73.96940588951111
2,2,2,TGG,(-),G>A,ATCTTGTGGAAAGGACGAGGTACCG,GATGGTTTCGGTGACATTAC,GTTTCGAGACGAGTAAATTGCGTCTCGGTGC,GAAGAAAGCCCGAtTTATAGCCAGTA,ATGTCACCGAAA,CGCGGTTCTATCTAGTTACGCGTTA,GATGGTTTCGGTGACATTACGTTTCGAGACGAGTAAATTGCGTCTCGGTGCGAAGAAAGCCCGAtTTATAGCCAGTAATGTCACCGAAA,GATGGTTTCGGTGACATTACGTTTCAGAGCTATGCTGGAAACAGCATAGCAAGTTGAAATAAGGCTAGTCCGTTATCAACTTGAAAAAGTGGCACCGAGTCGGTGCGAAGAAAGCCCGAtTTATAGCCAGTAATGTCACCGAAA,89,144,TACAGCTGGGTCTGACCTCTGAGTCCAGGGTCAGGTGATTTTGCTTAGCCTCAAGTGCTCAGATTCTGCTGATATTTTGCAAGACCTGGACTCTCTTGACACCCAGGATTCTTTCCTCAGGGGACATGCTGCCTATAGTTCTGCAGTTAACATCCTCCTTGGCCATGGCACCAGGGTCGGAGCCACGTACTTCATGACCTACCACACCGTGCTGCAGACCTCTGCTGACTTTATTGACGCTCTGAAGAAAGCCCGAtTTATAGCCAGTAATGTCACCGAAACCATGGGCATTAACGGCAGTGCCTACCGAGTATTTCCTTACAGGTAAAGCCTGCCCTTTTTCAATGGGGTTTACCCAGCAAAGGGCCTACACTGGGTGGGAGTGGGGAGGGTTCCCTTGGCAAGATGCTGATTTTCAGGTTGGGTTCTGGCCCCTGCTCCATT,70.74065506458282
1,2,1,TGG,(-),T>C,ATCTTGTGGAAAGGACGAGGTACCG,GATGGTTTCGGTGACATTAC,GTTTCGAGACGAATGGCAACCGTCTCGGTGC,GAAGAAAGCCCGgCTTATAGCCAGTA,ATGTCACCGAAAC,CGCGGTTCTATCTAGTTACGCGTTA,GATGGTTTCGGTGACATTACGTTTCGAGACGAATGGCAACCGTCTCGGTGCGAAGAAAGCCCGgCTTATAGCCAGTAATGTCACCGAAAC,GATGGTTTCGGTGACATTACGTTTCAGAGCTATGCTGGAAACAGCATAGCAAGTTGAAATAAGGCTAGTCCGTTATCAACTTGAAAAAGTGGCACCGAGTCGGTGCGAAGAAAGCCCGgCTTATAGCCAGTAATGTCACCGAAAC,90,145,TACAGCTGGGTCTGACCTCTGAGTCCAGGGTCAGGTGATTTTGCTTAGCCTCAAGTGCTCAGATTCTGCTGATATTTTGCAAGACCTGGACTCTCTTGACACCCAGGATTCTTTCCTCAGGGGACATGCTGCCTATAGTTCTGCAGTTAACATCCTCCTTGGCCATGGCACCAGGGTCGGAGCCACGTACTTCATGACCTACCACACCGTGCTGCAGACCTCTGCTGACTTTATTGACGCTCTGAAGAAAGCCCGgCTTATAGCCAGTAATGTCACCGAAACCATGGGCATTAACGGCAGTGCCTACCGAGTATTTCCTTACAGGTAAAGCCTGCCCTTTTTCAATGGGGTTTACCCAGCAAAGGGCCTACACTGGGTGGGAGTGGGGAGGGTTCCCTTGGCAAGATGCTGATTTTCAGGTTGGGTTCTGGCCCCTGCTCCATT,75.22680163383484
3,2,2,TGG,(-),G>T,ATCTTGTGGAAAGGACGAGGTACCG,GATGGTTTCGGTGACATTAC,GTTTCGAGACGCCACTCTAACGTCTCGGTGC,GAAGAAAGCCCGAaTTATAGCCAGTA,ATGTCACCGAAAC,CGCGGTTCTATCTAGTTACGCGTTA,GATGGTTTCGGTGACATTACGTTTCGAGACGCCACTCTAACGTCTCGGTGCGAAGAAAGCCCGAaTTATAGCCAGTAATGTCACCGAAAC,GATGGTTTCGGTGACATTACGTTTCAGAGCTATGCTGGAAACAGCATAGCAAGTTGAAATAAGGCTAGTCCGTTATCAACTTGAAAAAGTGGCACCGAGTCGGTGCGAAGAAAGCCCGAaTTATAGCCAGTAATGTCACCGAAAC,90,145,TACAGCTGGGTCTGACCTCTGAGTCCAGGGTCAGGTGATTTTGCTTAGCCTCAAGTGCTCAGATTCTGCTGATATTTTGCAAGACCTGGACTCTCTTGACACCCAGGATTCTTTCCTCAGGGGACATGCTGCCTATAGTTCTGCAGTTAACATCCTCCTTGGCCATGGCACCAGGGTCGGAGCCACGTACTTCATGACCTACCACACCGTGCTGCAGACCTCTGCTGACTTTATTGACGCTCTGAAGAAAGCCCGAaTTATAGCCAGTAATGTCACCGAAACCATGGGCATTAACGGCAGTGCCTACCGAGTATTTCCTTACAGGTAAAGCCTGCCCTTTTTCAATGGGGTTTACCCAGCAAAGGGCCTACACTGGGTGGGAGTGGGGAGGGTTCCCTTGGCAAGATGCTGATTTTCAGGTTGGGTTCTGGCCCCTGCTCCATT,75.21093785762787
1,2,4,TGG,(-),A>T,ATCTTGTGGAAAGGACGAGGTACCG,GATGGTTTCGGTGACATTAC,GTTTCGAGACGTATAGAGTACGTCTCGGTGC,GCCCGACTTTGAGCAAGTA,ATGTCACCGAAAC,CGCGGTTCTATCTAGTTACGCGTTA,GATGGTTTCGGTGACATTACGTTTCGAGACGGTTCTCCAACGTCTCGGTGCGCCCGACTaATAGCCAGTAATGTCACCGAAAC,GATGGTTTCGGTGACATTACGTTTCAGAGCTATGCTGGAAACAGCATAGCAAGTTGAAATAAGGCTAGTCCGTTATCAACTTGAAAAAGTGGCACCGAGTCGGTGCGCCCGACTaATAGCCAGTAATGTCACCGAAAC,83,138,TACAGCTGGGTCTGACCTCTGAGTCCAGGGTCAGGTGATTTTGCTTAGCCTCAAGTGCTCAGATTCTGCTGATATTTTGCAAGACCTGGACTCTCTTGACACCCAGGATTCTTTCCTCAGGGGACATGCTGCCTATAGTTCTGCAGTTAACATCCTCCTTGGCCATGGCACCAGGGTCGGAGCCACGTACTTCATGACCTACCACACCGTGCTGCAGACCTCTGCTGACTTTATTGACGCTCTGAAGA-AGCCCGACTTATAGCCAGTAATGTCACCGAAACCATGGGCATTAACGGCAGTGCCTACCGAGTATTTCCTTACAGGTAAAGCCTGCCCTTTTTCAATGGGGTTTACCCAGCAAAGGGCCTACACTGGGTGGGAGTGGGGAGGGTTCCCTTGGCAAGATGCTGATTTTCAGGTTGGGTTCTGGCCCCTGCTCCATT,77.27019488811493
1,2,4,TGG,(-),A>T,ATCTTGTGGAAAGGACGAGGTACCG,GATGGTTTCGGTGACATTAC,GTTTCGAGACGGAACTGATACGTCTCGGTGC,GCCCGACTTTAGCCAGTA,ATGTCACCGAAAC,CGCGGTTCTATCTAGTTACGCGTTA,GATGGTTTCGGTGACATTACGTTTCGAGACGGTTCTCCAACGTCTCGGTGCGCCCGACTaATAGCCAGTAATGTCACCGAAAC,GATGGTTTCGGTGACATTACGTTTCAGAGCTATGCTGGAAACAGCATAGCAAGTTGAAATAAGGCTAGTCCGTTATCAACTTGAAAAAGTGGCACCGAGTCGGTGCGCCCGACTaATAGCCAGTAATGTCACCGAAAC,83,138,TACAGCTGGGTCTGACCTCTGAGTCCAGGGTCAGGTGATTTTGCTTAGCCTCAAGTGCTCAGATTCTGCTGATATTTTGCAAGACCTGGACTCTCTTGACACCCAGGATTCTTTCCTCAGGGGACATGCTGCCTATAGTTCTGCAGTTAACATCCTCCTTGGCCATGGCACCAGGGTCGGAGCCACGTACTTCATGACCTACCACACCGTGCTGCAGACCTCTGCTGACTTTATTGACGCTCTGAAGA-AGCCCGACTTATAGCCAGTAATGTCACCGAAACCATGGGCATTAACGGCAGTGCCTACCGAGTATTTCCTTACAGGTAAAGCCTGCCCTTTTTCAATGGGGTTTACCCAGCAAAGGGCCTACACTGGGTGGGAGTGGGGAGGGTTCCCTTGGCAAGATGCTGATTTTCAGGTTGGGTTCTGGCCCCTGCTCCATT,77.27019488811493
4,3,2,CGG,(-),G>C,ATCTTGTGGAAAGGACGAGGTACCG,GGACATTACTGGCTATAAGT,GTTTCGAGACGGAGGGTTTACGTCTCGGTGC,TCTGAAGAAAGCCCGAgT,TATAGCCAGTAATG,CGCGGTTCTATCTAGTTACGCGTTA,GGACATTACTGGCTATAAGTGTTTCGAGACGGAGGGTTTACGTCTCGGTGCTCTGAAGAAAGCCCGAgTTATAGCCAGTAATG,GGACATTACTGGCTATAAGTGTTTCAGAGCTATGCTGGAAACAGCATAGCAAGTTGAAATAAGGCTAGTCCGTTATCAACTTGAAAAAGTGGCACCGAGTCGGTGCTCTGAAGAAAGCCCGAgTTATAGCCAGTAATG,83,138,TACAGCTGGGTCTGACCTCTGAGTCCAGGGTCAGGTGATTTTGCTTAGCCTCAAGTGCTCAGATTCTGCTGATATTTTGCAAGACCTGGACTCTCTTGACACCCAGGATTCTTTCCTCAGGGGACATGCTGCCTATAGTTCTGCAGTTAACATCCTCCTTGGCCATGGCACCAGGGTCGGAGCCACGTACTTCATGACCTACCACACCGTGCTGCAGACCTCTGCTGACTTTATTGACGCTCTGAAGAAAGCCCGAgTTATAGCCAGTAATGTCACCGAAACCATGGGCATTAACGGCAGTGCCTACCGAGTATTTCCTTACAGGTAAAGCCTGCCCTTTTTCAATGGGGTTTACCCAGCAAAGGGCCTACACTGGGTGGGAGTGGGGAGGGTTCCCTTGGCAAGATGCTGATTTTCAGGTTGGGTTCTGGCCCCTGCTCCATT,72.18351364135742
4,3,1,CGG,(-),T>C,ATCTTGTGGAAAGGACGAGGTACCG,GGACATTACTGGCTATAAGT,GTTTCGAGACGTCAGTTGAGCGTCTCGGTGC,TCTGAAGAAAGCCCGgCT,TATAGCCAGTAATG,CGCGGTTCTATCTAGTTACGCGTTA,GGACATTACTGGCTATAAGTGTTTCGAGACGTCAGTTGAGCGTCTCGGTGCTCTGAAGAAAGCCCGgCTTATAGCCAGTAATG,GGACATTACTGGCTATAAGTGTTTCAGAGCTATGCTGGAAACAGCATAGCAAGTTGAAATAAGGCTAGTCCGTTATCAACTTGAAAAAGTGGCACCGAGTCGGTGCTCTGAAGAAAGCCCGgCTTATAGCCAGTAATG,83,138,TACAGCTGGGTCTGACCTCTGAGTCCAGGGTCAGGTGATTTTGCTTAGCCTCAAGTGCTCAGATTCTGCTGATATTTTGCAAGACCTGGACTCTCTTGACACCCAGGATTCTTTCCTCAGGGGACATGCTGCCTATAGTTCTGCAGTTAACATCCTCCTTGGCCATGGCACCAGGGTCGGAGCCACGTACTTCATGACCTACCACACCGTGCTGCAGACCTCTGCTGACTTTATTGACGCTCTGAAGAAAGCCCGgCTTATAGCCAGTAATGTCACCGAAACCATGGGCATTAACGGCAGTGCCTACCGAGTATTTCCTTACAGGTAAAGCCTGCCCTTTTTCAATGGGGTTTACCCAGCAAAGGGCCTACACTGGGTGGGAGTGGGGAGGGTTCCCTTGGCAAGATGCTGATTTTCAGGTTGGGTTCTGGCCCCTGCTCCATT,69.62050497531891
4,3,1,CGG,(-),T>A,ATCTTGTGGAAAGGACGAGGTACCG,GGACATTACTGGCTATAAGT,GTTTCGAGACGTAATCCACCCGTCTCGGTGC,TCTGAAGAAAGCCCGtCT,TATAGCCAGTAATG,CGCGGTTCTATCTAGTTACGCGTTA,GGACATTACTGGCTATAAGTGTTTCGAGACGTAATCCACCCGTCTCGGTGCTCTGAAGAAAGCCCGtCTTATAGCCAGTAATG,GGACATTACTGGCTATAAGTGTTTCAGAGCTATGCTGGAAACAGCATAGCAAGTTGAAATAAGGCTAGTCCGTTATCAACTTGAAAAAGTGGCACCGAGTCGGTGCTCTGAAGAAAGCCCGtCTTATAGCCAGTAATG,83,138,TACAGCTGGGTCTGACCTCTGAGTCCAGGGTCAGGTGATTTTGCTTAGCCTCAAGTGCTCAGATTCTGCTGATATTTTGCAAGACCTGGACTCTCTTGACACCCAGGATTCTTTCCTCAGGGGACATGCTGCCTATAGTTCTGCAGTTAACATCCTCCTTGGCCATGGCACCAGGGTCGGAGCCACGTACTTCATGACCTACCACACCGTGCTGCAGACCTCTGCTGACTTTATTGACGCTCTGAAGAAAGCCCGtCTTATAGCCAGTAATGTCACCGAAACCATGGGCATTAACGGCAGTGCCTACCGAGTATTTCCTTACAGGTAAAGCCTGCCCTTTTTCAATGGGGTTTACCCAGCAAAGGGCCTACACTGGGTGGGAGTGGGGAGGGTTCCCTTGGCAAGATGCTGATTTTCAGGTTGGGTTCTGGCCCCTGCTCCATT,71.81918323040009
4,3,1,CGG,(-),T>G,ATCTTGTGGAAAGGACGAGGTACCG,GGACATTACTGGCTATAAGT,GTTTCGAGACGGAGTTTCAACGTCTCGGTGC,TCTGAAGAAAGCCCGcCT,TATAGCCAGTAATG,CGCGGTTCTATCTAGTTACGCGTTA,GGACATTACTGGCTATAAGTGTTTCGAGACGGAGTTTCAACGTCTCGGTGCTCTGAAGAAAGCCCGcCTTATAGCCAGTAATG,GGACATTACTGGCTATAAGTGTTTCAGAGCTATGCTGGAAACAGCATAGCAAGTTGAAATAAGGCTAGTCCGTTATCAACTTGAAAAAGTGGCACCGAGTCGGTGCTCTGAAGAAAGCCCGcCTTATAGCCAGTAATG,83,138,TACAGCTGGGTCTGACCTCTGAGTCCAGGGTCAGGTGATTTTGCTTAGCCTCAAGTGCTCAGATTCTGCTGATATTTTGCAAGACCTGGACTCTCTTGACACCCAGGATTCTTTCCTCAGGGGACATGCTGCCTATAGTTCTGCAGTTAACATCCTCCTTGGCCATGGCACCAGGGTCGGAGCCACGTACTTCATGACCTACCACACCGTGCTGCAGACCTCTGCTGACTTTATTGACGCTCTGAAGAAAGCCCGcCTTATAGCCAGTAATGTCACCGAAACCATGGGCATTAACGGCAGTGCCTACCGAGTATTTCCTTACAGGTAAAGCCTGCCCTTTTTCAATGGGGTTTACCCAGCAAAGGGCCTACACTGGGTGGGAGTGGGGAGGGTTCCCTTGGCAAGATGCTGATTTTCAGGTTGGGTTCTGGCCCCTGCTCCATT,68.28969717025757
2,3,2,CGG,(-),G>T,ATCTTGTGGAAAGGACGAGGTACCG,GGACATTACTGGCTATAAGT,GTTTCGAGACGTATCCTGAGCGTCTCGGTGC,TCTGAAGAAAGCCCGAaT,TATAGCCAGTAATG,CGCGGTTCTATCTAGTTACGCGTTA,GGACATTACTGGCTATAAGTGTTTCGAGACGTATCCTGAGCGTCTCGGTGCTCTGAAGAAAGCCCGAaTTATAGCCAGTAATG,GGACATTACTGGCTATAAGTGTTTCAGAGCTATGCTGGAAACAGCATAGCAAGTTGAAATAAGGCTAGTCCGTTATCAACTTGAAAAAGTGGCACCGAGTCGGTGCTCTGAAGAAAGCCCGAaTTATAGCCAGTAATG,83,138,TACAGCTGGGTCTGACCTCTGAGTCCAGGGTCAGGTGATTTTGCTTAGCCTCAAGTGCTCAGATTCTGCTGATATTTTGCAAGACCTGGACTCTCTTGACACCCAGGATTCTTTCCTCAGGGGACATGCTGCCTATAGTTCTGCAGTTAACATCCTCCTTGGCCATGGCACCAGGGTCGGAGCCACGTACTTCATGACCTACCACACCGTGCTGCAGACCTCTGCTGACTTTATTGACGCTCTGAAGAAAGCCCGAaTTATAGCCAGTAATGTCACCGAAACCATGGGCATTAACGGCAGTGCCTACCGAGTATTTCCTTACAGGTAAAGCCTGCCCTTTTTCAATGGGGTTTACCCAGCAAAGGGCCTACACTGGGTGGGAGTGGGGAGGGTTCCCTTGGCAAGATGCTGATTTTCAGGTTGGGTTCTGGCCCCTGCTCCATT,75.88505744934082
2,3,3,CGG,(-),A>T,ATCTTGTGGAAAGGACGAGGTACCG,GGACATTACTGGCTATAAGT,GTTTCGAGACGCCTGCATAACGTCTCGGTGC,TCTGAAGAAAGCCCGACa,TATAGCCAGTAATG,CGCGGTTCTATCTAGTTACGCGTTA,GGACATTACTGGCTATAAGTGTTTCGAGACGCCTGCATAACGTCTCGGTGCTCTGAAGAAAGCCCGACaTATAGCCAGTAATG,GGACATTACTGGCTATAAGTGTTTCAGAGCTATGCTGGAAACAGCATAGCAAGTTGAAATAAGGCTAGTCCGTTATCAACTTGAAAAAGTGGCACCGAGTCGGTGCTCTGAAGAAAGCCCGACaTATAGCCAGTAATG,83,138,TACAGCTGGGTCTGACCTCTGAGTCCAGGGTCAGGTGATTTTGCTTAGCCTCAAGTGCTCAGATTCTGCTGATATTTTGCAAGACCTGGACTCTCTTGACACCCAGGATTCTTTCCTCAGGGGACATGCTGCCTATAGTTCTGCAGTTAACATCCTCCTTGGCCATGGCACCAGGGTCGGAGCCACGTACTTCATGACCTACCACACCGTGCTGCAGACCTCTGCTGACTTTATTGACGCTCTGAAGAAAGCCCGACaTATAGCCAGTAATGTCACCGAAACCATGGGCATTAACGGCAGTGCCTACCGAGTATTTCCTTACAGGTAAAGCCTGCCCTTTTTCAATGGGGTTTACCCAGCAAAGGGCCTACACTGGGTGGGAGTGGGGAGGGTTCCCTTGGCAAGATGCTGATTTTCAGGTTGGGTTCTGGCCCCTGCTCCATT,76.1652410030365
3,3,3,CGG,(-),A>C,ATCTTGTGGAAAGGACGAGGTACCG,GGACATTACTGGCTATAAGT,GTTTCGAGACGAGTCCTGCGCGTCTCGGTGC,TCTGAAGAAAGCCCGACg,TATAGCCAGTAATG,CGCGGTTCTATCTAGTTACGCGTTA,GGACATTACTGGCTATAAGTGTTTCGAGACGAGTCCTGCGCGTCTCGGTGCTCTGAAGAAAGCCCGACgTATAGCCAGTAATG,GGACATTACTGGCTATAAGTGTTTCAGAGCTATGCTGGAAACAGCATAGCAAGTTGAAATAAGGCTAGTCCGTTATCAACTTGAAAAAGTGGCACCGAGTCGGTGCTCTGAAGAAAGCCCGACgTATAGCCAGTAATG,83,138,TACAGCTGGGTCTGACCTCTGAGTCCAGGGTCAGGTGATTTTGCTTAGCCTCAAGTGCTCAGATTCTGCTGATATTTTGCAAGACCTGGACTCTCTTGACACCCAGGATTCTTTCCTCAGGGGACATGCTGCCTATAGTTCTGCAGTTAACATCCTCCTTGGCCATGGCACCAGGGTCGGAGCCACGTACTTCATGACCTACCACACCGTGCTGCAGACCTCTGCTGACTTTATTGACGCTCTGAAGAAAGCCCGACgTATAGCCAGTAATGTCACCGAAACCATGGGCATTAACGGCAGTGCCTACCGAGTATTTCCTTACAGGTAAAGCCTGCCCTTTTTCAATGGGGTTTACCCAGCAAAGGGCCTACACTGGGTGGGAGTGGGGAGGGTTCCCTTGGCAAGATGCTGATTTTCAGGTTGGGTTCTGGCCCCTGCTCCATT,72.95777499675751
3,3,3,CGG,(-),A>G,ATCTTGTGGAAAGGACGAGGTACCG,GGACATTACTGGCTATAAGT,GTTTCGAGACGCTGGAACCGCGTCTCGGTGC,GAAGAAAGCCCGACc,TATAGCCAG,CGCGGTTCTATCTAGTTACGCGTTA,GGACATTACTGGCTATAAGTGTTTCGAGACGCTGGAACCGCGTCTCGGTGCGAAGAAAGCCCGACcTATAGCCAG,GGACATTACTGGCTATAAGTGTTTCAGAGCTATGCTGGAAACAGCATAGCAAGTTGAAATAAGGCTAGTCCGTTATCAACTTGAAAAAGTGGCACCGAGTCGGTGCGAAGAAAGCCCGACcTATAGCCAG,75,130,TACAGCTGGGTCTGACCTCTGAGTCCAGGGTCAGGTGATTTTGCTTAGCCTCAAGTGCTCAGATTCTGCTGATATTTTGCAAGACCTGGACTCTCTTGACACCCAGGATTCTTTCCTCAGGGGACATGCTGCCTATAGTTCTGCAGTTAACATCCTCCTTGGCCATGGCACCAGGGTCGGAGCCACGTACTTCATGACCTACCACACCGTGCTGCAGACCTCTGCTGACTTTATTGACGCTCTGAAGAAAGCCCGACcTATAGCCAGTAATGTCACCGAAACCATGGGCATTAACGGCAGTGCCTACCGAGTATTTCCTTACAGGTAAAGCCTGCCCTTTTTCAATGGGGTTTACCCAGCAAAGGGCCTACACTGGGTGGGAGTGGGGAGGGTTCCCTTGGCAAGATGCTGATTTTCAGGTTGGGTTCTGGCCCCTGCTCCATT,73.72314929962158
4,3,2,CGG,(-),G>A,ATCTTGTGGAAAGGACGAGGTACCG,GGACATTACTGGCTATAAGT,GTTTCGAGACGACCCGATCGCGTCTCGGTGC,TCTGAAGAAAGCCCGAtT,TATAGCCAGTAATG,CGCGGTTCTATCTAGTTACGCGTTA,GGACATTACTGGCTATAAGTGTTTCGAGACGACCCGATCGCGTCTCGGTGCTCTGAAGAAAGCCCGAtTTATAGCCAGTAATG,GGACATTACTGGCTATAAGTGTTTCAGAGCTATGCTGGAAACAGCATAGCAAGTTGAAATAAGGCTAGTCCGTTATCAACTTGAAAAAGTGGCACCGAGTCGGTGCTCTGAAGAAAGCCCGAtTTATAGCCAGTAATG,83,138,TACAGCTGGGTCTGACCTCTGAGTCCAGGGTCAGGTGATTTTGCTTAGCCTCAAGTGCTCAGATTCTGCTGATATTTTGCAAGACCTGGACTCTCTTGACACCCAGGATTCTTTCCTCAGGGGACATGCTGCCTATAGTTCTGCAGTTAACATCCTCCTTGGCCATGGCACCAGGGTCGGAGCCACGTACTTCATGACCTACCACACCGTGCTGCAGACCTCTGCTGACTTTATTGACGCTCTGAAGAAAGCCCGAtTTATAGCCAGTAATGTCACCGAAACCATGGGCATTAACGGCAGTGCCTACCGAGTATTTCCTTACAGGTAAAGCCTGCCCTTTTTCAATGGGGTTTACCCAGCAAAGGGCCTACACTGGGTGGGAGTGGGGAGGGTTCCCTTGGCAAGATGCTGATTTTCAGGTTGGGTTCTGGCCCCTGCTCCATT,69.86635625362396
2,3,3,CGG,(-),A>T,ATCTTGTGGAAAGGACGAGGTACCG,GGACATTACTGGCTATAAGT,GTTTCGAGACGATATTCAAGCGTCTCGGTGC,TCTGAAGTGAGCCAGACT,TATAGCCAGTAATG,CGCGGTTCTATCTAGTTACGCGTTA,GGACATTACTGGCTATAAGTGTTTCGAGACGCCTGCATAACGTCTCGGTGCTCTGAAGAAAGCCCGACaTATAGCCAGTAATG,GGACATTACTGGCTATAAGTGTTTCAGAGCTATGCTGGAAACAGCATAGCAAGTTGAAATAAGGCTAGTCCGTTATCAACTTGAAAAAGTGGCACCGAGTCGGTGCTCTGAAGAAAGCCCGACaTATAGCCAGTAATG,83,138,TACAGCTGGGTCTGACCTCTGAGTCCAGGGTCAGGTGATTTTGCTTAGCCTCAAGTGCTCAGATTCTGCTGATATTTTGCAAGACCTGGACTCTCTTGACACCCAGGATTCTTTCCTCAGGGGACATGCTGCCTATAGTTCTGCAGTTAACATCCTCCTTGGCCATGGCACCAGGGTCGGAGCCACGTACTTCATGACCTACCACACCGTGCTGCAGACCTCTGCTGACTTTATTGACGCTCTGAAGA-AGCCCGACTTATAGCCAGTAATGTCACCGAAACCATGGGCATTAACGGCAGTGCCTACCGAGTATTTCCTTACAGGTAAAGCCTGCCCTTTTTCAATGGGGTTTACCCAGCAAAGGGCCTACACTGGGTGGGAGTGGGGAGGGTTCCCTTGGCAAGATGCTGATTTTCAGGTTGGGTTCTGGCCCCTGCTCCATT,76.1652410030365
2,3,3,CGG,(-),A>T,ATCTTGTGGAAAGGACGAGGTACCG,GGACATTACTGGCTATAAGT,GTTTCGAGACGTCCCTCTAGCGTCTCGGTGC,TCTGAAGAAGCCCGACT,TATAGCCAGTAATG,CGCGGTTCTATCTAGTTACGCGTTA,GGACATTACTGGCTATAAGTGTTTCGAGACGCCTGCATAACGTCTCGGTGCTCTGAAGAAAGCCCGACaTATAGCCAGTAATG,GGACATTACTGGCTATAAGTGTTTCAGAGCTATGCTGGAAACAGCATAGCAAGTTGAAATAAGGCTAGTCCGTTATCAACTTGAAAAAGTGGCACCGAGTCGGTGCTCTGAAGAAAGCCCGACaTATAGCCAGTAATG,83,138,TACAGCTGGGTCTGACCTCTGAGTCCAGGGTCAGGTGATTTTGCTTAGCCTCAAGTGCTCAGATTCTGCTGATATTTTGCAAGACCTGGACTCTCTTGACACCCAGGATTCTTTCCTCAGGGGACATGCTGCCTATAGTTCTGCAGTTAACATCCTCCTTGGCCATGGCACCAGGGTCGGAGCCACGTACTTCATGACCTACCACACCGTGCTGCAGACCTCTGCTGACTTTATTGACGCTCTGAAGAAgcCCgactTTATAGCCAGTAATGTCACCGAAACCATGGGCATTAACGGCAGTGCCTACCGAGTATTTCCTTACAGGTAAAGCCTGCCCTTTTTCAATGGGGTTTACCCAGCAAAGGGCCTACACTGGGTGGGAGTGGGGAGGGTTCCCTTGGCAAGATGCTGATTTTCAGGTTGGGTTCTGGCCCCTGCTCCATT,76.1652410030365
1,4,2,GGG,(-),G>T,ATCTTGTGGAAAGGACGAGGTACCG,GACATTACTGGCTATAAGTC,GTTTCGAGACGAACTTGATCCGTCTCGGTGC,TCTGAAGAAAGCCCGAa,TTATAGCCAGTAAT,CGCGGTTCTATCTAGTTACGCGTTA,GACATTACTGGCTATAAGTCGTTTCGAGACGAACTTGATCCGTCTCGGTGCTCTGAAGAAAGCCCGAaTTATAGCCAGTAAT,GACATTACTGGCTATAAGTCGTTTCAGAGCTATGCTGGAAACAGCATAGCAAGTTGAAATAAGGCTAGTCCGTTATCAACTTGAAAAAGTGGCACCGAGTCGGTGCTCTGAAGAAAGCCCGAaTTATAGCCAGTAAT,82,137,TACAGCTGGGTCTGACCTCTGAGTCCAGGGTCAGGTGATTTTGCTTAGCCTCAAGTGCTCAGATTCTGCTGATATTTTGCAAGACCTGGACTCTCTTGACACCCAGGATTCTTTCCTCAGGGGACATGCTGCCTATAGTTCTGCAGTTAACATCCTCCTTGGCCATGGCACCAGGGTCGGAGCCACGTACTTCATGACCTACCACACCGTGCTGCAGACCTCTGCTGACTTTATTGACGCTCTGAAGAAAGCCCGAaTTATAGCCAGTAATGTCACCGAAACCATGGGCATTAACGGCAGTGCCTACCGAGTATTTCCTTACAGGTAAAGCCTGCCCTTTTTCAATGGGGTTTACCCAGCAAAGGGCCTACACTGGGTGGGAGTGGGGAGGGTTCCCTTGGCAAGATGCTGATTTTCAGGTTGGGTTCTGGCCCCTGCTCCATT,76.18934214115143
3,4,1,GGG,(-),T>C,ATCTTGTGGAAAGGACGAGGTACCG,GACATTACTGGCTATAAGTC,GTTTCGAGACGCGACCGACACGTCTCGGTGC,GAAGAAAGCCCGgC,TTATAGCCAGTAA,CGCGGTTCTATCTAGTTACGCGTTA,GACATTACTGGCTATAAGTCGTTTCGAGACGCGACCGACACGTCTCGGTGCGAAGAAAGCCCGgCTTATAGCCAGTAA,GACATTACTGGCTATAAGTCGTTTCAGAGCTATGCTGGAAACAGCATAGCAAGTTGAAATAAGGCTAGTCCGTTATCAACTTGAAAAAGTGGCACCGAGTCGGTGCGAAGAAAGCCCGgCTTATAGCCAGTAA,78,133,TACAGCTGGGTCTGACCTCTGAGTCCAGGGTCAGGTGATTTTGCTTAGCCTCAAGTGCTCAGATTCTGCTGATATTTTGCAAGACCTGGACTCTCTTGACACCCAGGATTCTTTCCTCAGGGGACATGCTGCCTATAGTTCTGCAGTTAACATCCTCCTTGGCCATGGCACCAGGGTCGGAGCCACGTACTTCATGACCTACCACACCGTGCTGCAGACCTCTGCTGACTTTATTGACGCTCTGAAGAAAGCCCGgCTTATAGCCAGTAATGTCACCGAAACCATGGGCATTAACGGCAGTGCCTACCGAGTATTTCCTTACAGGTAAAGCCTGCCCTTTTTCAATGGGGTTTACCCAGCAAAGGGCCTACACTGGGTGGGAGTGGGGAGGGTTCCCTTGGCAAGATGCTGATTTTCAGGTTGGGTTCTGGCCCCTGCTCCATT,71.94029986858368
3,4,2,GGG,(-),G>A,ATCTTGTGGAAAGGACGAGGTACCG,GACATTACTGGCTATAAGTC,GTTTCGAGACGGATGAGCGCCGTCTCGGTGC,TCTGAAGAAAGCCCGAt,TTATAGCCAGTAA,CGCGGTTCTATCTAGTTACGCGTTA,GACATTACTGGCTATAAGTCGTTTCGAGACGGATGAGCGCCGTCTCGGTGCTCTGAAGAAAGCCCGAtTTATAGCCAGTAA,GACATTACTGGCTATAAGTCGTTTCAGAGCTATGCTGGAAACAGCATAGCAAGTTGAAATAAGGCTAGTCCGTTATCAACTTGAAAAAGTGGCACCGAGTCGGTGCTCTGAAGAAAGCCCGAtTTATAGCCAGTAA,81,136,TACAGCTGGGTCTGACCTCTGAGTCCAGGGTCAGGTGATTTTGCTTAGCCTCAAGTGCTCAGATTCTGCTGATATTTTGCAAGACCTGGACTCTCTTGACACCCAGGATTCTTTCCTCAGGGGACATGCTGCCTATAGTTCTGCAGTTAACATCCTCCTTGGCCATGGCACCAGGGTCGGAGCCACGTACTTCATGACCTACCACACCGTGCTGCAGACCTCTGCTGACTTTATTGACGCTCTGAAGAAAGCCCGAtTTATAGCCAGTAATGTCACCGAAACCATGGGCATTAACGGCAGTGCCTACCGAGTATTTCCTTACAGGTAAAGCCTGCCCTTTTTCAATGGGGTTTACCCAGCAAAGGGCCTACACTGGGTGGGAGTGGGGAGGGTTCCCTTGGCAAGATGCTGATTTTCAGGTTGGGTTCTGGCCCCTGCTCCATT,70.11020183563232
3,4,1,GGG,(-),T>G,ATCTTGTGGAAAGGACGAGGTACCG,GACATTACTGGCTATAAGTC,GTTTCGAGACGTAGAGGCTCCGTCTCGGTGC,TCTGAAGAAAGCCCGcC,TTATAGCCAGTAA,CGCGGTTCTATCTAGTTACGCGTTA,GACATTACTGGCTATAAGTCGTTTCGAGACGTAGAGGCTCCGTCTCGGTGCTCTGAAGAAAGCCCGcCTTATAGCCAGTAA,GACATTACTGGCTATAAGTCGTTTCAGAGCTATGCTGGAAACAGCATAGCAAGTTGAAATAAGGCTAGTCCGTTATCAACTTGAAAAAGTGGCACCGAGTCGGTGCTCTGAAGAAAGCCCGcCTTATAGCCAGTAA,81,136,TACAGCTGGGTCTGACCTCTGAGTCCAGGGTCAGGTGATTTTGCTTAGCCTCAAGTGCTCAGATTCTGCTGATATTTTGCAAGACCTGGACTCTCTTGACACCCAGGATTCTTTCCTCAGGGGACATGCTGCCTATAGTTCTGCAGTTAACATCCTCCTTGGCCATGGCACCAGGGTCGGAGCCACGTACTTCATGACCTACCACACCGTGCTGCAGACCTCTGCTGACTTTATTGACGCTCTGAAGAAAGCCCGcCTTATAGCCAGTAATGTCACCGAAACCATGGGCATTAACGGCAGTGCCTACCGAGTATTTCCTTACAGGTAAAGCCTGCCCTTTTTCAATGGGGTTTACCCAGCAAAGGGCCTACACTGGGTGGGAGTGGGGAGGGTTCCCTTGGCAAGATGCTGATTTTCAGGTTGGGTTCTGGCCCCTGCTCCATT,70.1593667268753
3,4,1,GGG,(-),T>A,ATCTTGTGGAAAGGACGAGGTACCG,GACATTACTGGCTATAAGTC,GTTTCGAGACGCATTAAATCCGTCTCGGTGC,TCTGAAGAAAGCCCGtC,TTATAGCCAGTAA,CGCGGTTCTATCTAGTTACGCGTTA,GACATTACTGGCTATAAGTCGTTTCGAGACGCATTAAATCCGTCTCGGTGCTCTGAAGAAAGCCCGtCTTATAGCCAGTAA,GACATTACTGGCTATAAGTCGTTTCAGAGCTATGCTGGAAACAGCATAGCAAGTTGAAATAAGGCTAGTCCGTTATCAACTTGAAAAAGTGGCACCGAGTCGGTGCTCTGAAGAAAGCCCGtCTTATAGCCAGTAA,81,136,TACAGCTGGGTCTGACCTCTGAGTCCAGGGTCAGGTGATTTTGCTTAGCCTCAAGTGCTCAGATTCTGCTGATATTTTGCAAGACCTGGACTCTCTTGACACCCAGGATTCTTTCCTCAGGGGACATGCTGCCTATAGTTCTGCAGTTAACATCCTCCTTGGCCATGGCACCAGGGTCGGAGCCACGTACTTCATGACCTACCACACCGTGCTGCAGACCTCTGCTGACTTTATTGACGCTCTGAAGAAAGCCCGtCTTATAGCCAGTAATGTCACCGAAACCATGGGCATTAACGGCAGTGCCTACCGAGTATTTCCTTACAGGTAAAGCCTGCCCTTTTTCAATGGGGTTTACCCAGCAAAGGGCCTACACTGGGTGGGAGTGGGGAGGGTTCCCTTGGCAAGATGCTGATTTTCAGGTTGGGTTCTGGCCCCTGCTCCATT,72.57647812366486
3,4,2,GGG,(-),G>C,ATCTTGTGGAAAGGACGAGGTACCG,GACATTACTGGCTATAAGTC,GTTTCGAGACGTCCTTCCGTCGTCTCGGTGC,GAAGAAAGCCCGAg,TTATAGCCAGTAA,CGCGGTTCTATCTAGTTACGCGTTA,GACATTACTGGCTATAAGTCGTTTCGAGACGTCCTTCCGTCGTCTCGGTGCGAAGAAAGCCCGAgTTATAGCCAGTAA,GACATTACTGGCTATAAGTCGTTTCAGAGCTATGCTGGAAACAGCATAGCAAGTTGAAATAAGGCTAGTCCGTTATCAACTTGAAAAAGTGGCACCGAGTCGGTGCGAAGAAAGCCCGAgTTATAGCCAGTAA,78,133,TACAGCTGGGTCTGACCTCTGAGTCCAGGGTCAGGTGATTTTGCTTAGCCTCAAGTGCTCAGATTCTGCTGATATTTTGCAAGACCTGGACTCTCTTGACACCCAGGATTCTTTCCTCAGGGGACATGCTGCCTATAGTTCTGCAGTTAACATCCTCCTTGGCCATGGCACCAGGGTCGGAGCCACGTACTTCATGACCTACCACACCGTGCTGCAGACCTCTGCTGACTTTATTGACGCTCTGAAGAAAGCCCGAgTTATAGCCAGTAATGTCACCGAAACCATGGGCATTAACGGCAGTGCCTACCGAGTATTTCCTTACAGGTAAAGCCTGCCCTTTTTCAATGGGGTTTACCCAGCAAAGGGCCTACACTGGGTGGGAGTGGGGAGGGTTCCCTTGGCAAGATGCTGATTTTCAGGTTGGGTTCTGGCCCCTGCTCCATT,74.44439232349396
1,4,2,GGG,(-),G>T,ATCTTGTGGAAAGGACGAGGTACCG,GACATTACTGGCTATAAGTC,GTTTCGAGACGCTTCTCCGACGTCTCGGTGC,TCTGAAGTGAGCACGAC,TTATAGCCAGTAAT,CGCGGTTCTATCTAGTTACGCGTTA,GACATTACTGGCTATAAGTCGTTTCGAGACGAACTTGATCCGTCTCGGTGCTCTGAAGAAAGCCCGAaTTATAGCCAGTAAT,GACATTACTGGCTATAAGTCGTTTCAGAGCTATGCTGGAAACAGCATAGCAAGTTGAAATAAGGCTAGTCCGTTATCAACTTGAAAAAGTGGCACCGAGTCGGTGCTCTGAAGAAAGCCCGAaTTATAGCCAGTAAT,82,137,TACAGCTGGGTCTGACCTCTGAGTCCAGGGTCAGGTGATTTTGCTTAGCCTCAAGTGCTCAGATTCTGCTGATATTTTGCAAGACCTGGACTCTCTTGACACCCAGGATTCTTTCCTCAGGGGACATGCTGCCTATAGTTCTGCAGTTAACATCCTCCTTGGCCATGGCACCAGGGTCGGAGCCACGTACTTCATGACCTACCACACCGTGCTGCAGACCTCTGCTGACTTTATTGACGCTCTGAAGtgAGCaCGACTTATAGCCAGTAATGTCACCGAAACCATGGGCATTAACGGCAGTGCCTACCGAGTATTTCCTTACAGGTAAAGCCTGCCCTTTTTCAATGGGGTTTACCCAGCAAAGGGCCTACACTGGGTGGGAGTGGGGAGGGTTCCCTTGGCAAGATGCTGATTTTCAGGTTGGGTTCTGGCCCCTGCTCCATT,76.18934214115143
1,4,2,GGG,(-),G>T,ATCTTGTGGAAAGGACGAGGTACCG,GACATTACTGGCTATAAGTC,GTTTCGAGACGATGCTTAGCCGTCTCGGTGC,TCTGAAGAAGCCCGAC,TTATAGCCAGTAAT,CGCGGTTCTATCTAGTTACGCGTTA,GACATTACTGGCTATAAGTCGTTTCGAGACGAACTTGATCCGTCTCGGTGCTCTGAAGAAAGCCCGAaTTATAGCCAGTAAT,GACATTACTGGCTATAAGTCGTTTCAGAGCTATGCTGGAAACAGCATAGCAAGTTGAAATAAGGCTAGTCCGTTATCAACTTGAAAAAGTGGCACCGAGTCGGTGCTCTGAAGAAAGCCCGAaTTATAGCCAGTAAT,82,137,TACAGCTGGGTCTGACCTCTGAGTCCAGGGTCAGGTGATTTTGCTTAGCCTCAAGTGCTCAGATTCTGCTGATATTTTGCAAGACCTGGACTCTCTTGACACCCAGGATTCTTTCCTCAGGGGACATGCTGCCTATAGTTCTGCAGTTAACATCCTCCTTGGCCATGGCACCAGGGTCGGAGCCACGTACTTCATGACCTACCACACCGTGCTGCAGACCTCTGCTGACTTTATTGACGCTCTGAAGA-AGCCCGACTTATAGCCAGTAATGTCACCGAAACCATGGGCATTAACGGCAGTGCCTACCGAGTATTTCCTTACAGGTAAAGCCTGCCCTTTTTCAATGGGGTTTACCCAGCAAAGGGCCTACACTGGGTGGGAGTGGGGAGGGTTCCCTTGGCAAGATGCTGATTTTCAGGTTGGGTTCTGGCCCCTGCTCCATT,76.18934214115143
