peg No. (within edit),PAM No.,Edit Position (sat. area),PAM,Strand,Edit,LHA,Spacer,Filler,RTTs,PBS,RHA,Complete epegRNA,Complete epegRNA (SF),Length (bp),Length (bp) (SF),Reference Sequence,PRIDICT2.0 Score,Syn. Mutation Position
1,1,1,CGG,(-),T>A,ATCTTGTGGAAAGGACGAGGTACCG,GCCGTTAATGCCCATGGTTT,GTTTCGAGACGATATTGAATCGTCTCGGTGC,GAAGAAAGCCCGTCTTATAGCCAGTAATGTCACAGAAA,CCATGGGCAT,CGCGGTTCTATCTAGTTACGCGTTA,GCCGTTAATGCCCATGGTTTGTTTCGAGACGATATTGAATCGTCTCGGTGCGAAGAAAGCCCGTCTTATAGCCAGTAATGTCACAGAAACCATGGGCAT,GCCGTTAATGCCCATGGTTTGTTTCAGAGCTATGCTGGAAACAGCATAGCAAGTTGAAATAAGGCTAGTCCGTTATCAACTTGAAAAAGTGGCACCGAGTCGGTGCGAAGAAAGCCCGTCTTATAGCCAGTAATGTCACAGAAACCATGGGCAT,99,154,TACAGCTGGGTCTGACCTCTGAGTCCAGGGTCAGGTGATTTTGCTTAGCCTCAAGTGCTCAGATTCTGCTGATATTTTGCAAGACCTGGACTCTCTTGACACCCAGGATTCTTTCCTCAGGGGACATGCTGCCTATAGTTCTGCAGTTAACATCCTCCTTGGCCATGGCACCAGGGTCGGAGCCACGTACTTCATGACCTACCACACCGTGCTGCAGACCTCTGCTGACTTTATTGACGCTCTGAAGAAAGCCCGtCTTATAGCCAGTAATGTCACaGAAACCATGGGCATTAACGGCAGTGCCTACCGAGTATTTCCTTACAGGTAAAGCCTGCCCTTTTTCAATGGGGTTTACCCAGCAAAGGGCCTACACTGGGTGGGAGTGGGGAGGGTTCCCTTGGCAAGATGCTGATTTTCAGGTTGGGTTCTGGCCCCTGCTCCATT,73.9527940750122,9
2,1,1,CGG,(-),T>C,ATCTTGTGGAAAGGACGAGGTACCG,GCCGTTAATGCCCATGGTTT,GTTTCGAGACGTGTGTGGTCCGTCTCGGTGC,GAAGAAAGCCCGGCTTATAGCCAGTAATGTCACAGAAA,CCATGGGCAT,CGCGGTTCTATCTAGTTACGCGTTA,GCCGTTAATGCCCATGGTTTGTTTCGAGACGTGTGTGGTCCGTCTCGGTGCGAAGAAAGCCCGGCTTATAGCCAGTAATGTCACAGAAACCATGGGCAT,GCCGTTAATGCCCATGGTTTGTTTCAGAGCTATGCTGGAAACAGCATAGCAAGTTGAAATAAGGCTAGTCCGTTATCAACTTGAAAAAGTGGCACCGAGTCGGTGCGAAGAAAGCCCGGCTTATAGCCAGTAATGTCACAGAAACCATGGGCAT,99,154,TACAGCTGGGTCTGACCTCTGAGTCCAGGGTCAGGTGATTTTGCTTAGCCTCAAGTGCTCAGATTCTGCTGATATTTTGCAAGACCTGGACTCTCTTGACACCCAGGATTCTTTCCTCAGGGGACATGCTGCCTATAGTTCTGCAGTTAACATCCTCCTTGGCCATGGCACCAGGGTCGGAGCCACGTACTTCATGACCTACCACACCGTGCTGCAGACCTCTGCTGACTTTATTGACGCTCTGAAGAAAGCCCGgCTTATAGCCAGTAATGTCACaGAAACCATGGGCATTAACGGCAGTGCCTACCGAGTATTTCCTTACAGGTAAAGCCTGCCCTTTTTCAATGGGGTTTACCCAGCAAAGGGCCTACACTGGGTGGGAGTGGGGAGGGTTCCCTTGGCAAGATGCTGATTTTCAGGTTGGGTTCTGGCCCCTGCTCCATT,74.54187870025635,9
2,1,2,CGG,(-),G>C,ATCTTGTGGAAAGGACGAGGTACCG,GCCGTTAATGCCCATGGTTT,GTTTCGAGACGCGAAGGCCACGTCTCGGTGC,GAAGAAAGCCCGAGTTATAGCCAGTAATGTCACAGAAA,CCATGGGCAT,CGCGGTTCTATCTAGTTACGCGTTA,GCCGTTAATGCCCATGGTTTGTTTCGAGACGCGAAGGCCACGTCTCGGTGCGAAGAAAGCCCGAGTTATAGCCAGTAATGTCACAGAAACCATGGGCAT,GCCGTTAATGCCCATGGTTTGTTTCAGAGCTATGCTGGAAACAGCATAGCAAGTTGAAATAAGGCTAGTCCGTTATCAACTTGAAAAAGTGGCACCGAGTCGGTGCGAAGAAAGCCCGAGTTATAGCCAGTAATGTCACAGAAACCATGGGCAT,99,154,TACAGCTGGGTCTGACCTCTGAGTCCAGGGTCAGGTGATTTTGCTTAGCCTCAAGTGCTCAGATTCTGCTGATATTTTGCAAGACCTGGACTCTCTTGACACCCAGGATTCTTTCCTCAGGGGACATGCTGCCTATAGTTCTGCAGTTAACATCCTCCTTGGCCATGGCACCAGGGTCGGAGCCACGTACTTCATGACCTACCACACCGTGCTGCAGACCTCTGCTGACTTTATTGACGCTCTGAAGAAAGCCCGAgTTATAGCCAGTAATGTCACaGAAACCATGGGCATTAACGGCAGTGCCTACCGAGTATTTCCTTACAGGTAAAGCCTGCCCTTTTTCAATGGGGTTTACCCAGCAAAGGGCCTACACTGGGTGGGAGTGGGGAGGGTTCCCTTGGCAAGATGCTGATTTTCAGGTTGGGTTCTGGCCCCTGCTCCATT,74.6708631515503,9
2,1,3,CGG,(-),A>G,ATCTTGTGGAAAGGACGAGGTACCG,GCCGTTAATGCCCATGGTTT,GTTTCGAGACGGTTCACTCACGTCTCGGTGC,GAAGAAAGCCCGACCTATAGCCAGTAATGTCACAGAAA,CCATGGGCAT,CGCGGTTCTATCTAGTTACGCGTTA,GCCGTTAATGCCCATGGTTTGTTTCGAGACGGTTCACTCACGTCTCGGTGCGAAGAAAGCCCGACCTATAGCCAGTAATGTCACAGAAACCATGGGCAT,GCCGTTAATGCCCATGGTTTGTTTCAGAGCTATGCTGGAAACAGCATAGCAAGTTGAAATAAGGCTAGTCCGTTATCAACTTGAAAAAGTGGCACCGAGTCGGTGCGAAGAAAGCCCGACCTATAGCCAGTAATGTCACAGAAACCATGGGCAT,99,154,TACAGCTGGGTCTGACCTCTGAGTCCAGGGTCAGGTGATTTTGCTTAGCCTCAAGTGCTCAGATTCTGCTGATATTTTGCAAGACCTGGACTCTCTTGACACCCAGGATTCTTTCCTCAGGGGACATGCTGCCTATAGTTCTGCAGTTAACATCCTCCTTGGCCATGGCACCAGGGTCGGAGCCACGTACTTCATGACCTACCACACCGTGCTGCAGACCTCTGCTGACTTTATTGACGCTCTGAAGAAAGCCCGACcTATAGCCAGTAATGTCACaGAAACCATGGGCATTAACGGCAGTGCCTACCGAGTATTTCCTTACAGGTAAAGCCTGCCCTTTTTCAATGGGGTTTACCCAGCAAAGGGCCTACACTGGGTGGGAGTGGGGAGGGTTCCCTTGGCAAGATGCTGATTTTCAGGTTGGGTTCTGGCCCCTGCTCCATT,75.59164762496948,9
2,1,3,CGG,(-),A>C,ATCTTGTGGAAAGGACGAGGTACCG,GCCGTTAATGCCCATGGTTT,GTTTCGAGACGCTCGGTCGACGTCTCGGTGC,CCCGACGTATAGCCAGTAATGTCACAGAAA,CCATGGGCAT,CGCGGTTCTATCTAGTTACGCGTTA,GCCGTTAATGCCCATGGTTTGTTTCGAGACGCTCGGTCGACGTCTCGGTGCCCCGACGTATAGCCAGTAATGTCACAGAAACCATGGGCAT,GCCGTTAATGCCCATGGTTTGTTTCAGAGCTATGCTGGAAACAGCATAGCAAGTTGAAATAAGGCTAGTCCGTTATCAACTTGAAAAAGTGGCACCGAGTCGGTGCCCCGACGTATAGCCAGTAATGTCACAGAAACCATGGGCAT,91,146,TACAGCTGGGTCTGACCTCTGAGTCCAGGGTCAGGTGATTTTGCTTAGCCTCAAGTGCTCAGATTCTGCTGATATTTTGCAAGACCTGGACTCTCTTGACACCCAGGATTCTTTCCTCAGGGGACATGCTGCCTATAGTTCTGCAGTTAACATCCTCCTTGGCCATGGCACCAGGGTCGGAGCCACGTACTTCATGACCTACCACACCGTGCTGCAGACCTCTGCTGACTTTATTGACGCTCTGAAGAAAGCCCGACgTATAGCCAGTAATGTCACaGAAACCATGGGCATTAACGGCAGTGCCTACCGAGTATTTCCTTACAGGTAAAGCCTGCCCTTTTTCAATGGGGTTTACCCAGCAAAGGGCCTACACTGGGTGGGAGTGGGGAGGGTTCCCTTGGCAAGATGCTGATTTTCAGGTTGGGTTCTGGCCCCTGCTCCATT,75.94414353370667,17
1,1,2,CGG,(-),G>A,ATCTTGTGGAAAGGACGAGGTACCG,GCCGTTAATGCCCATGGTTT,GTTTCGAGACGCGCGATCCTCGTCTCGGTGC,GAAGAAAGCCCGATTTATAGCCAGTAATGTCACAGAAA,CCATGGGCAT,CGCGGTTCTATCTAGTTACGCGTTA,GCCGTTAATGCCCATGGTTTGTTTCGAGACGCGCGATCCTCGTCTCGGTGCGAAGAAAGCCCGATTTATAGCCAGTAATGTCACAGAAACCATGGGCAT,GCCGTTAATGCCCATGGTTTGTTTCAGAGCTATGCTGGAAACAGCATAGCAAGTTGAAATAAGGCTAGTCCGTTATCAACTTGAAAAAGTGGCACCGAGTCGGTGCGAAGAAAGCCCGATTTATAGCCAGTAATGTCACAGAAACCATGGGCAT,99,154,TACAGCTGGGTCTGACCTCTGAGTCCAGGGTCAGGTGATTTTGCTTAGCCTCAAGTGCTCAGATTCTGCTGATATTTTGCAAGACCTGGACTCTCTTGACACCCAGGATTCTTTCCTCAGGGGACATGCTGCCTATAGTTCTGCAGTTAACATCCTCCTTGGCCATGGCACCAGGGTCGGAGCCACGTACTTCATGACCTACCACACCGTGCTGCAGACCTCTGCTGACTTTATTGACGCTCTGAAGAAAGCCCGAtTTATAGCCAGTAATGTCACaGAAACCATGGGCATTAACGGCAGTGCCTACCGAGTATTTCCTTACAGGTAAAGCCTGCCCTTTTTCAATGGGGTTTACCCAGCAAAGGGCCTACACTGGGTGGGAGTGGGGAGGGTTCCCTTGGCAAGATGCTGATTTTCAGGTTGGGTTCTGGCCCCTGCTCCATT,72.13451862335205,9
4,1,2,CGG,(-),G>T,ATCTTGTGGAAAGGACGAGGTACCG,GCCGTTAATGCCCATGGTTT,GTTTCGAGACGGTGTCTGGACGTCTCGGTGC,GAAGAAAGCCCGAATTATAGCCAGTAATGTCACAGAAA,CCATGGGCAT,CGCGGTTCTATCTAGTTACGCGTTA,GCCGTTAATGCCCATGGTTTGTTTCGAGACGGTGTCTGGACGTCTCGGTGCGAAGAAAGCCCGAATTATAGCCAGTAATGTCACAGAAACCATGGGCAT,GCCGTTAATGCCCATGGTTTGTTTCAGAGCTATGCTGGAAACAGCATAGCAAGTTGAAATAAGGCTAGTCCGTTATCAACTTGAAAAAGTGGCACCGAGTCGGTGCGAAGAAAGCCCGAATTATAGCCAGTAATGTCACAGAAACCATGGGCAT,99,154,TACAGCTGGGTCTGACCTCTGAGTCCAGGGTCAGGTGATTTTGCTTAGCCTCAAGTGCTCAGATTCTGCTGATATTTTGCAAGACCTGGACTCTCTTGACACCCAGGATTCTTTCCTCAGGGGACATGCTGCCTATAGTTCTGCAGTTAACATCCTCCTTGGCCATGGCACCAGGGTCGGAGCCACGTACTTCATGACCTACCACACCGTGCTGCAGACCTCTGCTGACTTTATTGACGCTCTGAAGAAAGCCCGAaTTATAGCCAGTAATGTCACaGAAACCATGGGCATTAACGGCAGTGCCTACCGAGTATTTCCTTACAGGTAAAGCCTGCCCTTTTTCAATGGGGTTTACCCAGCAAAGGGCCTACACTGGGTGGGAGTGGGGAGGGTTCCCTTGGCAAGATGCTGATTTTCAGGTTGGGTTCTGGCCCCTGCTCCATT,74.44816529750824,9
2,1,4,CGG,(-),A>T,ATCTTGTGGAAAGGACGAGGTACCG,GCCGTTAATGCCCATGGTTT,GTTTCGAGACGCTACTAACACGTCTCGGTGC,CCCGACTAATAGCCAGTAATGTCACAGAAA,CCATGGGCAT,CGCGGTTCTATCTAGTTACGCGTTA,GCCGTTAATGCCCATGGTTTGTTTCGAGACGCTACTAACACGTCTCGGTGCCCCGACTAATAGCCAGTAATGTCACAGAAACCATGGGCAT,GCCGTTAATGCCCATGGTTTGTTTCAGAGCTATGCTGGAAACAGCATAGCAAGTTGAAATAAGGCTAGTCCGTTATCAACTTGAAAAAGTGGCACCGAGTCGGTGCCCCGACTAATAGCCAGTAATGTCACAGAAACCATGGGCAT,91,146,TACAGCTGGGTCTGACCTCTGAGTCCAGGGTCAGGTGATTTTGCTTAGCCTCAAGTGCTCAGATTCTGCTGATATTTTGCAAGACCTGGACTCTCTTGACACCCAGGATTCTTTCCTCAGGGGACATGCTGCCTATAGTTCTGCAGTTAACATCCTCCTTGGCCATGGCACCAGGGTCGGAGCCACGTACTTCATGACCTACCACACCGTGCTGCAGACCTCTGCTGACTTTATTGACGCTCTGAAGAAAGCCCGACTaATAGCCAGTAATGTCACaGAAACCATGGGCATTAACGGCAGTGCCTACCGAGTATTTCCTTACAGGTAAAGCCTGCCCTTTTTCAATGGGGTTTACCCAGCAAAGGGCCTACACTGGGTGGGAGTGGGGAGGGTTCCCTTGGCAAGATGCTGATTTTCAGGTTGGGTTCTGGCCCCTGCTCCATT,76.60750448703766,17
1,1,4,CGG,(-),A>G,ATCTTGTGGAAAGGACGAGGTACCG,GCCGTTAATGCCCATGGTTT,GTTTCGAGACGTTATCGCCTCGTCTCGGTGC,CCCGACTCATAGCCAGTAATGTCACAGAAA,CCATGGGCAT,CGCGGTTCTATCTAGTTACGCGTTA,GCCGTTAATGCCCATGGTTTGTTTCGAGACGTTATCGCCTCGTCTCGGTGCCCCGACTCATAGCCAGTAATGTCACAGAAACCATGGGCAT,GCCGTTAATGCCCATGGTTTGTTTCAGAGCTATGCTGGAAACAGCATAGCAAGTTGAAATAAGGCTAGTCCGTTATCAACTTGAAAAAGTGGCACCGAGTCGGTGCCCCGACTCATAGCCAGTAATGTCACAGAAACCATGGGCAT,91,146,TACAGCTGGGTCTGACCTCTGAGTCCAGGGTCAGGTGATTTTGCTTAGCCTCAAGTGCTCAGATTCTGCTGATATTTTGCAAGACCTGGACTCTCTTGACACCCAGGATTCTTTCCTCAGGGGACATGCTGCCTATAGTTCTGCAGTTAACATCCTCCTTGGCCATGGCACCAGGGTCGGAGCCACGTACTTCATGACCTACCACACCGTGCTGCAGACCTCTGCTGACTTTATTGACGCTCTGAAGAAAGCCCGACTcATAGCCAGTAATGTCACaGAAACCATGGGCATTAACGGCAGTGCCTACCGAGTATTTCCTTACAGGTAAAGCCTGCCCTTTTTCAATGGGGTTTACCCAGCAAAGGGCCTACACTGGGTGGGAGTGGGGAGGGTTCCCTTGGCAAGATGCTGATTTTCAGGTTGGGTTCTGGCCCCTGCTCCATT,77.19959914684296,17
3,1,3,CGG,(-),A>T,ATCTTGTGGAAAGGACGAGGTACCG,GCCGTTAATGCCCATGGTTT,GTTTCGAGACGGGATGGCGTCGTCTCGGTGC,CCCGACATATAGCCAGTAATGTCACAGAAA,CCATGGGCAT,CGCGGTTCTATCTAGTTACGCGTTA,GCCGTTAATGCCCATGGTTTGTTTCGAGACGGGATGGCGTCGTCTCGGTGCCCCGACATATAGCCAGTAATGTCACAGAAACCATGGGCAT,GCCGTTAATGCCCATGGTTTGTTTCAGAGCTATGCTGGAAACAGCATAGCAAGTTGAAATAAGGCTAGTCCGTTATCAACTTGAAAAAGTGGCACCGAGTCGGTGCCCCGACATATAGCCAGTAATGTCACAGAAACCATGGGCAT,91,146,TACAGCTGGGTCTGACCTCTGAGTCCAGGGTCAGGTGATTTTGCTTAGCCTCAAGTGCTCAGATTCTGCTGATATTTTGCAAGACCTGGACTCTCTTGACACCCAGGATTCTTTCCTCAGGGGACATGCTGCCTATAGTTCTGCAGTTAACATCCTCCTTGGCCATGGCACCAGGGTCGGAGCCACGTACTTCATGACCTACCACACCGTGCTGCAGACCTCTGCTGACTTTATTGACGCTCTGAAGAAAGCCCGACaTATAGCCAGTAATGTCACaGAAACCATGGGCATTAACGGCAGTGCCTACCGAGTATTTCCTTACAGGTAAAGCCTGCCCTTTTTCAATGGGGTTTACCCAGCAAAGGGCCTACACTGGGTGGGAGTGGGGAGGGTTCCCTTGGCAAGATGCTGATTTTCAGGTTGGGTTCTGGCCCCTGCTCCATT,75.69651901721954,17
2,1,4,CGG,(-),A>C,ATCTTGTGGAAAGGACGAGGTACCG,GCCGTTAATGCCCATGGTTT,GTTTCGAGACGCTCCATTAACGTCTCGGTGC,CCCGACTGATAGCCAGTAATGTCACAGAAA,CCATGGGCAT,CGCGGTTCTATCTAGTTACGCGTTA,GCCGTTAATGCCCATGGTTTGTTTCGAGACGCTCCATTAACGTCTCGGTGCCCCGACTGATAGCCAGTAATGTCACAGAAACCATGGGCAT,GCCGTTAATGCCCATGGTTTGTTTCAGAGCTATGCTGGAAACAGCATAGCAAGTTGAAATAAGGCTAGTCCGTTATCAACTTGAAAAAGTGGCACCGAGTCGGTGCCCCGACTGATAGCCAGTAATGTCACAGAAACCATGGGCAT,91,146,TACAGCTGGGTCTGACCTCTGAGTCCAGGGTCAGGTGATTTTGCTTAGCCTCAAGTGCTCAGATTCTGCTGATATTTTGCAAGACCTGGACTCTCTTGACACCCAGGATTCTTTCCTCAGGGGACATGCTGCCTATAGTTCTGCAGTTAACATCCTCCTTGGCCATGGCACCAGGGTCGGAGCCACGTACTTCATGACCTACCACACCGTGCTGCAGACCTCTGCTGACTTTATTGACGCTCTGAAGAAAGCCCGACTgATAGCCAGTAATGTCACaGAAACCATGGGCATTAACGGCAGTGCCTACCGAGTATTTCCTTACAGGTAAAGCCTGCCCTTTTTCAATGGGGTTTACCCAGCAAAGGGCCTACACTGGGTGGGAGTGGGGAGGGTTCCCTTGGCAAGATGCTGATTTTCAGGTTGGGTTCTGGCCCCTGCTCCATT,76.50288343429565,17
1,1,5,CGG,(-),T>A,ATCTTGTGGAAAGGACGAGGTACCG,GCCGTTAATGCCCATGGTTT,GTTTCGAGACGTCAAATCAACGTCTCGGTGC,TGAAGAAAGCCCGACTTTTAGCCAGTAATGTCACAGAAA,CCATGGGCAT,CGCGGTTCTATCTAGTTACGCGTTA,GCCGTTAATGCCCATGGTTTGTTTCGAGACGTCAAATCAACGTCTCGGTGCTGAAGAAAGCCCGACTTTTAGCCAGTAATGTCACAGAAACCATGGGCAT,GCCGTTAATGCCCATGGTTTGTTTCAGAGCTATGCTGGAAACAGCATAGCAAGTTGAAATAAGGCTAGTCCGTTATCAACTTGAAAAAGTGGCACCGAGTCGGTGCTGAAGAAAGCCCGACTTTTAGCCAGTAATGTCACAGAAACCATGGGCAT,100,155,TACAGCTGGGTCTGACCTCTGAGTCCAGGGTCAGGTGATTTTGCTTAGCCTCAAGTGCTCAGATTCTGCTGATATTTTGCAAGACCTGGACTCTCTTGACACCCAGGATTCTTTCCTCAGGGGACATGCTGCCTATAGTTCTGCAGTTAACATCCTCCTTGGCCATGGCACCAGGGTCGGAGCCACGTACTTCATGACCTACCACACCGTGCTGCAGACCTCTGCTGACTTTATTGACGCTCTGAAGAAAGCCCGACTTtTAGCCAGTAATGTCACaGAAACCATGGGCATTAACGGCAGTGCCTACCGAGTATTTCCTTACAGGTAAAGCCTGCCCTTTTTCAATGGGGTTTACCCAGCAAAGGGCCTACACTGGGTGGGAGTGGGGAGGGTTCCCTTGGCAAGATGCTGATTTTCAGGTTGGGTTCTGGCCCCTGCTCCATT,60.18650531768799,8
1,1,1,CGG,(-),T>G,ATCTTGTGGAAAGGACGAGGTACCG,GCCGTTAATGCCCATGGTTT,GTTTCGAGACGCCGGTCGCTCGTCTCGGTGC,GAAGAAAGCCCGCCTTATAGCCAGTAATGTCACAGAAA,CCATGGGCAT,CGCGGTTCTATCTAGTTACGCGTTA,GCCGTTAATGCCCATGGTTTGTTTCGAGACGCCGGTCGCTCGTCTCGGTGCGAAGAAAGCCCGCCTTATAGCCAGTAATGTCACAGAAACCATGGGCAT,GCCGTTAATGCCCATGGTTTGTTTCAGAGCTATGCTGGAAACAGCATAGCAAGTTGAAATAAGGCTAGTCCGTTATCAACTTGAAAAAGTGGCACCGAGTCGGTGCGAAGAAAGCCCGCCTTATAGCCAGTAATGTCACAGAAACCATGGGCAT,99,154,TACAGCTGGGTCTGACCTCTGAGTCCAGGGTCAGGTGATTTTGCTTAGCCTCAAGTGCTCAGATTCTGCTGATATTTTGCAAGACCTGGACTCTCTTGACACCCAGGATTCTTTCCTCAGGGGACATGCTGCCTATAGTTCTGCAGTTAACATCCTCCTTGGCCATGGCACCAGGGTCGGAGCCACGTACTTCATGACCTACCACACCGTGCTGCAGACCTCTGCTGACTTTATTGACGCTCTGAAGAAAGCCCGcCTTATAGCCAGTAATGTCACaGAAACCATGGGCATTAACGGCAGTGCCTACCGAGTATTTCCTTACAGGTAAAGCCTGCCCTTTTTCAATGGGGTTTACCCAGCAAAGGGCCTACACTGGGTGGGAGTGGGGAGGGTTCCCTTGGCAAGATGCTGATTTTCAGGTTGGGTTCTGGCCCCTGCTCCATT,74.44569170475006,9
2,1,5,CGG,(-),T>G,ATCTTGTGGAAAGGACGAGGTACCG,GCCGTTAATGCCCATGGTTT,GTTTCGAGACGATGTCACGACGTCTCGGTGC,CCCGACTTCTAGCCAGTAATGTCACAGAAA,CCATGGGCAT,CGCGGTTCTATCTAGTTACGCGTTA,GCCGTTAATGCCCATGGTTTGTTTCGAGACGATGTCACGACGTCTCGGTGCCCCGACTTCTAGCCAGTAATGTCACAGAAACCATGGGCAT,GCCGTTAATGCCCATGGTTTGTTTCAGAGCTATGCTGGAAACAGCATAGCAAGTTGAAATAAGGCTAGTCCGTTATCAACTTGAAAAAGTGGCACCGAGTCGGTGCCCCGACTTCTAGCCAGTAATGTCACAGAAACCATGGGCAT,91,146,TACAGCTGGGTCTGACCTCTGAGTCCAGGGTCAGGTGATTTTGCTTAGCCTCAAGTGCTCAGATTCTGCTGATATTTTGCAAGACCTGGACTCTCTTGACACCCAGGATTCTTTCCTCAGGGGACATGCTGCCTATAGTTCTGCAGTTAACATCCTCCTTGGCCATGGCACCAGGGTCGGAGCCACGTACTTCATGACCTACCACACCGTGCTGCAGACCTCTGCTGACTTTATTGACGCTCTGAAGAAAGCCCGACTTcTAGCCAGTAATGTCACaGAAACCATGGGCATTAACGGCAGTGCCTACCGAGTATTTCCTTACAGGTAAAGCCTGCCCTTTTTCAATGGGGTTTACCCAGCAAAGGGCCTACACTGGGTGGGAGTGGGGAGGGTTCCCTTGGCAAGATGCTGATTTTCAGGTTGGGTTCTGGCCCCTGCTCCATT,76.84930562973022,17
1,1,5,CGG,(-),T>C,ATCTTGTGGAAAGGACGAGGTACCG,GCCGTTAATGCCCATGGTTT,GTTTCGAGACGCTGAAATACCGTCTCGGTGC,CCCGACTTGTAGCCAGTAATGTCACAGAAA,CCATGGGCAT,CGCGGTTCTATCTAGTTACGCGTTA,GCCGTTAATGCCCATGGTTTGTTTCGAGACGCTGAAATACCGTCTCGGTGCCCCGACTTGTAGCCAGTAATGTCACAGAAACCATGGGCAT,GCCGTTAATGCCCATGGTTTGTTTCAGAGCTATGCTGGAAACAGCATAGCAAGTTGAAATAAGGCTAGTCCGTTATCAACTTGAAAAAGTGGCACCGAGTCGGTGCCCCGACTTGTAGCCAGTAATGTCACAGAAACCATGGGCAT,91,146,TACAGCTGGGTCTGACCTCTGAGTCCAGGGTCAGGTGATTTTGCTTAGCCTCAAGTGCTCAGATTCTGCTGATATTTTGCAAGACCTGGACTCTCTTGACACCCAGGATTCTTTCCTCAGGGGACATGCTGCCTATAGTTCTGCAGTTAACATCCTCCTTGGCCATGGCACCAGGGTCGGAGCCACGTACTTCATGACCTACCACACCGTGCTGCAGACCTCTGCTGACTTTATTGACGCTCTGAAGAAAGCCCGACTTgTAGCCAGTAATGTCACaGAAACCATGGGCATTAACGGCAGTGCCTACCGAGTATTTCCTTACAGGTAAAGCCTGCCCTTTTTCAATGGGGTTTACCCAGCAAAGGGCCTACACTGGGTGGGAGTGGGGAGGGTTCCCTTGGCAAGATGCTGATTTTCAGGTTGGGTTCTGGCCCCTGCTCCATT,77.05154418945312,17
1,1,4,CGG,(-),A>G,ATCTTGTGGAAAGGACGAGGTACCG,GCCGTTAATGCCCATGGTTT,GTTTCGAGACGCCGAGCGGTCGTCTCGGTGC,CCCGACTTATAGCCAGTAATTGAACAGAAA,CCATGGGCAT,CGCGGTTCTATCTAGTTACGCGTTA,GCCGTTAATGCCCATGGTTTGTTTCGAGACGCCGAGCGGTCGTCTCGGTGCCCCGACTTATAGCCAGTAATTGAACAGAAACCATGGGCAT,GCCGTTAATGCCCATGGTTTGTTTCAGAGCTATGCTGGAAACAGCATAGCAAGTTGAAATAAGGCTAGTCCGTTATCAACTTGAAAAAGTGGCACCGAGTCGGTGCCCCGACTTATAGCCAGTAATTGAACAGAAACCATGGGCAT,91,146,TACAGCTGGGTCTGACCTCTGAGTCCAGGGTCAGGTGATTTTGCTTAGCCTCAAGTGCTCAGATTCTGCTGATATTTTGCAAGACCTGGACTCTCTTGACACCCAGGATTCTTTCCTCAGGGGACATGCTGCCTATAGTTCTGCAGTTAACATCCTCCTTGGCCATGGCACCAGGGTCGGAGCCACGTACTTCATGACCTACCACACCGTGCTGCAGACCTC-GCTGACTTTATTGACGCTCTGAAGAAAGCCCGACTTATAGCCAGTAATGTCACCGAAACCATGGGCATTAACGGCAGTGCCTACCGAGTATTTCCTTACAGGTAAAGCCTGCCCTTTTTCAATGGGGTTTACCCAGCAAAGGGCCTACACTGGGTGGGAGTGGGGAGGGTTCCCTTGGCAAGATGCTGATTTTCAGGTTGGGTTCTGGCCCCTGCTCCATT,77.19959914684296,17
1,1,4,CGG,(-),A>G,ATCTTGTGGAAAGGACGAGGTACCG,GCCGTTAATGCCCATGGTTT,GTTTCGAGACGCACTCGGTCCGTCTCGGTGC,CCCGACTTATAGCCATAATGTCACCGAAA,CCATGGGCAT,CGCGGTTCTATCTAGTTACGCGTTA,GCCGTTAATGCCCATGGTTTGTTTCGAGACGCACTCGGTCCGTCTCGGTGCCCCGACTTATAGCCATAATGTCACCGAAACCATGGGCAT,GCCGTTAATGCCCATGGTTTGTTTCAGAGCTATGCTGGAAACAGCATAGCAAGTTGAAATAAGGCTAGTCCGTTATCAACTTGAAAAAGTGGCACCGAGTCGGTGCCCCGACTTATAGCCATAATGTCACCGAAACCATGGGCAT,90,145,TACAGCTGGGTCTGACCTCTGAGTCCAGGGTCAGGTGATTTTGCTTAGCCTCAAGTGCTCAGATTCTGCTGATATTTTGCAAGACCTGGACTCTCTTGACACCCAGGATTCTTTCCTCAGGGGACATGCTGCCTATAGTTCTGCAGTTAACATCCTCCTTGGCCATGGCACCAGGGTCGGAGCCACGTACTTCATGACCTACCACACCGTGCTGCAGACCTC-GCTGACTTTATTGACGCTCTGAAGAAAGCCCGACTTATAGCCAGTAATGTCACCGAAACCATGGGCATTAACGGCAGTGCCTACCGAGTATTTCCTTACAGGTAAAGCCTGCCCTTTTTCAATGGGGTTTACCCAGCAAAGGGCCTACACTGGGTGGGAGTGGGGAGGGTTCCCTTGGCAAGATGCTGATTTTCAGGTTGGGTTCTGGCCCCTGCTCCATT,77.19959914684296,17
1,2,4,TGG,(-),A>C,ATCTTGTGGAAAGGACGAGGTACCG,GATGGTTTCGGTGACATTAC,GTTTCGAGACGGGGGTGTTCCGTCTCGGTGC,GAAGAAAGCCCGACTGATAGCAAGTA,ATGTCACCGAAAC,CGCGGTTCTATCTAGTTACGCGTTA,GATGGTTTCGGTGACATTACGTTTCGAGACGGGGGTGTTCCGTCTCGGTGCGAAGAAAGCCCGACTGATAGCAAGTAATGTCACCGAAAC,GATGGTTTCGGTGACATTACGTTTCAGAGCTATGCTGGAAACAGCATAGCAAGTTGAAATAAGGCTAGTCCGTTATCAACTTGAAAAAGTGGCACCGAGTCGGTGCGAAGAAAGCCCGACTGATAGCAAGTAATGTCACCGAAAC,90,145,TACAGCTGGGTCTGACCTCTGAGTCCAGGGTCAGGTGATTTTGCTTAGCCTCAAGTGCTCAGATTCTGCTGATATTTTGCAAGACCTGGACTCTCTTGACACCCAGGATTCTTTCCTCAGGGGACATGCTGCCTATAGTTCTGCAGTTAACATCCTCCTTGGCCATGGCACCAGGGTCGGAGCCACGTACTTCATGACCTACCACACCGTGCTGCAGACCTCTGCTGACTTTATTGACGCTCTGAAGAAAGCCCGACTgATAGCaAGTAATGTCACCGAAACCATGGGCATTAACGGCAGTGCCTACCGAGTATTTCCTTACAGGTAAAGCCTGCCCTTTTTCAATGGGGTTTACCCAGCAAAGGGCCTACACTGGGTGGGAGTGGGGAGGGTTCCCTTGGCAAGATGCTGATTTTCAGGTTGGGTTCTGGCCCCTGCTCCATT,76.5768051147461,21
1,2,3,TGG,(-),A>T,ATCTTGTGGAAAGGACGAGGTACCG,GATGGTTTCGGTGACATTAC,GTTTCGAGACGTCAGACAACCGTCTCGGTGC,GAAGAAAGCCCGACATATAGCAAGTA,ATGTCACCGAAAC,CGCGGTTCTATCTAGTTACGCGTTA,GATGGTTTCGGTGACATTACGTTTCGAGACGTCAGACAACCGTCTCGGTGCGAAGAAAGCCCGACATATAGCAAGTAATGTCACCGAAAC,GATGGTTTCGGTGACATTACGTTTCAGAGCTATGCTGGAAACAGCATAGCAAGTTGAAATAAGGCTAGTCCGTTATCAACTTGAAAAAGTGGCACCGAGTCGGTGCGAAGAAAGCCCGACATATAGCAAGTAATGTCACCGAAAC,90,145,TACAGCTGGGTCTGACCTCTGAGTCCAGGGTCAGGTGATTTTGCTTAGCCTCAAGTGCTCAGATTCTGCTGATATTTTGCAAGACCTGGACTCTCTTGACACCCAGGATTCTTTCCTCAGGGGACATGCTGCCTATAGTTCTGCAGTTAACATCCTCCTTGGCCATGGCACCAGGGTCGGAGCCACGTACTTCATGACCTACCACACCGTGCTGCAGACCTCTGCTGACTTTATTGACGCTCTGAAGAAAGCCCGACaTATAGCaAGTAATGTCACCGAAACCATGGGCATTAACGGCAGTGCCTACCGAGTATTTCCTTACAGGTAAAGCCTGCCCTTTTTCAATGGGGTTTACCCAGCAAAGGGCCTACACTGGGTGGGAGTGGGGAGGGTTCCCTTGGCAAGATGCTGATTTTCAGGTTGGGTTCTGGCCCCTGCTCCATT,77.02231407165527,21
1,2,4,TGG,(-),A>T,ATCTTGTGGAAAGGACGAGGTACCG,GATGGTTTCGGTGACATTAC,GTTTCGAGACGACGAGTGCCCGTCTCGGTGC,GCCCGACTAATAGCAAGTA,ATGTCACCGAAAC,CGCGGTTCTATCTAGTTACGCGTTA,GATGGTTTCGGTGACATTACGTTTCGAGACGACGAGTGCCCGTCTCGGTGCGCCCGACTAATAGCAAGTAATGTCACCGAAAC,GATGGTTTCGGTGACATTACGTTTCAGAGCTATGCTGGAAACAGCATAGCAAGTTGAAATAAGGCTAGTCCGTTATCAACTTGAAAAAGTGGCACCGAGTCGGTGCGCCCGACTAATAGCAAGTAATGTCACCGAAAC,83,138,TACAGCTGGGTCTGACCTCTGAGTCCAGGGTCAGGTGATTTTGCTTAGCCTCAAGTGCTCAGATTCTGCTGATATTTTGCAAGACCTGGACTCTCTTGACACCCAGGATTCTTTCCTCAGGGGACATGCTGCCTATAGTTCTGCAGTTAACATCCTCCTTGGCCATGGCACCAGGGTCGGAGCCACGTACTTCATGACCTACCACACCGTGCTGCAGACCTCTGCTGACTTTATTGACGCTCTGAAGAAAGCCCGACTaATAGCaAGTAATGTCACCGAAACCATGGGCATTAACGGCAGTGCCTACCGAGTATTTCCTTACAGGTAAAGCCTGCCCTTTTTCAATGGGGTTTACCCAGCAAAGGGCCTACACTGGGTGGGAGTGGGGAGGGTTCCCTTGGCAAGATGCTGATTTTCAGGTTGGGTTCTGGCCCCTGCTCCATT,77.27019488811493,28
2,2,5,TGG,(-),T>A,ATCTTGTGGAAAGGACGAGGTACCG,GATGGTTTCGGTGACATTAC,GTTTCGAGACGTGCCAATGCCGTCTCGGTGC,TCTGAAGAAAGCCCGACTTTTAGCAAGTA,ATGTCACCGAAAC,CGCGGTTCTATCTAGTTACGCGTTA,GATGGTTTCGGTGACATTACGTTTCGAGACGTGCCAATGCCGTCTCGGTGCTCTGAAGAAAGCCCGACTTTTAGCAAGTAATGTCACCGAAAC,GATGGTTTCGGTGACATTACGTTTCAGAGCTATGCTGGAAACAGCATAGCAAGTTGAAATAAGGCTAGTCCGTTATCAACTTGAAAAAGTGGCACCGAGTCGGTGCTCTGAAGAAAGCCCGACTTTTAGCAAGTAATGTCACCGAAAC,93,148,TACAGCTGGGTCTGACCTCTGAGTCCAGGGTCAGGTGATTTTGCTTAGCCTCAAGTGCTCAGATTCTGCTGATATTTTGCAAGACCTGGACTCTCTTGACACCCAGGATTCTTTCCTCAGGGGACATGCTGCCTATAGTTCTGCAGTTAACATCCTCCTTGGCCATGGCACCAGGGTCGGAGCCACGTACTTCATGACCTACCACACCGTGCTGCAGACCTCTGCTGACTTTATTGACGCTCTGAAGAAAGCCCGACTTtTAGCaAGTAATGTCACCGAAACCATGGGCATTAACGGCAGTGCCTACCGAGTATTTCCTTACAGGTAAAGCCTGCCCTTTTTCAATGGGGTTTACCCAGCAAAGGGCCTACACTGGGTGGGAGTGGGGAGGGTTCCCTTGGCAAGATGCTGATTTTCAGGTTGGGTTCTGGCCCCTGCTCCATT,55.38114309310913,18
1,2,5,TGG,(-),T>G,ATCTTGTGGAAAGGACGAGGTACCG,GATGGTTTCGGTGACATTAC,GTTTCGAGACGGCGGATTAACGTCTCGGTGC,GAAGAAAGCCCGACTTCTAGCAAGTA,ATGTCACCGAAAC,CGCGGTTCTATCTAGTTACGCGTTA,GATGGTTTCGGTGACATTACGTTTCGAGACGGCGGATTAACGTCTCGGTGCGAAGAAAGCCCGACTTCTAGCAAGTAATGTCACCGAAAC,GATGGTTTCGGTGACATTACGTTTCAGAGCTATGCTGGAAACAGCATAGCAAGTTGAAATAAGGCTAGTCCGTTATCAACTTGAAAAAGTGGCACCGAGTCGGTGCGAAGAAAGCCCGACTTCTAGCAAGTAATGTCACCGAAAC,90,145,TACAGCTGGGTCTGACCTCTGAGTCCAGGGTCAGGTGATTTTGCTTAGCCTCAAGTGCTCAGATTCTGCTGATATTTTGCAAGACCTGGACTCTCTTGACACCCAGGATTCTTTCCTCAGGGGACATGCTGCCTATAGTTCTGCAGTTAACATCCTCCTTGGCCATGGCACCAGGGTCGGAGCCACGTACTTCATGACCTACCACACCGTGCTGCAGACCTCTGCTGACTTTATTGACGCTCTGAAGAAAGCCCGACTTcTAGCaAGTAATGTCACCGAAACCATGGGCATTAACGGCAGTGCCTACCGAGTATTTCCTTACAGGTAAAGCCTGCCCTTTTTCAATGGGGTTTACCCAGCAAAGGGCCTACACTGGGTGGGAGTGGGGAGGGTTCCCTTGGCAAGATGCTGATTTTCAGGTTGGGTTCTGGCCCCTGCTCCATT,77.07685232162476,21
1,2,3,TGG,(-),A>C,ATCTTGTGGAAAGGACGAGGTACCG,GATGGTTTCGGTGACATTAC,GTTTCGAGACGTAGGTAGGGCGTCTCGGTGC,GAAGAAAGCCCGACGTATAGCAAGTA,ATGTCACCGAAAC,CGCGGTTCTATCTAGTTACGCGTTA,GATGGTTTCGGTGACATTACGTTTCGAGACGTAGGTAGGGCGTCTCGGTGCGAAGAAAGCCCGACGTATAGCAAGTAATGTCACCGAAAC,GATGGTTTCGGTGACATTACGTTTCAGAGCTATGCTGGAAACAGCATAGCAAGTTGAAATAAGGCTAGTCCGTTATCAACTTGAAAAAGTGGCACCGAGTCGGTGCGAAGAAAGCCCGACGTATAGCAAGTAATGTCACCGAAAC,90,145,TACAGCTGGGTCTGACCTCTGAGTCCAGGGTCAGGTGATTTTGCTTAGCCTCAAGTGCTCAGATTCTGCTGATATTTTGCAAGACCTGGACTCTCTTGACACCCAGGATTCTTTCCTCAGGGGACATGCTGCCTATAGTTCTGCAGTTAACATCCTCCTTGGCCATGGCACCAGGGTCGGAGCCACGTACTTCATGACCTACCACACCGTGCTGCAGACCTCTGCTGACTTTATTGACGCTCTGAAGAAAGCCCGACgTATAGCaAGTAATGTCACCGAAACCATGGGCATTAACGGCAGTGCCTACCGAGTATTTCCTTACAGGTAAAGCCTGCCCTTTTTCAATGGGGTTTACCCAGCAAAGGGCCTACACTGGGTGGGAGTGGGGAGGGTTCCCTTGGCAAGATGCTGATTTTCAGGTTGGGTTCTGGCCCCTGCTCCATT,76.99439525604248,21
1,2,3,TGG,(-),A>G,ATCTTGTGGAAAGGACGAGGTACCG,GATGGTTTCGGTGACATTAC,GTTTCGAGACGCCCTGTAAACGTCTCGGTGC,GAAGAAAGCCCGACCTATAGCAAGTA,ATGTCACCGAAAC,CGCGGTTCTATCTAGTTACGCGTTA,GATGGTTTCGGTGACATTACGTTTCGAGACGCCCTGTAAACGTCTCGGTGCGAAGAAAGCCCGACCTATAGCAAGTAATGTCACCGAAAC,GATGGTTTCGGTGACATTACGTTTCAGAGCTATGCTGGAAACAGCATAGCAAGTTGAAATAAGGCTAGTCCGTTATCAACTTGAAAAAGTGGCACCGAGTCGGTGCGAAGAAAGCCCGACCTATAGCAAGTAATGTCACCGAAAC,90,145,TACAGCTGGGTCTGACCTCTGAGTCCAGGGTCAGGTGATTTTGCTTAGCCTCAAGTGCTCAGATTCTGCTGATATTTTGCAAGACCTGGACTCTCTTGACACCCAGGATTCTTTCCTCAGGGGACATGCTGCCTATAGTTCTGCAGTTAACATCCTCCTTGGCCATGGCACCAGGGTCGGAGCCACGTACTTCATGACCTACCACACCGTGCTGCAGACCTCTGCTGACTTTATTGACGCTCTGAAGAAAGCCCGACcTATAGCaAGTAATGTCACCGAAACCATGGGCATTAACGGCAGTGCCTACCGAGTATTTCCTTACAGGTAAAGCCTGCCCTTTTTCAATGGGGTTTACCCAGCAAAGGGCCTACACTGGGTGGGAGTGGGGAGGGTTCCCTTGGCAAGATGCTGATTTTCAGGTTGGGTTCTGGCCCCTGCTCCATT,75.76293349266052,21
2,2,4,TGG,(-),A>G,ATCTTGTGGAAAGGACGAGGTACCG,GATGGTTTCGGTGACATTAC,GTTTCGAGACGTAGTTTAATCGTCTCGGTGC,GCCCGACTCATAGCAAGTA,ATGTCACCGAAAC,CGCGGTTCTATCTAGTTACGCGTTA,GATGGTTTCGGTGACATTACGTTTCGAGACGTAGTTTAATCGTCTCGGTGCGCCCGACTCATAGCAAGTAATGTCACCGAAAC,GATGGTTTCGGTGACATTACGTTTCAGAGCTATGCTGGAAACAGCATAGCAAGTTGAAATAAGGCTAGTCCGTTATCAACTTGAAAAAGTGGCACCGAGTCGGTGCGCCCGACTCATAGCAAGTAATGTCACCGAAAC,83,138,TACAGCTGGGTCTGACCTCTGAGTCCAGGGTCAGGTGATTTTGCTTAGCCTCAAGTGCTCAGATTCTGCTGATATTTTGCAAGACCTGGACTCTCTTGACACCCAGGATTCTTTCCTCAGGGGACATGCTGCCTATAGTTCTGCAGTTAACATCCTCCTTGGCCATGGCACCAGGGTCGGAGCCACGTACTTCATGACCTACCACACCGTGCTGCAGACCTCTGCTGACTTTATTGACGCTCTGAAGAAAGCCCGACTcATAGCaAGTAATGTCACCGAAACCATGGGCATTAACGGCAGTGCCTACCGAGTATTTCCTTACAGGTAAAGCCTGCCCTTTTTCAATGGGGTTTACCCAGCAAAGGGCCTACACTGGGTGGGAGTGGGGAGGGTTCCCTTGGCAAGATGCTGATTTTCAGGTTGGGTTCTGGCCCCTGCTCCATT,76.98976695537567,28
2,2,5,TGG,(-),T>C,ATCTTGTGGAAAGGACGAGGTACCG,GATGGTTTCGGTGACATTAC,GTTTCGAGACGACTTACCTCCGTCTCGGTGC,GCCCGACTTGTAGCAAGTA,ATGTCACCGAAAC,CGCGGTTCTATCTAGTTACGCGTTA,GATGGTTTCGGTGACATTACGTTTCGAGACGACTTACCTCCGTCTCGGTGCGCCCGACTTGTAGCAAGTAATGTCACCGAAAC,GATGGTTTCGGTGACATTACGTTTCAGAGCTATGCTGGAAACAGCATAGCAAGTTGAAATAAGGCTAGTCCGTTATCAACTTGAAAAAGTGGCACCGAGTCGGTGCGCCCGACTTGTAGCAAGTAATGTCACCGAAAC,83,138,TACAGCTGGGTCTGACCTCTGAGTCCAGGGTCAGGTGATTTTGCTTAGCCTCAAGTGCTCAGATTCTGCTGATATTTTGCAAGACCTGGACTCTCTTGACACCCAGGATTCTTTCCTCAGGGGACATGCTGCCTATAGTTCTGCAGTTAACATCCTCCTTGGCCATGGCACCAGGGTCGGAGCCACGTACTTCATGACCTACCACACCGTGCTGCAGACCTCTGCTGACTTTATTGACGCTCTGAAGAAAGCCCGACTTgTAGCaAGTAATGTCACCGAAACCATGGGCATTAACGGCAGTGCCTACCGAGTATTTCCTTACAGGTAAAGCCTGCCCTTTTTCAATGGGGTTTACCCAGCAAAGGGCCTACACTGGGTGGGAGTGGGGAGGGTTCCCTTGGCAAGATGCTGATTTTCAGGTTGGGTTCTGGCCCCTGCTCCATT,77.02685594558716,28
2,2,1,TGG,(-),T>A,ATCTTGTGGAAAGGACGAGGTACCG,GATGGTTTCGGTGACATTAC,GTTTCGAGACGTGTTACTTGCGTCTCGGTGC,GAAGAAAGCCCGTCTTATAGCAAGTA,ATGTCACCGAAA,CGCGGTTCTATCTAGTTACGCGTTA,GATGGTTTCGGTGACATTACGTTTCGAGACGTGTTACTTGCGTCTCGGTGCGAAGAAAGCCCGTCTTATAGCAAGTAATGTCACCGAAA,GATGGTTTCGGTGACATTACGTTTCAGAGCTATGCTGGAAACAGCATAGCAAGTTGAAATAAGGCTAGTCCGTTATCAACTTGAAAAAGTGGCACCGAGTCGGTGCGAAGAAAGCCCGTCTTATAGCAAGTAATGTCACCGAAA,89,144,TACAGCTGGGTCTGACCTCTGAGTCCAGGGTCAGGTGATTTTGCTTAGCCTCAAGTGCTCAGATTCTGCTGATATTTTGCAAGACCTGGACTCTCTTGACACCCAGGATTCTTTCCTCAGGGGACATGCTGCCTATAGTTCTGCAGTTAACATCCTCCTTGGCCATGGCACCAGGGTCGGAGCCACGTACTTCATGACCTACCACACCGTGCTGCAGACCTCTGCTGACTTTATTGACGCTCTGAAGAAAGCCCGtCTTATAGCaAGTAATGTCACCGAAACCATGGGCATTAACGGCAGTGCCTACCGAGTATTTCCTTACAGGTAAAGCCTGCCCTTTTTCAATGGGGTTTACCCAGCAAAGGGCCTACACTGGGTGGGAGTGGGGAGGGTTCCCTTGGCAAGATGCTGATTTTCAGGTTGGGTTCTGGCCCCTGCTCCATT,73.38845431804657,21
1,2,2,TGG,(-),G>C,ATCTTGTGGAAAGGACGAGGTACCG,GATGGTTTCGGTGACATTAC,GTTTCGAGACGAAACGACCTCGTCTCGGTGC,GAAGAAAGCCCGAGTTATAGCAAGTA,ATGTCACCGAAAC,CGCGGTTCTATCTAGTTACGCGTTA,GATGGTTTCGGTGACATTACGTTTCGAGACGAAACGACCTCGTCTCGGTGCGAAGAAAGCCCGAGTTATAGCAAGTAATGTCACCGAAAC,GATGGTTTCGGTGACATTACGTTTCAGAGCTATGCTGGAAACAGCATAGCAAGTTGAAATAAGGCTAGTCCGTTATCAACTTGAAAAAGTGGCACCGAGTCGGTGCGAAGAAAGCCCGAGTTATAGCAAGTAATGTCACCGAAAC,90,145,TACAGCTGGGTCTGACCTCTGAGTCCAGGGTCAGGTGATTTTGCTTAGCCTCAAGTGCTCAGATTCTGCTGATATTTTGCAAGACCTGGACTCTCTTGACACCCAGGATTCTTTCCTCAGGGGACATGCTGCCTATAGTTCTGCAGTTAACATCCTCCTTGGCCATGGCACCAGGGTCGGAGCCACGTACTTCATGACCTACCACACCGTGCTGCAGACCTCTGCTGACTTTATTGACGCTCTGAAGAAAGCCCGAgTTATAGCaAGTAATGTCACCGAAACCATGGGCATTAACGGCAGTGCCTACCGAGTATTTCCTTACAGGTAAAGCCTGCCCTTTTTCAATGGGGTTTACCCAGCAAAGGGCCTACACTGGGTGGGAGTGGGGAGGGTTCCCTTGGCAAGATGCTGATTTTCAGGTTGGGTTCTGGCCCCTGCTCCATT,75.84278285503387,21
2,2,1,TGG,(-),T>G,ATCTTGTGGAAAGGACGAGGTACCG,GATGGTTTCGGTGACATTAC,GTTTCGAGACGGATCTGTTTCGTCTCGGTGC,GAAGAAAGCCCGCCTTATAGCAAGTA,ATGTCACCGAAA,CGCGGTTCTATCTAGTTACGCGTTA,GATGGTTTCGGTGACATTACGTTTCGAGACGGATCTGTTTCGTCTCGGTGCGAAGAAAGCCCGCCTTATAGCAAGTAATGTCACCGAAA,GATGGTTTCGGTGACATTACGTTTCAGAGCTATGCTGGAAACAGCATAGCAAGTTGAAATAAGGCTAGTCCGTTATCAACTTGAAAAAGTGGCACCGAGTCGGTGCGAAGAAAGCCCGCCTTATAGCAAGTAATGTCACCGAAA,89,144,TACAGCTGGGTCTGACCTCTGAGTCCAGGGTCAGGTGATTTTGCTTAGCCTCAAGTGCTCAGATTCTGCTGATATTTTGCAAGACCTGGACTCTCTTGACACCCAGGATTCTTTCCTCAGGGGACATGCTGCCTATAGTTCTGCAGTTAACATCCTCCTTGGCCATGGCACCAGGGTCGGAGCCACGTACTTCATGACCTACCACACCGTGCTGCAGACCTCTGCTGACTTTATTGACGCTCTGAAGAAAGCCCGcCTTATAGCaAGTAATGTCACCGAAACCATGGGCATTAACGGCAGTGCCTACCGAGTATTTCCTTACAGGTAAAGCCTGCCCTTTTTCAATGGGGTTTACCCAGCAAAGGGCCTACACTGGGTGGGAGTGGGGAGGGTTCCCTTGGCAAGATGCTGATTTTCAGGTTGGGTTCTGGCCCCTGCTCCATT,73.96940588951111,21
2,2,2,TGG,(-),G>A,ATCTTGTGGAAAGGACGAGGTACCG,GATGGTTTCGGTGACATTAC,GTTTCGAGACGTAGCCCTGCCGTCTCGGTGC,GAAGAAAGCCCGATTTATAGCAAGTA,ATGTCACCGAAA,CGCGGTTCTATCTAGTTACGCGTTA,GATGGTTTCGGTGACATTACGTTTCGAGACGTAGCCCTGCCGTCTCGGTGCGAAGAAAGCCCGATTTATAGCAAGTAATGTCACCGAAA,GATGGTTTCGGTGACATTACGTTTCAGAGCTATGCTGGAAACAGCATAGCAAGTTGAAATAAGGCTAGTCCGTTATCAACTTGAAAAAGTGGCACCGAGTCGGTGCGAAGAAAGCCCGATTTATAGCAAGTAATGTCACCGAAA,89,144,TACAGCTGGGTCTGACCTCTGAGTCCAGGGTCAGGTGATTTTGCTTAGCCTCAAGTGCTCAGATTCTGCTGATATTTTGCAAGACCTGGACTCTCTTGACACCCAGGATTCTTTCCTCAGGGGACATGCTGCCTATAGTTCTGCAGTTAACATCCTCCTTGGCCATGGCACCAGGGTCGGAGCCACGTACTTCATGACCTACCACACCGTGCTGCAGACCTCTGCTGACTTTATTGACGCTCTGAAGAAAGCCCGAtTTATAGCaAGTAATGTCACCGAAACCATGGGCATTAACGGCAGTGCCTACCGAGTATTTCCTTACAGGTAAAGCCTGCCCTTTTTCAATGGGGTTTACCCAGCAAAGGGCCTACACTGGGTGGGAGTGGGGAGGGTTCCCTTGGCAAGATGCTGATTTTCAGGTTGGGTTCTGGCCCCTGCTCCATT,70.74065506458282,21
1,2,1,TGG,(-),T>C,ATCTTGTGGAAAGGACGAGGTACCG,GATGGTTTCGGTGACATTAC,GTTTCGAGACGAACAGGGTACGTCTCGGTGC,GAAGAAAGCCCGGCTTATAGCAAGTA,ATGTCACCGAAAC,CGCGGTTCTATCTAGTTACGCGTTA,GATGGTTTCGGTGACATTACGTTTCGAGACGAACAGGGTACGTCTCGGTGCGAAGAAAGCCCGGCTTATAGCAAGTAATGTCACCGAAAC,GATGGTTTCGGTGACATTACGTTTCAGAGCTATGCTGGAAACAGCATAGCAAGTTGAAATAAGGCTAGTCCGTTATCAACTTGAAAAAGTGGCACCGAGTCGGTGCGAAGAAAGCCCGGCTTATAGCAAGTAATGTCACCGAAAC,90,145,TACAGCTGGGTCTGACCTCTGAGTCCAGGGTCAGGTGATTTTGCTTAGCCTCAAGTGCTCAGATTCTGCTGATATTTTGCAAGACCTGGACTCTCTTGACACCCAGGATTCTTTCCTCAGGGGACATGCTGCCTATAGTTCTGCAGTTAACATCCTCCTTGGCCATGGCACCAGGGTCGGAGCCACGTACTTCATGACCTACCACACCGTGCTGCAGACCTCTGCTGACTTTATTGACGCTCTGAAGAAAGCCCGgCTTATAGCaAGTAATGTCACCGAAACCATGGGCATTAACGGCAGTGCCTACCGAGTATTTCCTTACAGGTAAAGCCTGCCCTTTTTCAATGGGGTTTACCCAGCAAAGGGCCTACACTGGGTGGGAGTGGGGAGGGTTCCCTTGGCAAGATGCTGATTTTCAGGTTGGGTTCTGGCCCCTGCTCCATT,75.22680163383484,21
3,2,2,TGG,(-),G>T,ATCTTGTGGAAAGGACGAGGTACCG,GATGGTTTCGGTGACATTAC,GTTTCGAGACGTTTTGGGTCCGTCTCGGTGC,GAAGAAAGCCCGAATTATAGCAAGTA,ATGTCACCGAAAC,CGCGGTTCTATCTAGTTACGCGTTA,GATGGTTTCGGTGACATTACGTTTCGAGACGTTTTGGGTCCGTCTCGGTGCGAAGAAAGCCCGAATTATAGCAAGTAATGTCACCGAAAC,GATGGTTTCGGTGACATTACGTTTCAGAGCTATGCTGGAAACAGCATAGCAAGTTGAAATAAGGCTAGTCCGTTATCAACTTGAAAAAGTGGCACCGAGTCGGTGCGAAGAAAGCCCGAATTATAGCAAGTAATGTCACCGAAAC,90,145,TACAGCTGGGTCTGACCTCTGAGTCCAGGGTCAGGTGATTTTGCTTAGCCTCAAGTGCTCAGATTCTGCTGATATTTTGCAAGACCTGGACTCTCTTGACACCCAGGATTCTTTCCTCAGGGGACATGCTGCCTATAGTTCTGCAGTTAACATCCTCCTTGGCCATGGCACCAGGGTCGGAGCCACGTACTTCATGACCTACCACACCGTGCTGCAGACCTCTGCTGACTTTATTGACGCTCTGAAGAAAGCCCGAaTTATAGCaAGTAATGTCACCGAAACCATGGGCATTAACGGCAGTGCCTACCGAGTATTTCCTTACAGGTAAAGCCTGCCCTTTTTCAATGGGGTTTACCCAGCAAAGGGCCTACACTGGGTGGGAGTGGGGAGGGTTCCCTTGGCAAGATGCTGATTTTCAGGTTGGGTTCTGGCCCCTGCTCCATT,75.21093785762787,21
1,2,4,TGG,(-),A>T,ATCTTGTGGAAAGGACGAGGTACCG,GATGGTTTCGGTGACATTAC,GTTTCGAGACGAAACCGACACGTCTCGGTGC,GCCCGACTTTGAGCAAGTA,ATGTCACCGAAAC,CGCGGTTCTATCTAGTTACGCGTTA,GATGGTTTCGGTGACATTACGTTTCGAGACGAAACCGACACGTCTCGGTGCGCCCGACTTTGAGCAAGTAATGTCACCGAAAC,GATGGTTTCGGTGACATTACGTTTCAGAGCTATGCTGGAAACAGCATAGCAAGTTGAAATAAGGCTAGTCCGTTATCAACTTGAAAAAGTGGCACCGAGTCGGTGCGCCCGACTTTGAGCAAGTAATGTCACCGAAAC,83,138,TACAGCTGGGTCTGACCTCTGAGTCCAGGGTCAGGTGATTTTGCTTAGCCTCAAGTGCTCAGATTCTGCTGATATTTTGCAAGACCTGGACTCTCTTGACACCCAGGATTCTTTCCTCAGGGGACATGCTGCCTATAGTTCTGCAGTTAACATCCTCCTTGGCCATGGCACCAGGGTCGGAGCCACGTACTTCATGACCTACCACACCGTGCTGCAGACCTC-GCTGACTTTATTGACGCTCTGAAGAAAGCCCGACTTATAGCCAGTAATGTCACCGAAACCATGGGCATTAACGGCAGTGCCTACCGAGTATTTCCTTACAGGTAAAGCCTGCCCTTTTTCAATGGGGTTTACCCAGCAAAGGGCCTACACTGGGTGGGAGTGGGGAGGGTTCCCTTGGCAAGATGCTGATTTTCAGGTTGGGTTCTGGCCCCTGCTCCATT,77.27019488811493,28
1,2,4,TGG,(-),A>T,ATCTTGTGGAAAGGACGAGGTACCG,GATGGTTTCGGTGACATTAC,GTTTCGAGACGAGTTAGCAACGTCTCGGTGC,GCCCGACTTTAGCCAGTA,ATGTCACCGAAAC,CGCGGTTCTATCTAGTTACGCGTTA,GATGGTTTCGGTGACATTACGTTTCGAGACGAGTTAGCAACGTCTCGGTGCGCCCGACTTTAGCCAGTAATGTCACCGAAAC,GATGGTTTCGGTGACATTACGTTTCAGAGCTATGCTGGAAACAGCATAGCAAGTTGAAATAAGGCTAGTCCGTTATCAACTTGAAAAAGTGGCACCGAGTCGGTGCGCCCGACTTTAGCCAGTAATGTCACCGAAAC,82,137,TACAGCTGGGTCTGACCTCTGAGTCCAGGGTCAGGTGATTTTGCTTAGCCTCAAGTGCTCAGATTCTGCTGATATTTTGCAAGACCTGGACTCTCTTGACACCCAGGATTCTTTCCTCAGGGGACATGCTGCCTATAGTTCTGCAGTTAACATCCTCCTTGGCCATGGCACCAGGGTCGGAGCCACGTACTTCATGACCTACCACACCGTGCTGCAGACCTC-GCTGACTTTATTGACGCTCTGAAGAAAGCCCGACTTATAGCCAGTAATGTCACCGAAACCATGGGCATTAACGGCAGTGCCTACCGAGTATTTCCTTACAGGTAAAGCCTGCCCTTTTTCAATGGGGTTTACCCAGCAAAGGGCCTACACTGGGTGGGAGTGGGGAGGGTTCCCTTGGCAAGATGCTGATTTTCAGGTTGGGTTCTGGCCCCTGCTCCATT,77.27019488811493,28
4,3,2,CGG,(-),G>C,ATCTTGTGGAAAGGACGAGGTACCG,GGACATTACTGGCTATAAGT,GTTTCGAGACGTCTTGACCACGTCTCGGTGC,TCTGAAGAAAGCCAGAGT,TATAGCCAGTAATG,CGCGGTTCTATCTAGTTACGCGTTA,GGACATTACTGGCTATAAGTGTTTCGAGACGTCTTGACCACGTCTCGGTGCTCTGAAGAAAGCCAGAGTTATAGCCAGTAATG,GGACATTACTGGCTATAAGTGTTTCAGAGCTATGCTGGAAACAGCATAGCAAGTTGAAATAAGGCTAGTCCGTTATCAACTTGAAAAAGTGGCACCGAGTCGGTGCTCTGAAGAAAGCCAGAGTTATAGCCAGTAATG,83,138,TACAGCTGGGTCTGACCTCTGAGTCCAGGGTCAGGTGATTTTGCTTAGCCTCAAGTGCTCAGATTCTGCTGATATTTTGCAAGACCTGGACTCTCTTGACACCCAGGATTCTTTCCTCAGGGGACATGCTGCCTATAGTTCTGCAGTTAACATCCTCCTTGGCCATGGCACCAGGGTCGGAGCCACGTACTTCATGACCTACCACACCGTGCTGCAGACCTCTGCTGACTTTATTGACGCTCTGAAGAAAGCCaGAgTTATAGCCAGTAATGTCACCGAAACCATGGGCATTAACGGCAGTGCCTACCGAGTATTTCCTTACAGGTAAAGCCTGCCCTTTTTCAATGGGGTTTACCCAGCAAAGGGCCTACACTGGGTGGGAGTGGGGAGGGTTCCCTTGGCAAGATGCTGATTTTCAGGTTGGGTTCTGGCCCCTGCTCCATT,72.18351364135742,29
4,3,1,CGG,(-),T>C,ATCTTGTGGAAAGGACGAGGTACCG,GGACATTACTGGCTATAAGT,GTTTCGAGACGGCCTCTCTACGTCTCGGTGC,TCTGAAGAAAGCCAGGCT,TATAGCCAGTAATG,CGCGGTTCTATCTAGTTACGCGTTA,GGACATTACTGGCTATAAGTGTTTCGAGACGGCCTCTCTACGTCTCGGTGCTCTGAAGAAAGCCAGGCTTATAGCCAGTAATG,GGACATTACTGGCTATAAGTGTTTCAGAGCTATGCTGGAAACAGCATAGCAAGTTGAAATAAGGCTAGTCCGTTATCAACTTGAAAAAGTGGCACCGAGTCGGTGCTCTGAAGAAAGCCAGGCTTATAGCCAGTAATG,83,138,TACAGCTGGGTCTGACCTCTGAGTCCAGGGTCAGGTGATTTTGCTTAGCCTCAAGTGCTCAGATTCTGCTGATATTTTGCAAGACCTGGACTCTCTTGACACCCAGGATTCTTTCCTCAGGGGACATGCTGCCTATAGTTCTGCAGTTAACATCCTCCTTGGCCATGGCACCAGGGTCGGAGCCACGTACTTCATGACCTACCACACCGTGCTGCAGACCTCTGCTGACTTTATTGACGCTCTGAAGAAAGCCaGgCTTATAGCCAGTAATGTCACCGAAACCATGGGCATTAACGGCAGTGCCTACCGAGTATTTCCTTACAGGTAAAGCCTGCCCTTTTTCAATGGGGTTTACCCAGCAAAGGGCCTACACTGGGTGGGAGTGGGGAGGGTTCCCTTGGCAAGATGCTGATTTTCAGGTTGGGTTCTGGCCCCTGCTCCATT,69.62050497531891,29
4,3,1,CGG,(-),T>A,ATCTTGTGGAAAGGACGAGGTACCG,GGACATTACTGGCTATAAGT,GTTTCGAGACGACGCTAAGTCGTCTCGGTGC,TCTGAAGAAAGCCAGTCT,TATAGCCAGTAATG,CGCGGTTCTATCTAGTTACGCGTTA,GGACATTACTGGCTATAAGTGTTTCGAGACGACGCTAAGTCGTCTCGGTGCTCTGAAGAAAGCCAGTCTTATAGCCAGTAATG,GGACATTACTGGCTATAAGTGTTTCAGAGCTATGCTGGAAACAGCATAGCAAGTTGAAATAAGGCTAGTCCGTTATCAACTTGAAAAAGTGGCACCGAGTCGGTGCTCTGAAGAAAGCCAGTCTTATAGCCAGTAATG,83,138,TACAGCTGGGTCTGACCTCTGAGTCCAGGGTCAGGTGATTTTGCTTAGCCTCAAGTGCTCAGATTCTGCTGATATTTTGCAAGACCTGGACTCTCTTGACACCCAGGATTCTTTCCTCAGGGGACATGCTGCCTATAGTTCTGCAGTTAACATCCTCCTTGGCCATGGCACCAGGGTCGGAGCCACGTACTTCATGACCTACCACACCGTGCTGCAGACCTCTGCTGACTTTATTGACGCTCTGAAGAAAGCCaGtCTTATAGCCAGTAATGTCACCGAAACCATGGGCATTAACGGCAGTGCCTACCGAGTATTTCCTTACAGGTAAAGCCTGCCCTTTTTCAATGGGGTTTACCCAGCAAAGGGCCTACACTGGGTGGGAGTGGGGAGGGTTCCCTTGGCAAGATGCTGATTTTCAGGTTGGGTTCTGGCCCCTGCTCCATT,71.81918323040009,29
4,3,1,CGG,(-),T>G,ATCTTGTGGAAAGGACGAGGTACCG,GGACATTACTGGCTATAAGT,GTTTCGAGACGAAATCTTTGCGTCTCGGTGC,TCTGAAGAAAGCCAGCCT,TATAGCCAGTAATG,CGCGGTTCTATCTAGTTACGCGTTA,GGACATTACTGGCTATAAGTGTTTCGAGACGAAATCTTTGCGTCTCGGTGCTCTGAAGAAAGCCAGCCTTATAGCCAGTAATG,GGACATTACTGGCTATAAGTGTTTCAGAGCTATGCTGGAAACAGCATAGCAAGTTGAAATAAGGCTAGTCCGTTATCAACTTGAAAAAGTGGCACCGAGTCGGTGCTCTGAAGAAAGCCAGCCTTATAGCCAGTAATG,83,138,TACAGCTGGGTCTGACCTCTGAGTCCAGGGTCAGGTGATTTTGCTTAGCCTCAAGTGCTCAGATTCTGCTGATATTTTGCAAGACCTGGACTCTCTTGACACCCAGGATTCTTTCCTCAGGGGACATGCTGCCTATAGTTCTGCAGTTAACATCCTCCTTGGCCATGGCACCAGGGTCGGAGCCACGTACTTCATGACCTACCACACCGTGCTGCAGACCTCTGCTGACTTTATTGACGCTCTGAAGAAAGCCaGcCTTATAGCCAGTAATGTCACCGAAACCATGGGCATTAACGGCAGTGCCTACCGAGTATTTCCTTACAGGTAAAGCCTGCCCTTTTTCAATGGGGTTTACCCAGCAAAGGGCCTACACTGGGTGGGAGTGGGGAGGGTTCCCTTGGCAAGATGCTGATTTTCAGGTTGGGTTCTGGCCCCTGCTCCATT,68.28969717025757,29
2,3,2,CGG,(-),G>T,ATCTTGTGGAAAGGACGAGGTACCG,GGACATTACTGGCTATAAGT,GTTTCGAGACGTGGTTAATGCGTCTCGGTGC,TCTGAAGAAAGCCAGAAT,TATAGCCAGTAATG,CGCGGTTCTATCTAGTTACGCGTTA,GGACATTACTGGCTATAAGTGTTTCGAGACGTGGTTAATGCGTCTCGGTGCTCTGAAGAAAGCCAGAATTATAGCCAGTAATG,GGACATTACTGGCTATAAGTGTTTCAGAGCTATGCTGGAAACAGCATAGCAAGTTGAAATAAGGCTAGTCCGTTATCAACTTGAAAAAGTGGCACCGAGTCGGTGCTCTGAAGAAAGCCAGAATTATAGCCAGTAATG,83,138,TACAGCTGGGTCTGACCTCTGAGTCCAGGGTCAGGTGATTTTGCTTAGCCTCAAGTGCTCAGATTCTGCTGATATTTTGCAAGACCTGGACTCTCTTGACACCCAGGATTCTTTCCTCAGGGGACATGCTGCCTATAGTTCTGCAGTTAACATCCTCCTTGGCCATGGCACCAGGGTCGGAGCCACGTACTTCATGACCTACCACACCGTGCTGCAGACCTCTGCTGACTTTATTGACGCTCTGAAGAAAGCCaGAaTTATAGCCAGTAATGTCACCGAAACCATGGGCATTAACGGCAGTGCCTACCGAGTATTTCCTTACAGGTAAAGCCTGCCCTTTTTCAATGGGGTTTACCCAGCAAAGGGCCTACACTGGGTGGGAGTGGGGAGGGTTCCCTTGGCAAGATGCTGATTTTCAGGTTGGGTTCTGGCCCCTGCTCCATT,75.88505744934082,29
2,3,3,CGG,(-),A>T,ATCTTGTGGAAAGGACGAGGTACCG,GGACATTACTGGCTATAAGT,GTTTCGAGACGTAAAGCAGTCGTCTCGGTGC,TCTGAAGAAAGCCAGACA,TATAGCCAGTAATG,CGCGGTTCTATCTAGTTACGCGTTA,GGACATTACTGGCTATAAGTGTTTCGAGACGTAAAGCAGTCGTCTCGGTGCTCTGAAGAAAGCCAGACATATAGCCAGTAATG,GGACATTACTGGCTATAAGTGTTTCAGAGCTATGCTGGAAACAGCATAGCAAGTTGAAATAAGGCTAGTCCGTTATCAACTTGAAAAAGTGGCACCGAGTCGGTGCTCTGAAGAAAGCCAGACATATAGCCAGTAATG,83,138,TACAGCTGGGTCTGACCTCTGAGTCCAGGGTCAGGTGATTTTGCTTAGCCTCAAGTGCTCAGATTCTGCTGATATTTTGCAAGACCTGGACTCTCTTGACACCCAGGATTCTTTCCTCAGGGGACATGCTGCCTATAGTTCTGCAGTTAACATCCTCCTTGGCCATGGCACCAGGGTCGGAGCCACGTACTTCATGACCTACCACACCGTGCTGCAGACCTCTGCTGACTTTATTGACGCTCTGAAGAAAGCCaGACaTATAGCCAGTAATGTCACCGAAACCATGGGCATTAACGGCAGTGCCTACCGAGTATTTCCTTACAGGTAAAGCCTGCCCTTTTTCAATGGGGTTTACCCAGCAAAGGGCCTACACTGGGTGGGAGTGGGGAGGGTTCCCTTGGCAAGATGCTGATTTTCAGGTTGGGTTCTGGCCCCTGCTCCATT,76.1652410030365,29
3,3,3,CGG,(-),A>C,ATCTTGTGGAAAGGACGAGGTACCG,GGACATTACTGGCTATAAGT,GTTTCGAGACGTACTTCTGCCGTCTCGGTGC,TCTGAAGAAAGCCAGACG,TATAGCCAGTAATG,CGCGGTTCTATCTAGTTACGCGTTA,GGACATTACTGGCTATAAGTGTTTCGAGACGTACTTCTGCCGTCTCGGTGCTCTGAAGAAAGCCAGACGTATAGCCAGTAATG,GGACATTACTGGCTATAAGTGTTTCAGAGCTATGCTGGAAACAGCATAGCAAGTTGAAATAAGGCTAGTCCGTTATCAACTTGAAAAAGTGGCACCGAGTCGGTGCTCTGAAGAAAGCCAGACGTATAGCCAGTAATG,83,138,TACAGCTGGGTCTGACCTCTGAGTCCAGGGTCAGGTGATTTTGCTTAGCCTCAAGTGCTCAGATTCTGCTGATATTTTGCAAGACCTGGACTCTCTTGACACCCAGGATTCTTTCCTCAGGGGACATGCTGCCTATAGTTCTGCAGTTAACATCCTCCTTGGCCATGGCACCAGGGTCGGAGCCACGTACTTCATGACCTACCACACCGTGCTGCAGACCTCTGCTGACTTTATTGACGCTCTGAAGAAAGCCaGACgTATAGCCAGTAATGTCACCGAAACCATGGGCATTAACGGCAGTGCCTACCGAGTATTTCCTTACAGGTAAAGCCTGCCCTTTTTCAATGGGGTTTACCCAGCAAAGGGCCTACACTGGGTGGGAGTGGGGAGGGTTCCCTTGGCAAGATGCTGATTTTCAGGTTGGGTTCTGGCCCCTGCTCCATT,72.95777499675751,29
3,3,3,CGG,(-),A>G,ATCTTGTGGAAAGGACGAGGTACCG,GGACATTACTGGCTATAAGT,GTTTCGAGACGTCAAATTATCGTCTCGGTGC,GAAGAAAGCCAGACC,TATAGCCAG,CGCGGTTCTATCTAGTTACGCGTTA,GGACATTACTGGCTATAAGTGTTTCGAGACGTCAAATTATCGTCTCGGTGCGAAGAAAGCCAGACCTATAGCCAG,GGACATTACTGGCTATAAGTGTTTCAGAGCTATGCTGGAAACAGCATAGCAAGTTGAAATAAGGCTAGTCCGTTATCAACTTGAAAAAGTGGCACCGAGTCGGTGCGAAGAAAGCCAGACCTATAGCCAG,75,130,TACAGCTGGGTCTGACCTCTGAGTCCAGGGTCAGGTGATTTTGCTTAGCCTCAAGTGCTCAGATTCTGCTGATATTTTGCAAGACCTGGACTCTCTTGACACCCAGGATTCTTTCCTCAGGGGACATGCTGCCTATAGTTCTGCAGTTAACATCCTCCTTGGCCATGGCACCAGGGTCGGAGCCACGTACTTCATGACCTACCACACCGTGCTGCAGACCTCTGCTGACTTTATTGACGCTCTGAAGAAAGCCaGACcTATAGCCAGTAATGTCACCGAAACCATGGGCATTAACGGCAGTGCCTACCGAGTATTTCCTTACAGGTAAAGCCTGCCCTTTTTCAATGGGGTTTACCCAGCAAAGGGCCTACACTGGGTGGGAGTGGGGAGGGTTCCCTTGGCAAGATGCTGATTTTCAGGTTGGGTTCTGGCCCCTGCTCCATT,73.72314929962158,32
4,3,2,CGG,(-),G>A,ATCTTGTGGAAAGGACGAGGTACCG,GGACATTACTGGCTATAAGT,GTTTCGAGACGCTAAATTAACGTCTCGGTGC,TCTGAAGAAAGCCAGATT,TATAGCCAGTAATG,CGCGGTTCTATCTAGTTACGCGTTA,GGACATTACTGGCTATAAGTGTTTCGAGACGCTAAATTAACGTCTCGGTGCTCTGAAGAAAGCCAGATTTATAGCCAGTAATG,GGACATTACTGGCTATAAGTGTTTCAGAGCTATGCTGGAAACAGCATAGCAAGTTGAAATAAGGCTAGTCCGTTATCAACTTGAAAAAGTGGCACCGAGTCGGTGCTCTGAAGAAAGCCAGATTTATAGCCAGTAATG,83,138,TACAGCTGGGTCTGACCTCTGAGTCCAGGGTCAGGTGATTTTGCTTAGCCTCAAGTGCTCAGATTCTGCTGATATTTTGCAAGACCTGGACTCTCTTGACACCCAGGATTCTTTCCTCAGGGGACATGCTGCCTATAGTTCTGCAGTTAACATCCTCCTTGGCCATGGCACCAGGGTCGGAGCCACGTACTTCATGACCTACCACACCGTGCTGCAGACCTCTGCTGACTTTATTGACGCTCTGAAGAAAGCCaGAtTTATAGCCAGTAATGTCACCGAAACCATGGGCATTAACGGCAGTGCCTACCGAGTATTTCCTTACAGGTAAAGCCTGCCCTTTTTCAATGGGGTTTACCCAGCAAAGGGCCTACACTGGGTGGGAGTGGGGAGGGTTCCCTTGGCAAGATGCTGATTTTCAGGTTGGGTTCTGGCCCCTGCTCCATT,69.86635625362396,29
2,3,3,CGG,(-),A>T,ATCTTGTGGAAAGGACGAGGTACCG,GGACATTACTGGCTATAAGT,GTTTCGAGACGCTGAAATAACGTCTCGGTGC,TCTGAAGTGAGCCAGACT,TATAGCCAGTAATG,CGCGGTTCTATCTAGTTACGCGTTA,GGACATTACTGGCTATAAGTGTTTCGAGACGCTGAAATAACGTCTCGGTGCTCTGAAGTGAGCCAGACTTATAGCCAGTAATG,GGACATTACTGGCTATAAGTGTTTCAGAGCTATGCTGGAAACAGCATAGCAAGTTGAAATAAGGCTAGTCCGTTATCAACTTGAAAAAGTGGCACCGAGTCGGTGCTCTGAAGTGAGCCAGACTTATAGCCAGTAATG,83,138,TACAGCTGGGTCTGACCTCTGAGTCCAGGGTCAGGTGATTTTGCTTAGCCTCAAGTGCTCAGATTCTGCTGATATTTTGCAAGACCTGGACTCTCTTGACACCCAGGATTCTTTCCTCAGGGGACATGCTGCCTATAGTTCTGCAGTTAACATCCTCCTTGGCCATGGCACCAGGGTCGGAGCCACGTACTTCATGACCTACCACACCGTGCTGCAGACCTC-GCTGACTTTATTGACGCTCTGAAGAAAGCCCGACTTATAGCCAGTAATGTCACCGAAACCATGGGCATTAACGGCAGTGCCTACCGAGTATTTCCTTACAGGTAAAGCCTGCCCTTTTTCAATGGGGTTTACCCAGCAAAGGGCCTACACTGGGTGGGAGTGGGGAGGGTTCCCTTGGCAAGATGCTGATTTTCAGGTTGGGTTCTGGCCCCTGCTCCATT,76.1652410030365,29
2,3,3,CGG,(-),A>T,ATCTTGTGGAAAGGACGAGGTACCG,GGACATTACTGGCTATAAGT,GTTTCGAGACGGCCTCTGAACGTCTCGGTGC,TCTGAAGAAGCCCGACT,TATAGCCAGTAATG,CGCGGTTCTATCTAGTTACGCGTTA,GGACATTACTGGCTATAAGTGTTTCGAGACGGCCTCTGAACGTCTCGGTGCTCTGAAGAAGCCCGACTTATAGCCAGTAATG,GGACATTACTGGCTATAAGTGTTTCAGAGCTATGCTGGAAACAGCATAGCAAGTTGAAATAAGGCTAGTCCGTTATCAACTTGAAAAAGTGGCACCGAGTCGGTGCTCTGAAGAAGCCCGACTTATAGCCAGTAATG,82,137,TACAGCTGGGTCTGACCTCTGAGTCCAGGGTCAGGTGATTTTGCTTAGCCTCAAGTGCTCAGATTCTGCTGATATTTTGCAAGACCTGGACTCTCTTGACACCCAGGATTCTTTCCTCAGGGGACATGCTGCCTATAGTTCTGCAGTTAACATCCTCCTTGGCCATGGCACCAGGGTCGGAGCCACGTACTTCATGACCTACCACACCGTGCTGCAGACCTC-GCTGACTTTATTGACGCTCTGAAGAAAGCCCGACTTATAGCCAGTAATGTCACCGAAACCATGGGCATTAACGGCAGTGCCTACCGAGTATTTCCTTACAGGTAAAGCCTGCCCTTTTTCAATGGGGTTTACCCAGCAAAGGGCCTACACTGGGTGGGAGTGGGGAGGGTTCCCTTGGCAAGATGCTGATTTTCAGGTTGGGTTCTGGCCCCTGCTCCATT,76.1652410030365,29
1,4,2,GGG,(-),G>T,ATCTTGTGGAAAGGACGAGGTACCG,GACATTACTGGCTATAAGTC,GTTTCGAGACGGGTGCCGTCCGTCTCGGTGC,TCTGAAGAAAGCACGAA,TTATAGCCAGTAAT,CGCGGTTCTATCTAGTTACGCGTTA,GACATTACTGGCTATAAGTCGTTTCGAGACGGGTGCCGTCCGTCTCGGTGCTCTGAAGAAAGCACGAATTATAGCCAGTAAT,GACATTACTGGCTATAAGTCGTTTCAGAGCTATGCTGGAAACAGCATAGCAAGTTGAAATAAGGCTAGTCCGTTATCAACTTGAAAAAGTGGCACCGAGTCGGTGCTCTGAAGAAAGCACGAATTATAGCCAGTAAT,82,137,TACAGCTGGGTCTGACCTCTGAGTCCAGGGTCAGGTGATTTTGCTTAGCCTCAAGTGCTCAGATTCTGCTGATATTTTGCAAGACCTGGACTCTCTTGACACCCAGGATTCTTTCCTCAGGGGACATGCTGCCTATAGTTCTGCAGTTAACATCCTCCTTGGCCATGGCACCAGGGTCGGAGCCACGTACTTCATGACCTACCACACCGTGCTGCAGACCTCTGCTGACTTTATTGACGCTCTGAAGAAAGCaCGAaTTATAGCCAGTAATGTCACCGAAACCATGGGCATTAACGGCAGTGCCTACCGAGTATTTCCTTACAGGTAAAGCCTGCCCTTTTTCAATGGGGTTTACCCAGCAAAGGGCCTACACTGGGTGGGAGTGGGGAGGGTTCCCTTGGCAAGATGCTGATTTTCAGGTTGGGTTCTGGCCCCTGCTCCATT,76.18934214115143,30
3,4,1,GGG,(-),T>C,ATCTTGTGGAAAGGACGAGGTACCG,GACATTACTGGCTATAAGTC,GTTTCGAGACGGATACGTACCGTCTCGGTGC,GAAGAAAGCACGGC,TTATAGCCAGTAA,CGCGGTTCTATCTAGTTACGCGTTA,GACATTACTGGCTATAAGTCGTTTCGAGACGGATACGTACCGTCTCGGTGCGAAGAAAGCACGGCTTATAGCCAGTAA,GACATTACTGGCTATAAGTCGTTTCAGAGCTATGCTGGAAACAGCATAGCAAGTTGAAATAAGGCTAGTCCGTTATCAACTTGAAAAAGTGGCACCGAGTCGGTGCGAAGAAAGCACGGCTTATAGCCAGTAA,78,133,TACAGCTGGGTCTGACCTCTGAGTCCAGGGTCAGGTGATTTTGCTTAGCCTCAAGTGCTCAGATTCTGCTGATATTTTGCAAGACCTGGACTCTCTTGACACCCAGGATTCTTTCCTCAGGGGACATGCTGCCTATAGTTCTGCAGTTAACATCCTCCTTGGCCATGGCACCAGGGTCGGAGCCACGTACTTCATGACCTACCACACCGTGCTGCAGACCTCTGCTGACTTTATTGACGCTCTGAAGAAAGCaCGgCTTATAGCCAGTAATGTCACCGAAACCATGGGCATTAACGGCAGTGCCTACCGAGTATTTCCTTACAGGTAAAGCCTGCCCTTTTTCAATGGGGTTTACCCAGCAAAGGGCCTACACTGGGTGGGAGTGGGGAGGGTTCCCTTGGCAAGATGCTGATTTTCAGGTTGGGTTCTGGCCCCTGCTCCATT,71.94029986858368,33
3,4,2,GGG,(-),G>A,ATCTTGTGGAAAGGACGAGGTACCG,GACATTACTGGCTATAAGTC,GTTTCGAGACGCTGGTTAATCGTCTCGGTGC,TCTGAAGAAAGCACGAT,TTATAGCCAGTAA,CGCGGTTCTATCTAGTTACGCGTTA,GACATTACTGGCTATAAGTCGTTTCGAGACGCTGGTTAATCGTCTCGGTGCTCTGAAGAAAGCACGATTTATAGCCAGTAA,GACATTACTGGCTATAAGTCGTTTCAGAGCTATGCTGGAAACAGCATAGCAAGTTGAAATAAGGCTAGTCCGTTATCAACTTGAAAAAGTGGCACCGAGTCGGTGCTCTGAAGAAAGCACGATTTATAGCCAGTAA,81,136,TACAGCTGGGTCTGACCTCTGAGTCCAGGGTCAGGTGATTTTGCTTAGCCTCAAGTGCTCAGATTCTGCTGATATTTTGCAAGACCTGGACTCTCTTGACACCCAGGATTCTTTCCTCAGGGGACATGCTGCCTATAGTTCTGCAGTTAACATCCTCCTTGGCCATGGCACCAGGGTCGGAGCCACGTACTTCATGACCTACCACACCGTGCTGCAGACCTCTGCTGACTTTATTGACGCTCTGAAGAAAGCaCGAtTTATAGCCAGTAATGTCACCGAAACCATGGGCATTAACGGCAGTGCCTACCGAGTATTTCCTTACAGGTAAAGCCTGCCCTTTTTCAATGGGGTTTACCCAGCAAAGGGCCTACACTGGGTGGGAGTGGGGAGGGTTCCCTTGGCAAGATGCTGATTTTCAGGTTGGGTTCTGGCCCCTGCTCCATT,70.11020183563232,30
3,4,1,GGG,(-),T>G,ATCTTGTGGAAAGGACGAGGTACCG,GACATTACTGGCTATAAGTC,GTTTCGAGACGGCAATAGTACGTCTCGGTGC,TCTGAAGAAAGCACGCC,TTATAGCCAGTAA,CGCGGTTCTATCTAGTTACGCGTTA,GACATTACTGGCTATAAGTCGTTTCGAGACGGCAATAGTACGTCTCGGTGCTCTGAAGAAAGCACGCCTTATAGCCAGTAA,GACATTACTGGCTATAAGTCGTTTCAGAGCTATGCTGGAAACAGCATAGCAAGTTGAAATAAGGCTAGTCCGTTATCAACTTGAAAAAGTGGCACCGAGTCGGTGCTCTGAAGAAAGCACGCCTTATAGCCAGTAA,81,136,TACAGCTGGGTCTGACCTCTGAGTCCAGGGTCAGGTGATTTTGCTTAGCCTCAAGTGCTCAGATTCTGCTGATATTTTGCAAGACCTGGACTCTCTTGACACCCAGGATTCTTTCCTCAGGGGACATGCTGCCTATAGTTCTGCAGTTAACATCCTCCTTGGCCATGGCACCAGGGTCGGAGCCACGTACTTCATGACCTACCACACCGTGCTGCAGACCTCTGCTGACTTTATTGACGCTCTGAAGAAAGCaCGcCTTATAGCCAGTAATGTCACCGAAACCATGGGCATTAACGGCAGTGCCTACCGAGTATTTCCTTACAGGTAAAGCCTGCCCTTTTTCAATGGGGTTTACCCAGCAAAGGGCCTACACTGGGTGGGAGTGGGGAGGGTTCCCTTGGCAAGATGCTGATTTTCAGGTTGGGTTCTGGCCCCTGCTCCATT,70.1593667268753,30
3,4,1,GGG,(-),T>A,ATCTTGTGGAAAGGACGAGGTACCG,GACATTACTGGCTATAAGTC,GTTTCGAGACGAACGGTCGTCGTCTCGGTGC,TCTGAAGAAAGCACGTC,TTATAGCCAGTAA,CGCGGTTCTATCTAGTTACGCGTTA,GACATTACTGGCTATAAGTCGTTTCGAGACGAACGGTCGTCGTCTCGGTGCTCTGAAGAAAGCACGTCTTATAGCCAGTAA,GACATTACTGGCTATAAGTCGTTTCAGAGCTATGCTGGAAACAGCATAGCAAGTTGAAATAAGGCTAGTCCGTTATCAACTTGAAAAAGTGGCACCGAGTCGGTGCTCTGAAGAAAGCACGTCTTATAGCCAGTAA,81,136,TACAGCTGGGTCTGACCTCTGAGTCCAGGGTCAGGTGATTTTGCTTAGCCTCAAGTGCTCAGATTCTGCTGATATTTTGCAAGACCTGGACTCTCTTGACACCCAGGATTCTTTCCTCAGGGGACATGCTGCCTATAGTTCTGCAGTTAACATCCTCCTTGGCCATGGCACCAGGGTCGGAGCCACGTACTTCATGACCTACCACACCGTGCTGCAGACCTCTGCTGACTTTATTGACGCTCTGAAGAAAGCaCGtCTTATAGCCAGTAATGTCACCGAAACCATGGGCATTAACGGCAGTGCCTACCGAGTATTTCCTTACAGGTAAAGCCTGCCCTTTTTCAATGGGGTTTACCCAGCAAAGGGCCTACACTGGGTGGGAGTGGGGAGGGTTCCCTTGGCAAGATGCTGATTTTCAGGTTGGGTTCTGGCCCCTGCTCCATT,72.57647812366486,30
3,4,2,GGG,(-),G>C,ATCTTGTGGAAAGGACGAGGTACCG,GACATTACTGGCTATAAGTC,GTTTCGAGACGTCATTGCACCGTCTCGGTGC,GAAGAAAGCACGAG,TTATAGCCAGTAA,CGCGGTTCTATCTAGTTACGCGTTA,GACATTACTGGCTATAAGTCGTTTCGAGACGTCATTGCACCGTCTCGGTGCGAAGAAAGCACGAGTTATAGCCAGTAA,GACATTACTGGCTATAAGTCGTTTCAGAGCTATGCTGGAAACAGCATAGCAAGTTGAAATAAGGCTAGTCCGTTATCAACTTGAAAAAGTGGCACCGAGTCGGTGCGAAGAAAGCACGAGTTATAGCCAGTAA,78,133,TACAGCTGGGTCTGACCTCTGAGTCCAGGGTCAGGTGATTTTGCTTAGCCTCAAGTGCTCAGATTCTGCTGATATTTTGCAAGACCTGGACTCTCTTGACACCCAGGATTCTTTCCTCAGGGGACATGCTGCCTATAGTTCTGCAGTTAACATCCTCCTTGGCCATGGCACCAGGGTCGGAGCCACGTACTTCATGACCTACCACACCGTGCTGCAGACCTCTGCTGACTTTATTGACGCTCTGAAGAAAGCaCGAgTTATAGCCAGTAATGTCACCGAAACCATGGGCATTAACGGCAGTGCCTACCGAGTATTTCCTTACAGGTAAAGCCTGCCCTTTTTCAATGGGGTTTACCCAGCAAAGGGCCTACACTGGGTGGGAGTGGGGAGGGTTCCCTTGGCAAGATGCTGATTTTCAGGTTGGGTTCTGGCCCCTGCTCCATT,74.44439232349396,33
1,4,2,GGG,(-),G>T,ATCTTGTGGAAAGGACGAGGTACCG,GACATTACTGGCTATAAGTC,GTTTCGAGACGAAAGCTCCTCGTCTCGGTGC,TCTGAAGTGAGCACGAC,TTATAGCCAGTAAT,CGCGGTTCTATCTAGTTACGCGTTA,GACATTACTGGCTATAAGTCGTTTCGAGACGAAAGCTCCTCGTCTCGGTGCTCTGAAGTGAGCACGACTTATAGCCAGTAAT,GACATTACTGGCTATAAGTCGTTTCAGAGCTATGCTGGAAACAGCATAGCAAGTTGAAATAAGGCTAGTCCGTTATCAACTTGAAAAAGTGGCACCGAGTCGGTGCTCTGAAGTGAGCACGACTTATAGCCAGTAAT,82,137,TACAGCTGGGTCTGACCTCTGAGTCCAGGGTCAGGTGATTTTGCTTAGCCTCAAGTGCTCAGATTCTGCTGATATTTTGCAAGACCTGGACTCTCTTGACACCCAGGATTCTTTCCTCAGGGGACATGCTGCCTATAGTTCTGCAGTTAACATCCTCCTTGGCCATGGCACCAGGGTCGGAGCCACGTACTTCATGACCTACCACACCGTGCTGCAGACCTC-GCTGACTTTATTGACGCTCTGAAGAAAGCCCGACTTATAGCCAGTAATGTCACCGAAACCATGGGCATTAACGGCAGTGCCTACCGAGTATTTCCTTACAGGTAAAGCCTGCCCTTTTTCAATGGGGTTTACCCAGCAAAGGGCCTACACTGGGTGGGAGTGGGGAGGGTTCCCTTGGCAAGATGCTGATTTTCAGGTTGGGTTCTGGCCCCTGCTCCATT,76.18934214115143,30
1,4,2,GGG,(-),G>T,ATCTTGTGGAAAGGACGAGGTACCG,GACATTACTGGCTATAAGTC,GTTTCGAGACGGTGCCGTCCCGTCTCGGTGC,TCTGAAGAAGCCCGAC,TTATAGCCAGTAAT,CGCGGTTCTATCTAGTTACGCGTTA,GACATTACTGGCTATAAGTCGTTTCGAGACGGTGCCGTCCCGTCTCGGTGCTCTGAAGAAGCCCGACTTATAGCCAGTAAT,GACATTACTGGCTATAAGTCGTTTCAGAGCTATGCTGGAAACAGCATAGCAAGTTGAAATAAGGCTAGTCCGTTATCAACTTGAAAAAGTGGCACCGAGTCGGTGCTCTGAAGAAGCCCGACTTATAGCCAGTAAT,81,136,TACAGCTGGGTCTGACCTCTGAGTCCAGGGTCAGGTGATTTTGCTTAGCCTCAAGTGCTCAGATTCTGCTGATATTTTGCAAGACCTGGACTCTCTTGACACCCAGGATTCTTTCCTCAGGGGACATGCTGCCTATAGTTCTGCAGTTAACATCCTCCTTGGCCATGGCACCAGGGTCGGAGCCACGTACTTCATGACCTACCACACCGTGCTGCAGACCTC-GCTGACTTTATTGACGCTCTGAAGAAAGCCCGACTTATAGCCAGTAATGTCACCGAAACCATGGGCATTAACGGCAGTGCCTACCGAGTATTTCCTTACAGGTAAAGCCTGCCCTTTTTCAATGGGGTTTACCCAGCAAAGGGCCTACACTGGGTGGGAGTGGGGAGGGTTCCCTTGGCAAGATGCTGATTTTCAGGTTGGGTTCTGGCCCCTGCTCCATT,76.18934214115143,30
